source_year,title,author,average_rating,ratings_count,reviews_count,description,genres,pages,publisher,book_url,image_url,source
1900,The Lost World,Arthur Conan Doyle,4.0454545,44,0,"The Lost World Arthur Conan Doyle Adventure stories, Atlantis, Dinosaurs, Discovery and exploration, English Detective and mystery stories, Fiction, Fiction in French, Prehistoric peoples, Professor Challenger (Fictitious character), Scientific expeditions Babblebooks, Sound Room Publishers, Incorporated, Blurb, Chicago Review Press, Incorporated, Dover Publications, Incorporated","Adventure stories, Atlantis, Dinosaurs, Discovery and exploration, English Detective and mystery stories, Fiction, Fiction in French, Prehistoric peoples, Professor Challenger (Fictitious character), Scientific expeditions",,"Babblebooks, Sound Room Publishers, Incorporated, Blurb, Chicago Review Press, Incorporated, Dover Publications, Incorporated",https://openlibrary.org/works/OL262460W,https://covers.openlibrary.org/b/id/8231444-M.jpg,Open Library API
1900,The Clan of the Cave Bear,Jean M. Auel,4.0547943,73,0,"The Clan of the Cave Bear Jean M. Auel Neanderthals, shamanism, sign language, taboos, prehistoric fiction, epic, epic fiction, prehistoric man, epic literature, historical fiction Brilliance Audio on MP3-CD Lib Ed, Wolfgang Kruger Verlag, Guild Publishing, Vergara Editor S.A., Crown Publishers","Neanderthals, shamanism, sign language, taboos, prehistoric fiction, epic, epic fiction, prehistoric man, epic literature, historical fiction",,"Brilliance Audio on MP3-CD Lib Ed, Wolfgang Kruger Verlag, Guild Publishing, Vergara Editor S.A., Crown Publishers",https://openlibrary.org/works/OL2746369W,https://covers.openlibrary.org/b/id/12529015-M.jpg,Open Library API
1900,No country for old men,Cormac McCarthy,4.111111,36,0,"No country for old men Cormac McCarthy Fiction, Drug traffic, Sheriffs, Treasure-trove, Treasure troves, Suspense fiction, Literature, Psychological fiction, Fiction, suspense, Fiction, psychological GPO ED RANDOM HOUSE MONDADORI, MacMillan, Brand: Random House Inc., BBC Audiobooks Ltd, Literatura Random House","Fiction, Drug traffic, Sheriffs, Treasure-trove, Treasure troves, Suspense fiction, Literature, Psychological fiction, Fiction, suspense, Fiction, psychological",,"GPO ED RANDOM HOUSE MONDADORI, MacMillan, Brand: Random House Inc., BBC Audiobooks Ltd, Literatura Random House",https://openlibrary.org/works/OL40875W,https://covers.openlibrary.org/b/id/9296899-M.jpg,Open Library API
1900,The Prophet,Kahlil Gibran,4.321429,56,0,"The Prophet Kahlil Gibran Poetry, Classics, Literature & Fiction, Religion Patmos-Verlag, Patmos, Ballantine Books, Pmapublishing.com, Peter Pauper Press Inc.","Poetry, Classics, Literature & Fiction, Religion",,"Patmos-Verlag, Patmos, Ballantine Books, Pmapublishing.com, Peter Pauper Press Inc.",https://openlibrary.org/works/OL318900W,https://covers.openlibrary.org/b/id/418324-M.jpg,Open Library API
1900,The Railway Children,Edith Nesbit,3.9655173,29,0,"The Railway Children Edith Nesbit Brothers and sisters, Children's stories, Classic Literature, Country life, Family, Family life, Fiction, History, Juvenile Literature, Juvenile fiction HV Publishign, a division of Homepage Ventures, Limited, Penguin Puffin Books, Creative Media Partners, LLC, Isis Large Print Books, Pearson Education, Limited","Brothers and sisters, Children's stories, Classic Literature, Country life, Family, Family life, Fiction, History, Juvenile Literature, Juvenile fiction",,"HV Publishign, a division of Homepage Ventures, Limited, Penguin Puffin Books, Creative Media Partners, LLC, Isis Large Print Books, Pearson Education, Limited",https://openlibrary.org/works/OL99509W,https://covers.openlibrary.org/b/id/13241123-M.jpg,Open Library API
1900,The Scarlet Pimpernel,Emma Orczy,4.25,28,0,"The Scarlet Pimpernel Emma Orczy Classic Literature, Adventure and adventurers, Open Library Staff Picks, British, Fiction, Text-books for foreigners, English language, Historical Fiction, Sir Blakeney, Percy (Fictitious character), Refugees Peter Smith Publisher Inc, Bantam Classics, American Guidance Service, Musson Books, IndyPublish","Classic Literature, Adventure and adventurers, Open Library Staff Picks, British, Fiction, Text-books for foreigners, English language, Historical Fiction, Sir Blakeney, Percy (Fictitious character), Refugees",,"Peter Smith Publisher Inc, Bantam Classics, American Guidance Service, Musson Books, IndyPublish",https://openlibrary.org/works/OL1253285W,https://covers.openlibrary.org/b/id/479102-M.jpg,Open Library API
1900,The food of the gods and how it came to earth,H. G. Wells,3.7777777,18,0,"The food of the gods and how it came to earth H. G. Wells Fiction, Giants, Growth factors, Food supply, Science fiction, Agriculture, Experimentation, Fiction, science fiction, general, British and irish fiction (fictional works by one author), Scientists American Guidance Service, C. Scribner's Sons, Collins Classics, Gollancz, Macmillan and Co., Limited","Fiction, Giants, Growth factors, Food supply, Science fiction, Agriculture, Experimentation, Fiction, science fiction, general, British and irish fiction (fictional works by one author), Scientists",,"American Guidance Service, C. Scribner's Sons, Collins Classics, Gollancz, Macmillan and Co., Limited",https://openlibrary.org/works/OL52195W,https://covers.openlibrary.org/b/id/314687-M.jpg,Open Library API
1900,Semilla del Diablo,Ira Levin,4.0,22,0,"Semilla del Diablo Ira Levin Fiction, horror, Fiction, Satanism, Occult fiction, Apartment houses, Pregnant women, Horror tales, spirit posession, Gothic-Revival, Luther Dell Publishing, Laffont, Pan, Random House, Editions J'ai Lu","Fiction, horror, Fiction, Satanism, Occult fiction, Apartment houses, Pregnant women, Horror tales, spirit posession, Gothic-Revival, Luther",,"Dell Publishing, Laffont, Pan, Random House, Editions J'ai Lu",https://openlibrary.org/works/OL21747086W,https://covers.openlibrary.org/b/id/15054795-M.jpg,Open Library API
1900,The Hound of the Baskervilles,Arthur Conan Doyle,4.016667,60,0,"The Hound of the Baskervilles Arthur Conan Doyle crime novel, English Civil War, mires, tors, tombs, Dogs, England, fiction, Watson, john h. (fictitious character), fiction, British and irish fiction (fictional works by one author), Fiction, mystery & detective, traditional Marti Yayinlari, Zeplin Kitap, Leopard, Saddleback Educational Publishing, Incorporated, F. Nathan","crime novel, English Civil War, mires, tors, tombs, Dogs, England, fiction, Watson, john h. (fictitious character), fiction, British and irish fiction (fictional works by one author), Fiction, mystery & detective, traditional",,"Marti Yayinlari, Zeplin Kitap, Leopard, Saddleback Educational Publishing, Incorporated, F. Nathan",https://openlibrary.org/works/OL262454W,https://covers.openlibrary.org/b/id/8063264-M.jpg,Open Library API
1900,The Classic Tale of the Velveteen Rabbit,Margery Williams Bianco,4.125,40,0,"The Classic Tale of the Velveteen Rabbit Margery Williams Bianco Toys, Fiction, Children's fiction, Toys, fiction, Gift books, Animals, fiction, Rabbits, fiction, Rabbits, Stuffed animals (Toys), Juvenile fiction Nosy Crow Ltd, Joe Books Inc., Independently Published, GiGi Books, LLC, Heinemann","Toys, Fiction, Children's fiction, Toys, fiction, Gift books, Animals, fiction, Rabbits, fiction, Rabbits, Stuffed animals (Toys), Juvenile fiction",,"Nosy Crow Ltd, Joe Books Inc., Independently Published, GiGi Books, LLC, Heinemann",https://openlibrary.org/works/OL274433W,https://covers.openlibrary.org/b/id/11738076-M.jpg,Open Library API
1901,Kim,Rudyard Kipling,3.7222223,18,0,"Kim Rudyard Kipling Fiction, Irish, Lamas, Irish in fiction, Orphans, Boys in fiction, Boys, Lamas in fiction, Orphans in fiction, India in fiction North Books, Cover to Cover Cassettes Ltd, Xist Publishing, Penguin Books, Limited, Alex Catalogue","Fiction, Irish, Lamas, Irish in fiction, Orphans, Boys in fiction, Boys, Lamas in fiction, Orphans in fiction, India in fiction",,"North Books, Cover to Cover Cassettes Ltd, Xist Publishing, Penguin Books, Limited, Alex Catalogue",https://openlibrary.org/works/OL19908W,https://covers.openlibrary.org/b/id/1053011-M.jpg,Open Library API
1901,Number the Stars,Lois Lowry,4.173077,104,0,"Number the Stars Lois Lowry Fiction, Friendship, Rescue, World War, 1939-1945, Jews, Juvenile fiction, Girls & Women, Newbery Medal, Holocaust, World War (1939-1945) fast (OCoLC)fst01180924 Planetalector, Educational Impressions, Klett Sprachen GmbH, Dell Pub., Espasa Calpe","Fiction, Friendship, Rescue, World War, 1939-1945, Jews, Juvenile fiction, Girls & Women, Newbery Medal, Holocaust, World War (1939-1945) fast (OCoLC)fst01180924",,"Planetalector, Educational Impressions, Klett Sprachen GmbH, Dell Pub., Espasa Calpe",https://openlibrary.org/works/OL1846074W,https://covers.openlibrary.org/b/id/13249599-M.jpg,Open Library API
1901,The Bad Place,Dean Koontz,3.857143,14,0,"The Bad Place Dean Koontz Private investigators, Murder, Amnesia, Psychokinesis, Fugue (Psychology), Fiction, Fiction, horror, Brothers and sisters, fiction, Crime, fiction, Brothers and sisters BCA, Thorndike-Magna, Brilliance Corp., HEADLINE (HODD), Vergara Editor S.A.","Private investigators, Murder, Amnesia, Psychokinesis, Fugue (Psychology), Fiction, Fiction, horror, Brothers and sisters, fiction, Crime, fiction, Brothers and sisters",,"BCA, Thorndike-Magna, Brilliance Corp., HEADLINE (HODD), Vergara Editor S.A.",https://openlibrary.org/works/OL263256W,https://covers.openlibrary.org/b/id/6380577-M.jpg,Open Library API
1901,The Violet Fairy Book (Large Print),Andrew Lang,4.0,8,0,"The Violet Fairy Book (Large Print) Andrew Lang Fairy tales, Children's fiction, Fiction, fantasy, general West Margin Press, Echo Library, Blurb, DAVID MCKAY COMPANY, INC., New West Press","Fairy tales, Children's fiction, Fiction, fantasy, general",,"West Margin Press, Echo Library, Blurb, DAVID MCKAY COMPANY, INC., New West Press",https://openlibrary.org/works/OL1088883W,https://covers.openlibrary.org/b/id/12014563-M.jpg,Open Library API
1901,The Prestige,Christopher Priest,3.625,8,0,"The Prestige Christopher Priest Magicians, Journalists, Fiction, Fiction, general, England, fiction, Journalists, fiction, Fiction, horror, Music-halls, History, Music halls Orion Books, Gollancz, Orion Publishing Group, Limited, St. Martin's Press, Tor Books","Magicians, Journalists, Fiction, Fiction, general, England, fiction, Journalists, fiction, Fiction, horror, Music-halls, History, Music halls",,"Orion Books, Gollancz, Orion Publishing Group, Limited, St. Martin's Press, Tor Books",https://openlibrary.org/works/OL166497W,https://covers.openlibrary.org/b/id/3850762-M.jpg,Open Library API
1901,The Wouldbegoods,Edith Nesbit,3.0,1,0,"The Wouldbegoods Edith Nesbit Classic Literature, Fiction, Juvenile Literature, Children's fiction, Adventure and adventurers, fiction, Country life, Juvenile fiction, Children's stories, Er tong wen xue, Chang pian xiao shuo Start Publishing LLC, Liese. Outside The Box, Andreas, Harper & Brothers Publishers, Tandem Library, Book Jungle","Classic Literature, Fiction, Juvenile Literature, Children's fiction, Adventure and adventurers, fiction, Country life, Juvenile fiction, Children's stories, Er tong wen xue, Chang pian xiao shuo",,"Start Publishing LLC, Liese. Outside The Box, Andreas, Harper & Brothers Publishers, Tandem Library, Book Jungle",https://openlibrary.org/works/OL99543W,https://covers.openlibrary.org/b/id/8243273-M.jpg,Open Library API
1901,The Purple Cloud,"M. P. Shiel, J. J. Cameron, Brian Stableford",3.0,2,0,"The Purple Cloud M. P. Shiel, J. J. Cameron, Brian Stableford Classic Literature, End of the world, Fiction, Natural disasters, Science Fiction, Fiction, science fiction, general, Fiction, action & adventure, Arctic regions, fiction, Fiction in English, Fiction, horror Start Publishing LLC, Aberdeen Press, Borgo Press, Warner, Penguin Books, Limited","Classic Literature, End of the world, Fiction, Natural disasters, Science Fiction, Fiction, science fiction, general, Fiction, action & adventure, Arctic regions, fiction, Fiction in English, Fiction, horror",,"Start Publishing LLC, Aberdeen Press, Borgo Press, Warner, Penguin Books, Limited",https://openlibrary.org/works/OL6414317W,https://covers.openlibrary.org/b/id/574739-M.jpg,Open Library API
1901,The four feathers,A. E. W. Mason,3.0,2,0,"The four feathers A. E. W. Mason Cowardice, Male friendship, Open Library Staff Picks, British, Fiction, Soldiers, Classic Literature, Fiction, mystery & detective, general, Fiction, political, Fiction, war & military Grosset & Dunlap, West Margin Press, Carroll & Graf Publishers, IndyPublish, Hart Publishing Co.","Cowardice, Male friendship, Open Library Staff Picks, British, Fiction, Soldiers, Classic Literature, Fiction, mystery & detective, general, Fiction, political, Fiction, war & military",,"Grosset & Dunlap, West Margin Press, Carroll & Graf Publishers, IndyPublish, Hart Publishing Co.",https://openlibrary.org/works/OL532451W,https://covers.openlibrary.org/b/id/109751-M.jpg,Open Library API
1901,Tahreer ka sehar,H. Rider Haggard,4.0,1,0,"Tahreer ka sehar H. Rider Haggard Fiction, History, Fiction, historical, general, Jerusalem, fiction, Fiction, general Amereon Ltd, Collection Books, Franklin Classics Trade Press, Kensington Pub Corp (Mm), Longmans, Green, and Co.","Fiction, History, Fiction, historical, general, Jerusalem, fiction, Fiction, general",,"Amereon Ltd, Collection Books, Franklin Classics Trade Press, Kensington Pub Corp (Mm), Longmans, Green, and Co.",https://openlibrary.org/works/OL17454W,https://covers.openlibrary.org/b/id/954728-M.jpg,Open Library API
1901,The Fixer,Bernard Malamud,5.0,1,0,"The Fixer Bernard Malamud Fiction, Trials (Murder), Jews, Antisemitism, False testimony, National Book Award Winner, award:national_book_award=1967, award:national_book_award=fiction, CHR 1966, Literature Dell Publishing, Chatto & Windus, Penguin Classics, Mladinska Knjiga, Washington Square Press","Fiction, Trials (Murder), Jews, Antisemitism, False testimony, National Book Award Winner, award:national_book_award=1967, award:national_book_award=fiction, CHR 1966, Literature",,"Dell Publishing, Chatto & Windus, Penguin Classics, Mladinska Knjiga, Washington Square Press",https://openlibrary.org/works/OL1937854W,https://covers.openlibrary.org/b/id/225215-M.jpg,Open Library API
1902,Dance Upon the Air,Nora Roberts,3.9230769,13,0,"Dance Upon the Air Nora Roberts Islas, Brujas, Novela oculta, Mujeres, Abused wives, Massachusetts in fiction, Abused wives in fiction, Women in fiction, Fiction, Open Library Staff Picks Brilliance Audio on MP3-CD, G.K. Hall, Brilliance Audio on MP3-CD Lib Ed, Nova Audio Books, Don't know","Islas, Brujas, Novela oculta, Mujeres, Abused wives, Massachusetts in fiction, Abused wives in fiction, Women in fiction, Fiction, Open Library Staff Picks",,"Brilliance Audio on MP3-CD, G.K. Hall, Brilliance Audio on MP3-CD Lib Ed, Nova Audio Books, Don't know",https://openlibrary.org/works/OL111597W,https://covers.openlibrary.org/b/id/1464182-M.jpg,Open Library API
1902,The Jewel of Seven Stars,Bram Stoker,4.5,6,0,"The Jewel of Seven Stars Bram Stoker Mummies, Horror, Fiction, Archaeologists, Classic Literature, Thriller, Fiction, horror, Archaeologists, fiction, British and irish fiction (fictional works by one author), History Creative Media Partners, LLC, Independently Published, Independently published, Bollinger, Max, Lulu Press, Inc.","Mummies, Horror, Fiction, Archaeologists, Classic Literature, Thriller, Fiction, horror, Archaeologists, fiction, British and irish fiction (fictional works by one author), History",,"Creative Media Partners, LLC, Independently Published, Independently published, Bollinger, Max, Lulu Press, Inc.",https://openlibrary.org/works/OL85891W,https://covers.openlibrary.org/b/id/2760301-M.jpg,Open Library API
1902,The Complete Life and Adventures of Santa Claus,L. Frank Baum,4.25,4,0,"The Complete Life and Adventures of Santa Claus L. Frank Baum Fantasy, Fiction, Juvenile Fiction, Science Fiction & Fantasy, Classic Literature, Christmas stories, Christmas, Santa Claus, Children: Kindergarten, Children's fiction Portland House, Notion Press, 1st World Library, Signet Classics, Creative Media Partners, LLC","Fantasy, Fiction, Juvenile Fiction, Science Fiction & Fantasy, Classic Literature, Christmas stories, Christmas, Santa Claus, Children: Kindergarten, Children's fiction",,"Portland House, Notion Press, 1st World Library, Signet Classics, Creative Media Partners, LLC",https://openlibrary.org/works/OL262358W,https://covers.openlibrary.org/b/id/1979059-M.jpg,Open Library API
1902,Noli Me Tangere,José Rizal,4.4,10,0,"Noli Me Tangere José Rizal Economics, Classic Literature, Fiction, Fiction, historical, general, Philippines, fiction, Fiction, humorous, general, Man-woman relationships, fiction, History, Translations into English, Fiction, general Círculo de Lectores, Manila Filatelica, Franklin Classics, National Historical Institute, Arkose Press","Economics, Classic Literature, Fiction, Fiction, historical, general, Philippines, fiction, Fiction, humorous, general, Man-woman relationships, fiction, History, Translations into English, Fiction, general",,"Círculo de Lectores, Manila Filatelica, Franklin Classics, National Historical Institute, Arkose Press",https://openlibrary.org/works/OL1622789W,https://covers.openlibrary.org/b/id/5738053-M.jpg,Open Library API
1902,The Wings of the Dove,Henry James,3.5,2,0,"The Wings of the Dove Henry James Fiction, Americans in fiction, Americans, Triangles (Interpersonal relations), Terminally ill, Young women in fiction, Young women, Terminally ill in fiction, Social life and customs, Classic Literature New American Library, Signet Classics, Charles Scribner's Sons, Penguin Classics, Merrill","Fiction, Americans in fiction, Americans, Triangles (Interpersonal relations), Terminally ill, Young women in fiction, Young women, Terminally ill in fiction, Social life and customs, Classic Literature",,"New American Library, Signet Classics, Charles Scribner's Sons, Penguin Classics, Merrill",https://openlibrary.org/works/OL276397W,https://covers.openlibrary.org/b/id/8241379-M.jpg,Open Library API
1902,Brewster's millions,George Barr McCutcheon,4.0,5,0,"Brewster's millions George Barr McCutcheon Fiction, Millionaires, Inheritance and succession in fiction, Millionaires in fiction, Inheritance and succession, Young men, Young men in fiction, Fiction, humorous, general, Fiction, coming of age, Large type books Xist Publishing, Literary Licensing, LLC, Indiana University Press, TREDITION CLASSICS, Lightyear Pr","Fiction, Millionaires, Inheritance and succession in fiction, Millionaires in fiction, Inheritance and succession, Young men, Young men in fiction, Fiction, humorous, general, Fiction, coming of age, Large type books",,"Xist Publishing, Literary Licensing, LLC, Indiana University Press, TREDITION CLASSICS, Lightyear Pr",https://openlibrary.org/works/OL24259W,https://covers.openlibrary.org/b/id/1152919-M.jpg,Open Library API
1902,Typhoon,Joseph Conrad,4.6666665,6,0,"Typhoon Joseph Conrad English Sea stories, Classic Literature, Fiction, Historical Fiction, Typhoons, Ocean travel, British and irish fiction (fictional works by one author) IndyPublish, YOYO USA, Paperbackshop.Co.UK Ltd - Echo Library, NuVision Publications, Autrement","English Sea stories, Classic Literature, Fiction, Historical Fiction, Typhoons, Ocean travel, British and irish fiction (fictional works by one author)",,"IndyPublish, YOYO USA, Paperbackshop.Co.UK Ltd - Echo Library, NuVision Publications, Autrement",https://openlibrary.org/works/OL38876W,https://covers.openlibrary.org/b/id/1979349-M.jpg,Open Library API
1902,L'immoraliste,André Gide,2.7142856,7,0,"L'immoraliste André Gide French language, Readers, Textbooks for foreign speakers, French fiction, Translations into English, Gay men, Fiction, French literature, Disease in literature, Tuberculosis Jdh Editions, Vintage Books, Gallimard], Cátedra, Folio","French language, Readers, Textbooks for foreign speakers, French fiction, Translations into English, Gay men, Fiction, French literature, Disease in literature, Tuberculosis",,"Jdh Editions, Vintage Books, Gallimard], Cátedra, Folio",https://openlibrary.org/works/OL631007W,https://covers.openlibrary.org/b/id/313741-M.jpg,Open Library API
1902,The Grand Babylon Hotel,Arnold Bennett,4.0,1,0,"The Grand Babylon Hotel Arnold Bennett Classic Literature, Fiction, Fiction, mystery & detective, general, London (england), fiction, Fiction, general, Hotels, Hotelkeepers, Cosmopolitanism, British and irish fiction (fictional works by one author), London (England) -- Fiction Chatto & Windus, Penguin Classics, Classic Books, Echo Library, Standard Ebooks","Classic Literature, Fiction, Fiction, mystery & detective, general, London (england), fiction, Fiction, general, Hotels, Hotelkeepers, Cosmopolitanism, British and irish fiction (fictional works by one author), London (England) -- Fiction",,"Chatto & Windus, Penguin Classics, Classic Books, Echo Library, Standard Ebooks",https://openlibrary.org/works/OL109153W,https://covers.openlibrary.org/b/id/6132684-M.jpg,Open Library API
1903,The Call of the Wild,Jack London,3.949367,79,0,"The Call of the Wild Jack London Gold discoveries, Bienestar, Lobos, Descubrimiento de oro, Crítica e interpretación, American Nature stories, Cartoons and comics, Feral dogs, Robo de mascotas, Pet theft Xi dai shu ban gu fen you xian gong si, Nelson-Hall, Synchronista LLC, Saddleback Educational Publishing, Incorporated, Bohlin & Co.","Gold discoveries, Bienestar, Lobos, Descubrimiento de oro, Crítica e interpretación, American Nature stories, Cartoons and comics, Feral dogs, Robo de mascotas, Pet theft",,"Xi dai shu ban gu fen you xian gong si, Nelson-Hall, Synchronista LLC, Saddleback Educational Publishing, Incorporated, Bohlin & Co.",https://openlibrary.org/works/OL14942956W,https://covers.openlibrary.org/b/id/12393037-M.jpg,Open Library API
1903,The Phoenix and the Carpet,Edith Nesbit,3.1,10,0,"The Phoenix and the Carpet Edith Nesbit English Fantasy fiction, Magic, Brothers and sisters, Juvenile fiction, Great Britain in fiction, Magic in fiction, Fiction, Brothers and sisters in fiction, Phoenix (Mythical bird), Mythical Animals Wordsworth Editions Ltd, Little, Brown Book Group Limited, Wordsworth Classics, Cecilie Dressler, West Margin Press","English Fantasy fiction, Magic, Brothers and sisters, Juvenile fiction, Great Britain in fiction, Magic in fiction, Fiction, Brothers and sisters in fiction, Phoenix (Mythical bird), Mythical Animals",,"Wordsworth Editions Ltd, Little, Brown Book Group Limited, Wordsworth Classics, Cecilie Dressler, West Margin Press",https://openlibrary.org/works/OL99539W,https://covers.openlibrary.org/b/id/902122-M.jpg,Open Library API
1903,The Return of Sherlock Holmes,Arthur Conan Doyle,4.2727275,33,0,"The Return of Sherlock Holmes Arthur Conan Doyle air guns, Americans, anise, anonymity, attempted murder, baritsu, blackmail, broughams, burglary, busts The Sun Dial Press, Alianza Editorial Sa, Schocken Books, Claridad, MAXTOR","air guns, Americans, anise, anonymity, attempted murder, baritsu, blackmail, broughams, burglary, busts",,"The Sun Dial Press, Alianza Editorial Sa, Schocken Books, Claridad, MAXTOR",https://openlibrary.org/works/OL262477W,https://covers.openlibrary.org/b/id/9246467-M.jpg,Open Library API
1903,The Riddle of the Sands,Erskine Childers,3.75,4,0,"The Riddle of the Sands Erskine Childers Great britain, fiction, Fiction, action & adventure, Fiction, thrillers, espionage, Fiction, alternative history, Fiction, sea stories, Large type books, Fiction, Invasions, History, Secret service Sidgwick & Jackson, ReadaClassic.com, Penguin Books, Limited, Charles E. Lauriat Company, Sidgwick & Jackson in association with New English Library","Great britain, fiction, Fiction, action & adventure, Fiction, thrillers, espionage, Fiction, alternative history, Fiction, sea stories, Large type books, Fiction, Invasions, History, Secret service",,"Sidgwick & Jackson, ReadaClassic.com, Penguin Books, Limited, Charles E. Lauriat Company, Sidgwick & Jackson in association with New English Library",https://openlibrary.org/works/OL23797W,https://covers.openlibrary.org/b/id/2293974-M.jpg,Open Library API
1903,The Tale of Squirrel Nutkin,"Beatrix Potter, Wendy Rasmussen, H y Xiao Phd",3.7777777,9,0,"The Tale of Squirrel Nutkin Beatrix Potter, Wendy Rasmussen, H y Xiao Phd Squirrels, Fiction, Children's fiction, Squirrels, fiction, Juvenile fiction, Rabbits, Owls, Animals, Rabbits, fiction, Forests and forestry, fiction Child's World, Incorporated, The, Pavilion Press, Frederick Warne in association with Gallimard, Penguin Group, French & European Pubns","Squirrels, Fiction, Children's fiction, Squirrels, fiction, Juvenile fiction, Rabbits, Owls, Animals, Rabbits, fiction, Forests and forestry, fiction",,"Child's World, Incorporated, The, Pavilion Press, Frederick Warne in association with Gallimard, Penguin Group, French & European Pubns",https://openlibrary.org/works/OL8393099W,https://covers.openlibrary.org/b/id/10028056-M.jpg,Open Library API
1903,The Ambassadors,Henry James,4.25,8,0,"The Ambassadors Henry James Man-woman relationships, Fiction, Romance, Americans, Historical Fiction, Young men, Classic Literature, Ambassadors (James, Henry), James, henry, 1843-1916, American fiction (fictional works by one author) Dent Dutton, Harvard University Press, J M Dent & Sons Ltd, Houghton Mifflin, HERON BOOKS","Man-woman relationships, Fiction, Romance, Americans, Historical Fiction, Young men, Classic Literature, Ambassadors (James, Henry), James, henry, 1843-1916, American fiction (fictional works by one author)",,"Dent Dutton, Harvard University Press, J M Dent & Sons Ltd, Houghton Mifflin, HERON BOOKS",https://openlibrary.org/works/OL276470W,https://covers.openlibrary.org/b/id/313610-M.jpg,Open Library API
1903,The Tailor of Gloucester,"Beatrix Potter, H y Xiao Phd",4.0,5,0,"The Tailor of Gloucester Beatrix Potter, H y Xiao Phd Cats, Children's stories, English, Christmas, Christmas stories, Ficción juvenil, Fiction, Juvenile fiction, Mice, Ratones, Tailors Debate, Franklin Classics, Frederick Warne & Co., Ltd, Little Simon, Colour Library Direct","Cats, Children's stories, English, Christmas, Christmas stories, Ficción juvenil, Fiction, Juvenile fiction, Mice, Ratones, Tailors",,"Debate, Franklin Classics, Frederick Warne & Co., Ltd, Little Simon, Colour Library Direct",https://openlibrary.org/works/OL108770W,https://covers.openlibrary.org/b/id/459377-M.jpg,Open Library API
1903,The Enchanted Island of Yew,L. Frank Baum,4.0,1,0,"The Enchanted Island of Yew L. Frank Baum Fantasy, Fiction, Juvenile Fiction, Classic Literature, Children's fiction, Fantasy fiction, Adventure stories BiblioBazaar, Independently Published, Wonder Publishing, Books of Wonder, eBooksLib","Fantasy, Fiction, Juvenile Fiction, Classic Literature, Children's fiction, Fantasy fiction, Adventure stories",,"BiblioBazaar, Independently Published, Wonder Publishing, Books of Wonder, eBooksLib",https://openlibrary.org/works/OL262388W,https://covers.openlibrary.org/b/id/1755697-M.jpg,Open Library API
1904,The Marvelous Land of Oz,L. Frank Baum,3.368421,19,0,"The Marvelous Land of Oz L. Frank Baum Children's stories, American, Juvenile fiction, Translations into Russian, Children's literature, English, Children's literature, Russian, Oz (Imaginary place), Wizards, Fantasy, Children's fiction, Oz (imaginary place), fiction Peter Smith Publisher Inc, Sunflower Press, Blurb, IndyPublish, Cathay Books","Children's stories, American, Juvenile fiction, Translations into Russian, Children's literature, English, Children's literature, Russian, Oz (Imaginary place), Wizards, Fantasy, Children's fiction, Oz (imaginary place), fiction",,"Peter Smith Publisher Inc, Sunflower Press, Blurb, IndyPublish, Cathay Books",https://openlibrary.org/works/OL18396W,https://covers.openlibrary.org/b/id/12648656-M.jpg,Open Library API
1904,The Napoleon of Notting Hill,Gilbert Keith Chesterton,4.571429,7,0,"The Napoleon of Notting Hill Gilbert Keith Chesterton Fiction, Classic Literature, Science Fiction, Politics and government, English fiction, Political fiction, Fantastic fiction, London (england), fiction, British and irish fiction (fictional works by one author), Fiction, political Classic Books Library, Oxford University Press, Amfora, Blurb, John Lane","Fiction, Classic Literature, Science Fiction, Politics and government, English fiction, Political fiction, Fantastic fiction, London (england), fiction, British and irish fiction (fictional works by one author), Fiction, political",,"Classic Books Library, Oxford University Press, Amfora, Blurb, John Lane",https://openlibrary.org/works/OL76473W,https://covers.openlibrary.org/b/id/6980094-M.jpg,Open Library API
1904,The Tale of Benjamin Bunny,"Beatrix Potter, Wendy Rasmussen",4.125,8,0,"The Tale of Benjamin Bunny Beatrix Potter, Wendy Rasmussen Rabbits, fiction, Children's fiction, Rabbits, Fiction, Juvenile fiction, Children's literature, Welsh, Toy and movable books, Children's stories, English, Spanish language, readers, Picture books Merrimack Publishing Corporation, Gyldendal, Distributed by Outlet Book Co., Diogenes Verlag AG,Switzerland, The Child's World, Inc","Rabbits, fiction, Children's fiction, Rabbits, Fiction, Juvenile fiction, Children's literature, Welsh, Toy and movable books, Children's stories, English, Spanish language, readers, Picture books",,"Merrimack Publishing Corporation, Gyldendal, Distributed by Outlet Book Co., Diogenes Verlag AG,Switzerland, The Child's World, Inc",https://openlibrary.org/works/OL22156524W,https://covers.openlibrary.org/b/id/10447931-M.jpg,Open Library API
1904,Kwaidan,Lafcadio Hearn,4.125,8,0,"Kwaidan Lafcadio Hearn Fiction, Japanese Legends, Social life and customs, Paranormal fiction, American Ghost stories, Japanese literature, Japanese Ghost stories, Fiction, short stories (single author), Japan, fiction, Fiction, ghost Jonathan Cape, North Books, Kegan Paul, Trench, Trubner, Rütten & Loening, Books on Tape, Inc.","Fiction, Japanese Legends, Social life and customs, Paranormal fiction, American Ghost stories, Japanese literature, Japanese Ghost stories, Fiction, short stories (single author), Japan, fiction, Fiction, ghost",,"Jonathan Cape, North Books, Kegan Paul, Trench, Trubner, Rütten & Loening, Books on Tape, Inc.",https://openlibrary.org/works/OL859613W,https://covers.openlibrary.org/b/id/578965-M.jpg,Open Library API
1904,Freckles,Gene Stratton-Porter,4.3333335,3,0,"Freckles Gene Stratton-Porter Classic Literature, Swamps, Orphans, Fiction, People with disabilities, Open Library Staff Picks, Lumber camps, Juvenile literature, Juvenile fiction, Children's fiction Signet Classics, Books in Motion, Kessinger Publishing, LLC, Amereon Limited, John Murray","Classic Literature, Swamps, Orphans, Fiction, People with disabilities, Open Library Staff Picks, Lumber camps, Juvenile literature, Juvenile fiction, Children's fiction",,"Signet Classics, Books in Motion, Kessinger Publishing, LLC, Amereon Limited, John Murray",https://openlibrary.org/works/OL42386W,https://covers.openlibrary.org/b/id/6022196-M.jpg,Open Library API
1904,In Search of the Unknown,Robert W. Chambers,3.0,1,0,"In Search of the Unknown Robert W. Chambers Fiction, science fiction, general Tutis Digital Publishing Pvt. Ltd., Dover Publications, Incorporated, Kessinger Publishing, Wildside Press, LLC, Echo Library","Fiction, science fiction, general",,"Tutis Digital Publishing Pvt. Ltd., Dover Publications, Incorporated, Kessinger Publishing, Wildside Press, LLC, Echo Library",https://openlibrary.org/works/OL8127245W,https://covers.openlibrary.org/b/id/2843149-M.jpg,Open Library API
1904,The Golden Bowl,Henry James,4.0,1,0,"The Golden Bowl Henry James Fiction, Americans, Art, Fathers and daughters, Adultery, Collectors and collecting, American fiction (fictional works by one author), Fathers and daughters, fiction, Marriage, fiction, Art--collectors and collecting Wordsworth Editions Ltd, Oxford University Press, Dent, Everyman's Library, IndyPublish, New American Library","Fiction, Americans, Art, Fathers and daughters, Adultery, Collectors and collecting, American fiction (fictional works by one author), Fathers and daughters, fiction, Marriage, fiction, Art--collectors and collecting",,"Wordsworth Editions Ltd, Oxford University Press, Dent, Everyman's Library, IndyPublish, New American Library",https://openlibrary.org/works/OL276338W,https://covers.openlibrary.org/b/id/8246120-M.jpg,Open Library API
1904,Ghost Stories of an Antiquary,Montague Rhodes James,4.0,3,0,"Ghost Stories of an Antiquary Montague Rhodes James English Ghost stories, Fiction, science fiction, general, English Short stories, Ghost Stories, Ghosts, Adaptations, Comic books, strips, Comics & graphic novels, horror, Paranormal fiction, Fiction, mystery & detective, general Isis Audio Books, Ayer Co Pub, Wildside Press, Penguin Books, Hard Press","English Ghost stories, Fiction, science fiction, general, English Short stories, Ghost Stories, Ghosts, Adaptations, Comic books, strips, Comics & graphic novels, horror, Paranormal fiction, Fiction, mystery & detective, general",,"Isis Audio Books, Ayer Co Pub, Wildside Press, Penguin Books, Hard Press",https://openlibrary.org/works/OL253728W,https://covers.openlibrary.org/b/id/309008-M.jpg,Open Library API
1904,The Tale of Two Bad Mice,Beatrix Potter,3.7777777,9,0,"The Tale of Two Bad Mice Beatrix Potter Fiction, Mice, Dollhouses, Juvenile fiction, Children's fiction, Mice, fiction, Casas de muñecas, Ficción juvenil, Ratones, Toy and movable books Frederick Warne Publishers Ltd, Simon & Schuster, Warne, Independently Published, Caedmon Audio Cassette","Fiction, Mice, Dollhouses, Juvenile fiction, Children's fiction, Mice, fiction, Casas de muñecas, Ficción juvenil, Ratones, Toy and movable books",,"Frederick Warne Publishers Ltd, Simon & Schuster, Warne, Independently Published, Caedmon Audio Cassette",https://openlibrary.org/works/OL108768W,https://covers.openlibrary.org/b/id/6604329-M.jpg,Open Library API
1905,A Little Princess,Frances Hodgson Burnett,4.2,20,0,"A Little Princess Frances Hodgson Burnett Children's fiction, Orphans, fiction, London (england), fiction, Boarding schools, fiction, England, fiction, Crewe, sara (fictitious character), fiction, Schools, fiction, Fiction, Orphans, Schools Scholastic Inc., Dar Al-Bihar, Scribner's, Purnell, NTC/Contemporary Publishing Company","Children's fiction, Orphans, fiction, London (england), fiction, Boarding schools, fiction, England, fiction, Crewe, sara (fictitious character), fiction, Schools, fiction, Fiction, Orphans, Schools",,"Scholastic Inc., Dar Al-Bihar, Scribner's, Purnell, NTC/Contemporary Publishing Company",https://openlibrary.org/works/OL69630W,https://covers.openlibrary.org/b/id/2328315-M.jpg,Open Library API
1905,White Fang,Jack London,4.0,66,0,"White Fang Jack London Gold discoveries, Wolfdogs, Classic Literature, American Adventure stories, Open Library Staff Picks, Juvenile fiction, Fiction, Gold mines and mining, Historical Fiction, Wolves Ediciones SM, Franklin Classics, Arco Publications., Project Gutenberg, Grupo Anaya Comercial","Gold discoveries, Wolfdogs, Classic Literature, American Adventure stories, Open Library Staff Picks, Juvenile fiction, Fiction, Gold mines and mining, Historical Fiction, Wolves",,"Ediciones SM, Franklin Classics, Arco Publications., Project Gutenberg, Grupo Anaya Comercial",https://openlibrary.org/works/OL74504W,https://covers.openlibrary.org/b/id/8236920-M.jpg,Open Library API
1905,A Room with a View,E. M. Forster,3.75,20,0,"A Room with a View E. M. Forster British, Fiction, Young women, British in fiction, England in fiction, Travel, Young women in fiction, love, romance, Movie novels ReadaClassic.com, Penguin Books, Limited, Vintage, Penguin Books, Seltzer Books","British, Fiction, Young women, British in fiction, England in fiction, Travel, Young women in fiction, love, romance, Movie novels",,"ReadaClassic.com, Penguin Books, Limited, Vintage, Penguin Books, Seltzer Books",https://openlibrary.org/works/OL88813W,https://covers.openlibrary.org/b/id/1748132-M.jpg,Open Library API
1905,A little princess,Bob Blaisdell,4.375,32,0,"A little princess Bob Blaisdell Children's fiction, Orphans, fiction, England, fiction, Boarding schools, fiction, London (england), fiction, Crewe, sara (fictitious character), fiction, Schools, fiction, Boarding schools, Fiction, Schools Frederick Warne and Co., Thorndike Press, HarperFestival, D.R. Godine, Audiofy/Naxos","Children's fiction, Orphans, fiction, England, fiction, Boarding schools, fiction, London (england), fiction, Crewe, sara (fictitious character), fiction, Schools, fiction, Boarding schools, Fiction, Schools",,"Frederick Warne and Co., Thorndike Press, HarperFestival, D.R. Godine, Audiofy/Naxos",https://openlibrary.org/works/OL15040856W,https://covers.openlibrary.org/b/id/436507-M.jpg,Open Library API
1905,The Story of the Amulet,Edith Nesbit,3.6666667,9,0,"The Story of the Amulet Edith Nesbit Roman pour la jeunesse, Litterature fantastique, Classic Literature, Fiction, Juvenile Literature, Children's fiction, Fantasy fiction, Child and youth fiction, Wishes, Juvenile fiction Watermill Pr, Independently Published, Mybook, Alma Classics, Gallimard","Roman pour la jeunesse, Litterature fantastique, Classic Literature, Fiction, Juvenile Literature, Children's fiction, Fantasy fiction, Child and youth fiction, Wishes, Juvenile fiction",,"Watermill Pr, Independently Published, Mybook, Alma Classics, Gallimard",https://openlibrary.org/works/OL407476W,https://covers.openlibrary.org/b/id/13241470-M.jpg,Open Library API
1905,Five Children and It,Edith Nesbit,4.0,7,0,"Five Children and It Edith Nesbit Fiction, Fairies, Wishes, Brothers and sisters, History, Juvenile fiction, Fantasy, Fairy tales, Stories, England Blurb, Prakash Book Depot, Harmony Raine Company, BBC Worldwide, Ft. Raphael Publishing Company","Fiction, Fairies, Wishes, Brothers and sisters, History, Juvenile fiction, Fantasy, Fairy tales, Stories, England",,"Blurb, Prakash Book Depot, Harmony Raine Company, BBC Worldwide, Ft. Raphael Publishing Company",https://openlibrary.org/works/OL99499W,https://covers.openlibrary.org/b/id/28174-M.jpg,Open Library API
1905,To Sleep in a Sea of Stars,Christopher Paolini,3.65,20,0,"To Sleep in a Sea of Stars Christopher Paolini nyt:combined-print-and-e-book-fiction=2020-10-04, New York Times bestseller, Fiction, science fiction, action & adventure, Human-alien encounters, Fiction, Space colonies, FICTION / Science Fiction / Space Opera, FICTION / Science Fiction / Alien Contact, FICTION / Science Fiction / Action & Adventure Rocco, Boekerij, Tor, PAN MACMILLAN, Pan Macmillan","nyt:combined-print-and-e-book-fiction=2020-10-04, New York Times bestseller, Fiction, science fiction, action & adventure, Human-alien encounters, Fiction, Space colonies, FICTION / Science Fiction / Space Opera, FICTION / Science Fiction / Alien Contact, FICTION / Science Fiction / Action & Adventure",,"Rocco, Boekerij, Tor, PAN MACMILLAN, Pan Macmillan",https://openlibrary.org/works/OL20861787W,https://covers.openlibrary.org/b/id/10419780-M.jpg,Open Library API
1905,The House of Mirth,Edith Wharton,4.125,16,0,"The House of Mirth Edith Wharton Fiction, Single women, Social classes, Drama, Social life and customs, Classic Literature, Social status, Social values, open_syllabus_project, Roman Classic Books Library, Little, Brown Book Group Limited, Bantam Classics, New American Library, Transaction Publishers","Fiction, Single women, Social classes, Drama, Social life and customs, Classic Literature, Social status, Social values, open_syllabus_project, Roman",,"Classic Books Library, Little, Brown Book Group Limited, Bantam Classics, New American Library, Transaction Publishers",https://openlibrary.org/works/OL98587W,https://covers.openlibrary.org/b/id/9329539-M.jpg,Open Library API
1905,Endless Night,Agatha Christie,4.0,8,0,"Endless Night Agatha Christie Fiction, Mystery, Detective and mystery stories, Heiresses, Newlyweds, Blessing and cursing, Private investigators, Murder, Translations into Russian, English Short stories al-Ajyal, Al-Ajyal, Harpercollins, D, Harper Collins","Fiction, Mystery, Detective and mystery stories, Heiresses, Newlyweds, Blessing and cursing, Private investigators, Murder, Translations into Russian, English Short stories",,"al-Ajyal, Al-Ajyal, Harpercollins, D, Harper Collins",https://openlibrary.org/works/OL472508W,https://covers.openlibrary.org/b/id/12855084-M.jpg,Open Library API
1905,The Tale of Mrs. Tiggy-Winkle,"Beatrix Potter, H y Xiao Phd, Sam Thiewes, Anita C. Nelson, Orla Kiely",3.8333333,6,0,"The Tale of Mrs. Tiggy-Winkle Beatrix Potter, H y Xiao Phd, Sam Thiewes, Anita C. Nelson, Orla Kiely Hedgehogs, Fiction, Erizos, Ficción juvenil, Juvenile fiction, Children's fiction, Hedgehogs, fiction, Animals, fiction, Farm life, fiction, Picture books Penguin Books, Limited, Publications International, Warne, F. Warne & Co., Puffin Books","Hedgehogs, Fiction, Erizos, Ficción juvenil, Juvenile fiction, Children's fiction, Hedgehogs, fiction, Animals, fiction, Farm life, fiction, Picture books",,"Penguin Books, Limited, Publications International, Warne, F. Warne & Co., Puffin Books",https://openlibrary.org/works/OL108771W,https://covers.openlibrary.org/b/id/6567894-M.jpg,Open Library API
1906,The gift of the Magi,O. Henry,3.7916667,24,0,"The gift of the Magi O. Henry Christmas spirit, Christmas Giving, Gifts, Christmas, Fiction, Navidad, Juvenile fiction, Christmas stories, Ficción juvenil, Regalos Creative Education, Ideals Children's Books, Simon & Schuster Children's Publishing, Simon & Schuster Books for Young Readers, Taiwan mai ke gu fen you xian gong si","Christmas spirit, Christmas Giving, Gifts, Christmas, Fiction, Navidad, Juvenile fiction, Christmas stories, Ficción juvenil, Regalos",,"Creative Education, Ideals Children's Books, Simon & Schuster Children's Publishing, Simon & Schuster Books for Young Readers, Taiwan mai ke gu fen you xian gong si",https://openlibrary.org/works/OL181953W,https://covers.openlibrary.org/b/id/819241-M.jpg,Open Library API
1906,In the days of the comet,H. G. Wells,3.3333333,3,0,"In the days of the comet H. G. Wells Classic Literature, Collisions with Earth, Comets, Fiction, Fiction in English, Science fiction, Utopias, Fiction, science fiction, general, Fiction, political, British and irish fiction (fictional works by one author) Brilliance Audio, Century Co., Century, Fontana, Berkley Highland Books","Classic Literature, Collisions with Earth, Comets, Fiction, Fiction in English, Science fiction, Utopias, Fiction, science fiction, general, Fiction, political, British and irish fiction (fictional works by one author)",,"Brilliance Audio, Century Co., Century, Fontana, Berkley Highland Books",https://openlibrary.org/works/OL52252W,https://covers.openlibrary.org/b/id/5783892-M.jpg,Open Library API
1906,Before Adam,Jack London,4.0,4,0,"Before Adam Jack London Fiction, Prehistoric peoples, Dreams, Evolution, Bibliography, Animals, Classic Literature, Romans, Animaux, Évolution Cloud Cover Classics, Franklin Classics, LibriVox, University of Nebraska Press, Project Gutenberg","Fiction, Prehistoric peoples, Dreams, Evolution, Bibliography, Animals, Classic Literature, Romans, Animaux, Évolution",,"Cloud Cover Classics, Franklin Classics, LibriVox, University of Nebraska Press, Project Gutenberg",https://openlibrary.org/works/OL74501W,https://covers.openlibrary.org/b/id/8243967-M.jpg,Open Library API
1906,Tale of Mr. Jeremy Fisher,Beatrix Potter,4.142857,7,0,"Tale of Mr. Jeremy Fisher Beatrix Potter Frogs, Juvenile fiction, Fiction, Frogs in fiction, Children's stories, English, Ficción juvenil, Fishing, Ranas, Fishers, Fishing stories Kurtzman Sales Inc, Ladybird Books Ltd, Jensen, Bantam Books, Grange Books","Frogs, Juvenile fiction, Fiction, Frogs in fiction, Children's stories, English, Ficción juvenil, Fishing, Ranas, Fishers, Fishing stories",,"Kurtzman Sales Inc, Ladybird Books Ltd, Jensen, Bantam Books, Grange Books",https://openlibrary.org/works/OL11553363W,https://covers.openlibrary.org/b/id/7130043-M.jpg,Open Library API
1906,Peter Pan in Kensington Gardens,J. M. Barrie,3.3333333,3,0,"Peter Pan in Kensington Gardens J. M. Barrie Fiction, Peter Pan (Fictitious character), Classic Literature, Juvenile Fiction, Children's fiction, Fantasy fiction, Peter pan (fictitious character), fiction, Never-never land (imaginary place), fiction, Fantasy, Libros para niños Wordsworth Editions Ltd, Dover Publications, Incorporated, Classic Books, Hodder and Stoughton, Aberdeen Press","Fiction, Peter Pan (Fictitious character), Classic Literature, Juvenile Fiction, Children's fiction, Fantasy fiction, Peter pan (fictitious character), fiction, Never-never land (imaginary place), fiction, Fantasy, Libros para niños",,"Wordsworth Editions Ltd, Dover Publications, Incorporated, Classic Books, Hodder and Stoughton, Aberdeen Press",https://openlibrary.org/works/OL462123W,https://covers.openlibrary.org/b/id/2977086-M.jpg,Open Library API
1906,Sir Nigel,Arthur Conan Doyle,4.0,4,0,"Sir Nigel Arthur Conan Doyle Classic Literature, Ficion, Fiction, Great Britain in fiction, History, Hundred Years' War, 1339-1453, Knights and knighthood, Knights and knighthood in fiction, Fiction, historical, Great britain, fiction Wordsworth Classics, Echo Library, John Murray and Jonathan Cape, Dover Publications, Incorporated, Classic Books","Classic Literature, Ficion, Fiction, Great Britain in fiction, History, Hundred Years' War, 1339-1453, Knights and knighthood, Knights and knighthood in fiction, Fiction, historical, Great britain, fiction",,"Wordsworth Classics, Echo Library, John Murray and Jonathan Cape, Dover Publications, Incorporated, Classic Books",https://openlibrary.org/works/OL262583W,https://covers.openlibrary.org/b/id/7150792-M.jpg,Open Library API
1906,The golden key,George MacDonald,4.0,2,0,"The golden key George MacDonald Fairy tales, Children's fiction, Comics & graphic novels, general, Fiction, fantasy, general, Boys, fiction, Fantasy fiction, Girls, fiction, Fairies, fiction, Adventure and adventurers, fiction, Adventure stories Farrar, Straus and Giroux, Eerdmans Books for Young Readers, Caedmon Audio Cassette, Farrar, Straus and Giroux (BYR), ReadHowYouWant.com, Limited","Fairy tales, Children's fiction, Comics & graphic novels, general, Fiction, fantasy, general, Boys, fiction, Fantasy fiction, Girls, fiction, Fairies, fiction, Adventure and adventurers, fiction, Adventure stories",,"Farrar, Straus and Giroux, Eerdmans Books for Young Readers, Caedmon Audio Cassette, Farrar, Straus and Giroux (BYR), ReadHowYouWant.com, Limited",https://openlibrary.org/works/OL15415W,https://covers.openlibrary.org/b/id/14364490-M.jpg,Open Library API
1906,Arsène Lupin contre Herlock Sholmès,Maurice Leblanc,2.6666667,3,0,"Arsène Lupin contre Herlock Sholmès Maurice Leblanc Fiction, Burglars, Arsène Lupin (Fictitious character), Translations into English, French Adventure stories, Romance literature, Fiction, general Édito-Service, Livre de Poche, Alma Classics, M.A. Donohue & Co., Livre de poche","Fiction, Burglars, Arsène Lupin (Fictitious character), Translations into English, French Adventure stories, Romance literature, Fiction, general",,"Édito-Service, Livre de Poche, Alma Classics, M.A. Donohue & Co., Livre de poche",https://openlibrary.org/works/OL1064284W,https://covers.openlibrary.org/b/id/5892924-M.jpg,Open Library API
1907,The Iron Heel,Jack London,3.5,20,0,"The Iron Heel Jack London Revolutions, fiction, Oligarchy, fiction, Utopias,  fiction, Revolutionaries, fiction, Dysyopias, fiction, Science Fiction, Socialism,  fiction, Classic Literature, American fiction (fictional works by one author), Fiction, political Seltzer Books, Penguin Books, Suom. Sos. Kustannusyhtiön, Trajectory, Incorporated, McKinlay, Stone & Mackenzie","Revolutions, fiction, Oligarchy, fiction, Utopias,  fiction, Revolutionaries, fiction, Dysyopias, fiction, Science Fiction, Socialism,  fiction, Classic Literature, American fiction (fictional works by one author), Fiction, political",,"Seltzer Books, Penguin Books, Suom. Sos. Kustannusyhtiön, Trajectory, Incorporated, McKinlay, Stone & Mackenzie",https://openlibrary.org/works/OL74502W,https://covers.openlibrary.org/b/id/8243314-M.jpg,Open Library API
1907,The Enchanted Castle,Edith Nesbit,4.181818,11,0,"The Enchanted Castle Edith Nesbit Fiction, Fantasy, Magic, Rings, Friendship, History, England, Brothers and sisters, Wishes, Juvenile fiction J M Dent & Sons Ltd, ENAS-KNIGA, Penguin Books, Limited, Coward, McCann, Inc., Usborne Publishing Ltd.","Fiction, Fantasy, Magic, Rings, Friendship, History, England, Brothers and sisters, Wishes, Juvenile fiction",,"J M Dent & Sons Ltd, ENAS-KNIGA, Penguin Books, Limited, Coward, McCann, Inc., Usborne Publishing Ltd.",https://openlibrary.org/works/OL99541W,https://covers.openlibrary.org/b/id/6644514-M.jpg,Open Library API
1907,The Secret Agent,Joseph Conrad,4.142857,28,0,"The Secret Agent Joseph Conrad Anarchists, fiction, Conspiracies, fiction, Bombings, fiction, Terrorism, fiction, Royal Greenwich Observatory, fiction, Drama, Trading companies, Dutch, Classic Literature, Moles (Spies) Bantam Classics, New American Library, Dar Al-Bihar, Gallimard, Cambridge University Press","Anarchists, fiction, Conspiracies, fiction, Bombings, fiction, Terrorism, fiction, Royal Greenwich Observatory, fiction, Drama, Trading companies, Dutch, Classic Literature, Moles (Spies)",,"Bantam Classics, New American Library, Dar Al-Bihar, Gallimard, Cambridge University Press",https://openlibrary.org/works/OL39108W,https://covers.openlibrary.org/b/id/8239401-M.jpg,Open Library API
1907,The Hill of Dreams,Arthur Machen,3.6666667,9,0,"The Hill of Dreams Arthur Machen American fiction (fictional works by one author), Fiction, horror, Fiction, fantasy, general, Fiction, biographical, Wales, fiction, Authors, fiction, Dreams, Fiction, Imagination, Fiction, fantasy, paranormal E.G. Richards, Bibliotech Press, Wildside Press, Hard Press, Standard Ebooks","American fiction (fictional works by one author), Fiction, horror, Fiction, fantasy, general, Fiction, biographical, Wales, fiction, Authors, fiction, Dreams, Fiction, Imagination, Fiction, fantasy, paranormal",,"E.G. Richards, Bibliotech Press, Wildside Press, Hard Press, Standard Ebooks",https://openlibrary.org/works/OL3389031W,https://covers.openlibrary.org/b/id/1846628-M.jpg,Open Library API
1907,Ozma of Oz,L. Frank Baum,4.3125,16,0,"Ozma of Oz L. Frank Baum Fantasy, Children's stories, Children's stories, American, Juvenile fiction, Fairy tales, Fantasy fiction, Children's fiction, Oz (imaginary place), fiction, Large type books, Illustrated children's books Joe Books Inc., Independently Published, Standard Ebooks, Scholastic Book Services, Amereon Limited","Fantasy, Children's stories, Children's stories, American, Juvenile fiction, Fairy tales, Fantasy fiction, Children's fiction, Oz (imaginary place), fiction, Large type books, Illustrated children's books",,"Joe Books Inc., Independently Published, Standard Ebooks, Scholastic Book Services, Amereon Limited",https://openlibrary.org/works/OL18415W,https://covers.openlibrary.org/b/id/12648657-M.jpg,Open Library API
1907,The Red Thumb Mark,R. Austin Freeman,3.625,16,0,"The Red Thumb Mark R. Austin Freeman Doctor Thorndyke (Fictitious character), Fiction, Physicians, Fiction, general, Thorndyke, doctor (fictitious character), fiction, England, fiction, London (england), fiction, Physicians, fiction, Fiction, mystery & detective, police procedural, Scientists, fiction Blurb, IndyPublish, MysteriousPress.com, Wildside Press, LLC, Bibliotech Press","Doctor Thorndyke (Fictitious character), Fiction, Physicians, Fiction, general, Thorndyke, doctor (fictitious character), fiction, England, fiction, London (england), fiction, Physicians, fiction, Fiction, mystery & detective, police procedural, Scientists, fiction",,"Blurb, IndyPublish, MysteriousPress.com, Wildside Press, LLC, Bibliotech Press",https://openlibrary.org/works/OL4112855W,https://covers.openlibrary.org/b/id/12949767-M.jpg,Open Library API
1907,The Longest Journey,E. M. Forster,3.0,3,0,"The Longest Journey E. M. Forster Open Library Staff Picks, Married people, Fiction, Marriage, Teachers, Classic Literature, Teachers -- England -- Fiction, Teachers, fiction, England, fiction, Fiction, general Bantam Books, Start Publishing LLC, Norfolk, Conn., New Directions, 1922., Book-of-the-Month Club, Albatros","Open Library Staff Picks, Married people, Fiction, Marriage, Teachers, Classic Literature, Teachers -- England -- Fiction, Teachers, fiction, England, fiction, Fiction, general",,"Bantam Books, Start Publishing LLC, Norfolk, Conn., New Directions, 1922., Book-of-the-Month Club, Albatros",https://openlibrary.org/works/OL88878W,https://covers.openlibrary.org/b/id/2955358-M.jpg,Open Library API
1907,The Olive Fairy Book (Complete & Unabridged),Andrew Lang,4.0,2,0,"The Olive Fairy Book (Complete & Unabridged) Andrew Lang Fairy tales, Fiction, Folklore, Juvenile Fiction, Short Stories, Fantasy fiction, Fiction, short stories (single author), Fiction, fantasy, general, Children's fiction, Fiction, general Read Books, North Books, Xist Publishing, Longmans, Green, David McKay Co","Fairy tales, Fiction, Folklore, Juvenile Fiction, Short Stories, Fantasy fiction, Fiction, short stories (single author), Fiction, fantasy, general, Children's fiction, Fiction, general",,"Read Books, North Books, Xist Publishing, Longmans, Green, David McKay Co",https://openlibrary.org/works/OL1088837W,https://covers.openlibrary.org/b/id/11213284-M.jpg,Open Library API
1907,The Pit and the Pendulum,Edgar Allan Poe,3.0,2,0,"The Pit and the Pendulum Edgar Allan Poe American fiction (fictional works by one author), American Horror tales, American literature, American Short stories, Children's fiction, fear, Horror stories, pendulums, Short stories, short story 510 Classics, Caedmon Audio Cassette, Dreamscape Media, LLC, Liese. Outside The Box, Andreas, Folkways Records","American fiction (fictional works by one author), American Horror tales, American literature, American Short stories, Children's fiction, fear, Horror stories, pendulums, Short stories, short story",,"510 Classics, Caedmon Audio Cassette, Dreamscape Media, LLC, Liese. Outside The Box, Andreas, Folkways Records",https://openlibrary.org/works/OL273550W,https://covers.openlibrary.org/b/id/11872237-M.jpg,Open Library API
1907,Nils Holgerssons underbara resa genom Sverige,Selma Lagerlöf,4.0,2,0,"Nils Holgerssons underbara resa genom Sverige Selma Lagerlöf Fairy tales, Fiction, Classic Literature, Fantasy fiction, Geese, fiction, Sweden, fiction, Children's fiction, Conduct of life, fiction, Magic, Adventure and adventurers Standard Ebooks, Penguin Classic, Kessinger Publishing, LLC, IDB Productions, Doubleday","Fairy tales, Fiction, Classic Literature, Fantasy fiction, Geese, fiction, Sweden, fiction, Children's fiction, Conduct of life, fiction, Magic, Adventure and adventurers",,"Standard Ebooks, Penguin Classic, Kessinger Publishing, LLC, IDB Productions, Doubleday",https://openlibrary.org/works/OL644990W,https://covers.openlibrary.org/b/id/5267445-M.jpg,Open Library API
1908,Anne of Green Gables,Lucy Maud Montgomery,4.3092785,97,0,"Anne of Green Gables Lucy Maud Montgomery Fiction, Juvenile fiction, Country life, Friendship, Orphans, Friendship in fiction, Prince Edward Island in fiction, Orphans in fiction, Country life in fiction, Foster home care Nimbus Publishing, Limited, Edition du Club France Loisirs, ICON Reference, Penguin Random House, Puffin Classics","Fiction, Juvenile fiction, Country life, Friendship, Orphans, Friendship in fiction, Prince Edward Island in fiction, Orphans in fiction, Country life in fiction, Foster home care",,"Nimbus Publishing, Limited, Edition du Club France Loisirs, ICON Reference, Penguin Random House, Puffin Classics",https://openlibrary.org/works/OL77746W,https://covers.openlibrary.org/b/id/14641084-M.jpg,Open Library API
1908,The Wind in the Willows,Kenneth Grahame,4.0545454,55,0,"The Wind in the Willows Kenneth Grahame Children's fiction, Animals, fiction, Friendship, fiction, England, fiction, Fiction, Animals, Friendship, Juvenile fiction, Toy and movable books, Country life Classics Made Easy, Ji lin chu ban ji tuan you xian ze ren gong si, Signet Classics, Digireads.com Publishing, Open Road Integrated Media, Inc.","Children's fiction, Animals, fiction, Friendship, fiction, England, fiction, Fiction, Animals, Friendship, Juvenile fiction, Toy and movable books, Country life",,"Classics Made Easy, Ji lin chu ban ji tuan you xian ze ren gong si, Signet Classics, Digireads.com Publishing, Open Road Integrated Media, Inc.",https://openlibrary.org/works/OL28570037W,https://covers.openlibrary.org/b/id/13335427-M.jpg,Open Library API
1908,The Man Who Was Thursday,Gilbert Keith Chesterton,3.4827585,29,0,"The Man Who Was Thursday Gilbert Keith Chesterton Anarchists, Novela de misterio, Police, Libros en letra grande, Fiction, Novela fantástica, Ficción, Classic Literature, Alegorías, Anarquistas War and Ice, Blurb, Pomona Press, Brand: CreateSpace Independent Publishing Platform, Alianza Editorial","Anarchists, Novela de misterio, Police, Libros en letra grande, Fiction, Novela fantástica, Ficción, Classic Literature, Alegorías, Anarquistas",,"War and Ice, Blurb, Pomona Press, Brand: CreateSpace Independent Publishing Platform, Alianza Editorial",https://openlibrary.org/works/OL76487W,https://covers.openlibrary.org/b/id/8242857-M.jpg,Open Library API
1908,Martin Eden,Jack London,3.804878,41,0,"Martin Eden Jack London Fiction, Literature, Authors, Classic Literature, Working class, Young men, American fiction (fictional works by one author), American literature, Literatură americană, Roman Independently Published, Sule Yayinlari, Hard Press, Ren Kitap, McKinlay, Stone & Mackenzie","Fiction, Literature, Authors, Classic Literature, Working class, Young men, American fiction (fictional works by one author), American literature, Literatură americană, Roman",,"Independently Published, Sule Yayinlari, Hard Press, Ren Kitap, McKinlay, Stone & Mackenzie",https://openlibrary.org/works/OL144822W,https://covers.openlibrary.org/b/id/9223765-M.jpg,Open Library API
1908,Dorothy and the Wizard in Oz,L. Frank Baum,3.7,10,0,"Dorothy and the Wizard in Oz L. Frank Baum Fairy tales, Fiction, Oz (Imaginary place), Fantasy, Classic Literature, Juvenile fiction, Fantasy fiction, Children's fiction, Oz (imaginary place), fiction, Children: Grades 4-6 Joe Books Inc., HarperCollins Publishers, Creative Media Partners, LLC, Morrow, William S. Konecky Associates","Fairy tales, Fiction, Oz (Imaginary place), Fantasy, Classic Literature, Juvenile fiction, Fantasy fiction, Children's fiction, Oz (imaginary place), fiction, Children: Grades 4-6",,"Joe Books Inc., HarperCollins Publishers, Creative Media Partners, LLC, Morrow, William S. Konecky Associates",https://openlibrary.org/works/OL18412W,https://covers.openlibrary.org/b/id/12648659-M.jpg,Open Library API
1908,The Circular Staircase,Mary Roberts Rinehart,4.470588,17,0,"The Circular Staircase Mary Roberts Rinehart Classic Literature, Fiction, Detective and mystery stories, Innes, rachel (fictitious character), fiction, Adirondack mountains (n.y.), fiction, Fiction, suspense, Large type books, Open Library Staff Picks, Middle-aged women, Investigation Start Publishing LLC, Paperback Classics, DuMont's Kriminal-Bibliothek, HarperCollins Canada, Limited, Blackstone Audio, Inc.","Classic Literature, Fiction, Detective and mystery stories, Innes, rachel (fictitious character), fiction, Adirondack mountains (n.y.), fiction, Fiction, suspense, Large type books, Open Library Staff Picks, Middle-aged women, Investigation",,"Start Publishing LLC, Paperback Classics, DuMont's Kriminal-Bibliothek, HarperCollins Canada, Limited, Blackstone Audio, Inc.",https://openlibrary.org/works/OL137396W,https://covers.openlibrary.org/b/id/2761207-M.jpg,Open Library API
1908,The Magician,William Somerset Maugham,3.75,4,0,"The Magician William Somerset Maugham Fiction, Magicians, Magic, English Authors, Biography, Good and evil, Europe, fiction, Fiction, psychological, British and irish fiction (fictional works by one author), Fiction, horror Franklin Classics, Ayer Co Pub, Hard Press, Creative Media Partners, LLC, Geleos","Fiction, Magicians, Magic, English Authors, Biography, Good and evil, Europe, fiction, Fiction, psychological, British and irish fiction (fictional works by one author), Fiction, horror",,"Franklin Classics, Ayer Co Pub, Hard Press, Creative Media Partners, LLC, Geleos",https://openlibrary.org/works/OL505730W,https://covers.openlibrary.org/b/id/2789948-M.jpg,Open Library API
1908,Du côté de chez Swann,Marcel Proust,3.8888888,9,0,"Du côté de chez Swann Marcel Proust Comics & graphic novels, general, France, fiction, Early memories, Fiction, Social life and customs, Upper class, Villages, Manners and customs, Romance literature, French language HarperCollins UK, El Paseo Editorial, Losada, Yapi Kredi Yayinlari, ReadHowYouWant.com, Limited","Comics & graphic novels, general, France, fiction, Early memories, Fiction, Social life and customs, Upper class, Villages, Manners and customs, Romance literature, French language",,"HarperCollins UK, El Paseo Editorial, Losada, Yapi Kredi Yayinlari, ReadHowYouWant.com, Limited",https://openlibrary.org/works/OL30053009W,https://covers.openlibrary.org/b/id/11967344-M.jpg,Open Library API
1908,The tale of Jemima Puddle-Duck,"Beatrix Potter, Colin Twinn",3.3076923,13,0,"The tale of Jemima Puddle-Duck Beatrix Potter, Colin Twinn Fiction, Juvenile fiction, Domestic animals, Rabbits, Ducks, Foxes, Dogs, Toy and movable books, Dogs in fiction, Spanish language materials Debate, Project Gutenberg, Fukuinkan Shoten, Independently Published, Jensen","Fiction, Juvenile fiction, Domestic animals, Rabbits, Ducks, Foxes, Dogs, Toy and movable books, Dogs in fiction, Spanish language materials",,"Debate, Project Gutenberg, Fukuinkan Shoten, Independently Published, Jensen",https://openlibrary.org/works/OL16067296W,https://covers.openlibrary.org/b/id/7347371-M.jpg,Open Library API
1908,The Elusive Pimpernel (Scarlet Pimpernel),Emma Orczy,3.5714285,7,0,"The Elusive Pimpernel (Scarlet Pimpernel) Emma Orczy Fiction, action & adventure, Fiction, historical, France, history, revolution, 1789-1799, fiction, Blakeney, percy, sir (fictitious character), fiction, France, fiction, Classic Literature, Fiction, Sir Blakeney, Percy (Fictitious character), Nobility, History Start Publishing LLC, WordFire Press LLC, Century Bookbindery, Franklin Classics Trade Press, House of Stratus","Fiction, action & adventure, Fiction, historical, France, history, revolution, 1789-1799, fiction, Blakeney, percy, sir (fictitious character), fiction, France, fiction, Classic Literature, Fiction, Sir Blakeney, Percy (Fictitious character), Nobility, History",,"Start Publishing LLC, WordFire Press LLC, Century Bookbindery, Franklin Classics Trade Press, House of Stratus",https://openlibrary.org/works/OL8444981W,https://covers.openlibrary.org/b/id/502823-M.jpg,Open Library API
1909,Anne of Avonlea,Lucy Maud Montgomery,4.275862,29,0,"Anne of Avonlea Lucy Maud Montgomery Fiction, History, Juvenile fiction, Orphans, Teachers, Islands, Teachers in fiction, Orphans in fiction, Prince Edward Island in fiction, Islands in fiction Peter Smith Publisher Inc, Little, Brown Book Group Limited, Alma littera, Blurb, New American Library","Fiction, History, Juvenile fiction, Orphans, Teachers, Islands, Teachers in fiction, Orphans in fiction, Prince Edward Island in fiction, Islands in fiction",,"Peter Smith Publisher Inc, Little, Brown Book Group Limited, Alma littera, Blurb, New American Library",https://openlibrary.org/works/OL77744W,https://covers.openlibrary.org/b/id/14638062-M.jpg,Open Library API
1909,The Road to Oz,L. Frank Baum,3.375,8,0,"The Road to Oz L. Frank Baum Fairy tales, Juvenile Fiction, Fiction, Oz (Imaginary place), Fantasy, Classic Literature, Children's fiction, Fantasy fiction, Oz (imaginary place), fiction, Fiction, fantasy, general Joe Books Inc., The Reilly & Britton, McGraw-Hill Contemporary, BiblioBazaar, Forgotten Books","Fairy tales, Juvenile Fiction, Fiction, Oz (Imaginary place), Fantasy, Classic Literature, Children's fiction, Fantasy fiction, Oz (imaginary place), fiction, Fiction, fantasy, general",,"Joe Books Inc., The Reilly & Britton, McGraw-Hill Contemporary, BiblioBazaar, Forgotten Books",https://openlibrary.org/works/OL262390W,https://covers.openlibrary.org/b/id/8243922-M.jpg,Open Library API
1909,The Machine Stops,E. M. Forster,3.75,4,0,"The Machine Stops E. M. Forster English literature, Children's fiction, Science fiction, Technology, Social aspects, Environmental disasters, Fiction, Culture, Internet, Art and society Wildside Press, LLC, CreateSpace Independent Publishing Platform, Wildside Press, Penguin Books, Creative Co (Sd)","English literature, Children's fiction, Science fiction, Technology, Social aspects, Environmental disasters, Fiction, Culture, Internet, Art and society",,"Wildside Press, LLC, CreateSpace Independent Publishing Platform, Wildside Press, Penguin Books, Creative Co (Sd)",https://openlibrary.org/works/OL88800W,https://covers.openlibrary.org/b/id/7793883-M.jpg,Open Library API
1909,Buddenbrooks,Thomas Mann,3.75,4,0,"Buddenbrooks Thomas Mann Fiction, Families, Family, Civilization, German fiction, German, German language books, bourgeoisie, Middle class families, Austro-Prussian War, 1866 Brand: Vintage, Fisher Bucherei, Garden City Pub. Co., Secker and Warburg, Secker andWarburg","Fiction, Families, Family, Civilization, German fiction, German, German language books, bourgeoisie, Middle class families, Austro-Prussian War, 1866",,"Brand: Vintage, Fisher Bucherei, Garden City Pub. Co., Secker and Warburg, Secker andWarburg",https://openlibrary.org/works/OL14867081W,https://covers.openlibrary.org/b/id/8244437-M.jpg,Open Library API
1909,A Girl of the Limberlost,Gene Stratton-Porter,3.3333333,3,0,"A Girl of the Limberlost Gene Stratton-Porter Fiction, Swamps, Indiana in fiction, Mothers and daughters, Swamps in fiction, Self-reliance, Moths, Mothers and daughters in fiction, Self-reliance in fiction, Moths in fiction Dodo Press, HarperCollins World, Doubleday, Page, Sun Hill Rose and Briar Books, Signet Classics","Fiction, Swamps, Indiana in fiction, Mothers and daughters, Swamps in fiction, Self-reliance, Moths, Mothers and daughters in fiction, Self-reliance in fiction, Moths in fiction",,"Dodo Press, HarperCollins World, Doubleday, Page, Sun Hill Rose and Briar Books, Signet Classics",https://openlibrary.org/works/OL42384W,https://covers.openlibrary.org/b/id/8999923-M.jpg,Open Library API
1909,John Thorndyke's Cases,R. Austin Freeman,3.6,10,0,"John Thorndyke's Cases R. Austin Freeman Fiction, Physicians, English Detective and mystery stories, Doctor Thorndyke (Fictitious character), England, fiction, Physicians, fiction, Thorndyke, doctor (fictitious character), fiction, London (england), fiction, Fiction, mystery & detective, general CreateSpace Independent Publishing Platform, Hyperion Pr, Wildside Press, House of Stratus, MysteriousPress.com","Fiction, Physicians, English Detective and mystery stories, Doctor Thorndyke (Fictitious character), England, fiction, Physicians, fiction, Thorndyke, doctor (fictitious character), fiction, London (england), fiction, Fiction, mystery & detective, general",,"CreateSpace Independent Publishing Platform, Hyperion Pr, Wildside Press, House of Stratus, MysteriousPress.com",https://openlibrary.org/works/OL4112850W,https://covers.openlibrary.org/b/id/2783336-M.jpg,Open Library API
1909,Three Lives,Gertrude Stein,4.0,6,0,"Three Lives Gertrude Stein Fiction, Working class women, Working class women in fiction, Working class women in literature, Women, Women in fiction, Short Stories, Classics, American fiction (fictional works by one author), Fiction, short stories (single author) Echo Library, Amereon Ltd, Collins Classics, Value Classic Reprints, New American Library","Fiction, Working class women, Working class women in fiction, Working class women in literature, Women, Women in fiction, Short Stories, Classics, American fiction (fictional works by one author), Fiction, short stories (single author)",,"Echo Library, Amereon Ltd, Collins Classics, Value Classic Reprints, New American Library",https://openlibrary.org/works/OL35383W,https://covers.openlibrary.org/b/id/8249959-M.jpg,Open Library API
1909,The Tale of the Flopsy Bunnies,"Beatrix Potter, Wendy Rasmussen, Charles Santore, R.F. Gilmor",4.285714,7,0,"The Tale of the Flopsy Bunnies Beatrix Potter, Wendy Rasmussen, Charles Santore, R.F. Gilmor Rabbits, Fiction, Children's stories, English, Juvenile fiction, Children's fiction, Rabbits, fiction, Easter, fiction, Initial teaching alphabet, Toy and movable books, Board books Pavilion Press, Publications International, Cider Mill Press Book Publishers, LLC, Spoken Arts, Diogenes Verlag AG,Switzerland","Rabbits, Fiction, Children's stories, English, Juvenile fiction, Children's fiction, Rabbits, fiction, Easter, fiction, Initial teaching alphabet, Toy and movable books, Board books",,"Pavilion Press, Publications International, Cider Mill Press Book Publishers, LLC, Spoken Arts, Diogenes Verlag AG,Switzerland",https://openlibrary.org/works/OL108698W,https://covers.openlibrary.org/b/id/5327052-M.jpg,Open Library API
1909,The ball and the cross,"Gilbert Keith Chesterton, Damian Andre",4.0,2,0,"The ball and the cross Gilbert Keith Chesterton, Damian Andre Fiction, Catholics, Male friendship, Men, Atheists, Friendship, Fiction, general, Scotland, fiction, Fiction, humorous, general, Fiction, christian, general Cosimo, Inc., Echo Library, Blurb, Wells Gardner, Darton & Co., Ltd, TAN Books","Fiction, Catholics, Male friendship, Men, Atheists, Friendship, Fiction, general, Scotland, fiction, Fiction, humorous, general, Fiction, christian, general",,"Cosimo, Inc., Echo Library, Blurb, Wells Gardner, Darton & Co., Ltd, TAN Books",https://openlibrary.org/works/OL76470W,https://covers.openlibrary.org/b/id/6262469-M.jpg,Open Library API
1909,Ann Veronica,H. G. Wells,3.5,8,0,"Ann Veronica H. G. Wells Classic Literature, Fiction, British and irish fiction (fictional works by one author), Young women, fiction, England, fiction, Fiction, coming of age, Fathers and daughters, fiction, Young women, Social life and customs, Suffragists T.F. Unwin, Weidenfeld & Nicolson, Paperbackshop.Co.UK Ltd - Echo Library, BiblioBazaar, George Newnes","Classic Literature, Fiction, British and irish fiction (fictional works by one author), Young women, fiction, England, fiction, Fiction, coming of age, Fathers and daughters, fiction, Young women, Social life and customs, Suffragists",,"T.F. Unwin, Weidenfeld & Nicolson, Paperbackshop.Co.UK Ltd - Echo Library, BiblioBazaar, George Newnes",https://openlibrary.org/works/OL52258W,https://covers.openlibrary.org/b/id/8242750-M.jpg,Open Library API
1910,Ethan Frome,Edith Wharton,4.0,42,0,"Ethan Frome Edith Wharton Accident victims, American fiction (fictional works by one author), American literature, Children's fiction, Classic Literature, domestic fiction, English fiction, Family life, Farm life, Fiction Classic Books Library, Little, Brown Book Group Limited, New American Library, Barnes & Noble Press, Dover Publications, Incorporated","Accident victims, American fiction (fictional works by one author), American literature, Children's fiction, Classic Literature, domestic fiction, English fiction, Family life, Farm life, Fiction",,"Classic Books Library, Little, Brown Book Group Limited, New American Library, Barnes & Noble Press, Dover Publications, Incorporated",https://openlibrary.org/works/OL98501W,https://covers.openlibrary.org/b/id/8303480-M.jpg,Open Library API
1910,Howards End,E. M. Forster,4.4444447,9,0,"Howards End E. M. Forster Fiction, Inheritance and succession, Sisters, Country homes, Social classes, Illegitimate children, Remarried people, Man-woman relationships, Social conflict, Women intellectuals Alianza Editorial Sa, Bantam Classics, Guild Publishing, Blurb, Bedford Books","Fiction, Inheritance and succession, Sisters, Country homes, Social classes, Illegitimate children, Remarried people, Man-woman relationships, Social conflict, Women intellectuals",,"Alianza Editorial Sa, Bantam Classics, Guild Publishing, Blurb, Bedford Books",https://openlibrary.org/works/OL88881W,https://covers.openlibrary.org/b/id/8235207-M.jpg,Open Library API
1910,The Magic City,Edith Nesbit,3.3333333,3,0,"The Magic City Edith Nesbit Fantasy, Cities and towns, Juvenile fiction, Fiction, Children's fiction, Fantasy fiction, Fiction, fantasy, general, Magic, fiction IndyPublish, Liese. Outside The Box, Andreas, BiblioBazaar, SeaStar Books, Independently Published","Fantasy, Cities and towns, Juvenile fiction, Fiction, Children's fiction, Fantasy fiction, Fiction, fantasy, general, Magic, fiction",,"IndyPublish, Liese. Outside The Box, Andreas, BiblioBazaar, SeaStar Books, Independently Published",https://openlibrary.org/works/OL99535W,https://covers.openlibrary.org/b/id/1673063-M.jpg,Open Library API
1910,The Emerald City of Oz,L. Frank Baum,3.6666667,6,0,"The Emerald City of Oz L. Frank Baum Juvenile fiction, Fiction, Oz (Imaginary place), Fantasy, Princess Ozma (Fictitious character), Children's fiction, Fantasy fiction, Oz (imaginary place), fiction, American Fantasy fiction, Large type books Echo Library, Blurb, Throne Classics, Fundabooks, Simon and Schuster","Juvenile fiction, Fiction, Oz (Imaginary place), Fantasy, Princess Ozma (Fictitious character), Children's fiction, Fantasy fiction, Oz (imaginary place), fiction, American Fantasy fiction, Large type books",,"Echo Library, Blurb, Throne Classics, Fundabooks, Simon and Schuster",https://openlibrary.org/works/OL18409W,https://covers.openlibrary.org/b/id/1473556-M.jpg,Open Library API
1910,Kilmeny of the orchard,Lucy Maud Montgomery,3.5,4,0,"Kilmeny of the orchard Lucy Maud Montgomery Fiction, romance, general, People with disabilities, fiction, Prince edward island, fiction, Teachers, fiction, Children's fiction, Canadian fiction Ke zhu shu fang, Angus & Robertson, Seal Books, West Margin Press, Blurb","Fiction, romance, general, People with disabilities, fiction, Prince edward island, fiction, Teachers, fiction, Children's fiction, Canadian fiction",,"Ke zhu shu fang, Angus & Robertson, Seal Books, West Margin Press, Blurb",https://openlibrary.org/works/OL77785W,https://covers.openlibrary.org/b/id/14638107-M.jpg,Open Library API
1910,The Scarlet Plague,Jack London,3.8,5,0,"The Scarlet Plague Jack London Fiction, American Science fiction, Plague, End of the world, Classic Literature, Science Fiction, American literature, Regression (Civilization), FICTION / Alternative History, Fiction, science fiction, general Dercum Audio, Echo Library, Dercum Pr Audio, Numina Press, Project Gutenberg","Fiction, American Science fiction, Plague, End of the world, Classic Literature, Science Fiction, American literature, Regression (Civilization), FICTION / Alternative History, Fiction, science fiction, general",,"Dercum Audio, Echo Library, Dercum Pr Audio, Numina Press, Project Gutenberg",https://openlibrary.org/works/OL74485W,https://covers.openlibrary.org/b/id/9377992-M.jpg,Open Library API
1910,Burning Daylight,Jack London,4.3333335,3,0,"Burning Daylight Jack London Bankruptcy, Classic Literature, Fiction, Gold mines and mining, Women pioneers, Fiction, westerns, California, fiction, Fiction, action & adventure, Fiction, thrillers, suspense, American fiction (fictional works by one author) Franklin Classics Trade Press, Boomer Books, The Macmillan company, Book Jungle, Wildside Press","Bankruptcy, Classic Literature, Fiction, Gold mines and mining, Women pioneers, Fiction, westerns, California, fiction, Fiction, action & adventure, Fiction, thrillers, suspense, American fiction (fictional works by one author)",,"Franklin Classics Trade Press, Boomer Books, The Macmillan company, Book Jungle, Wildside Press",https://openlibrary.org/works/OL144821W,https://covers.openlibrary.org/b/id/8245391-M.jpg,Open Library API
1910,Rewards and fairies,Rudyard Kipling,5.0,5,0,"Rewards and fairies Rudyard Kipling Children's stories, Classic Literature, Fiction, Fiction, general, Fairies, Witches, English Fantasy fiction, Juvenile fiction, Tales, Short stories Franklin Classics, Dodo Press, MacMillan, Createspace Independent Publishing Platform, Creative Media Partners, LLC","Children's stories, Classic Literature, Fiction, Fiction, general, Fairies, Witches, English Fantasy fiction, Juvenile fiction, Tales, Short stories",,"Franklin Classics, Dodo Press, MacMillan, Createspace Independent Publishing Platform, Creative Media Partners, LLC",https://openlibrary.org/works/OL20161W,https://covers.openlibrary.org/b/id/8245174-M.jpg,Open Library API
1910,Huntingtower,John Buchan,4.0,3,0,"Huntingtower John Buchan Fiction, Dickson McCunn (Fictitious character), Kidnapping, Kidnapping in fiction, Princesses, Scotland in fiction, Princesses in fiction, Mccunn, dickson (fictitious character), fiction, Fiction, action & adventure, Missing persons, fiction Boomer Books, Amereon Press, ABC-CLIO, LLC, Arc Manor, Alan Sutton","Fiction, Dickson McCunn (Fictitious character), Kidnapping, Kidnapping in fiction, Princesses, Scotland in fiction, Princesses in fiction, Mccunn, dickson (fictitious character), fiction, Fiction, action & adventure, Missing persons, fiction",,"Boomer Books, Amereon Press, ABC-CLIO, LLC, Arc Manor, Alan Sutton",https://openlibrary.org/works/OL76597W,https://covers.openlibrary.org/b/id/1979431-M.jpg,Open Library API
1911,The Secret Garden,Frances Hodgson Burnett,3.9333334,90,0,"The Secret Garden Frances Hodgson Burnett Fiction, general, Friendship, fiction, People with disabilities, fiction, Great britain, fiction, Child and youth fiction, Children's fiction, Gardens, fiction, England, fiction, American literature, Orphans, fiction Brand: CreateSpace Independent Publishing Platform, Classics Made Easy, Gallimard, Viena, Signet Classics","Fiction, general, Friendship, fiction, People with disabilities, fiction, Great britain, fiction, Child and youth fiction, Children's fiction, Gardens, fiction, England, fiction, American literature, Orphans, fiction",,"Brand: CreateSpace Independent Publishing Platform, Classics Made Easy, Gallimard, Viena, Signet Classics",https://openlibrary.org/works/OL69612W,https://covers.openlibrary.org/b/id/12622062-M.jpg,Open Library API
1911,Le fantôme de l'opéra,Gaston Leroux,3.7857144,42,0,"Le fantôme de l'opéra Gaston Leroux Fiction, Opera, Composers, Phantom of the Opera (Fictitious character), Readers, English language, Horror stories, Chinese language, Chinese, Reading comprehension Grand Central Pub, Gargola, Penguin Books, Limited, Delta Systems, Random House UK","Fiction, Opera, Composers, Phantom of the Opera (Fictitious character), Readers, English language, Horror stories, Chinese language, Chinese, Reading comprehension",,"Grand Central Pub, Gargola, Penguin Books, Limited, Delta Systems, Random House UK",https://openlibrary.org/works/OL1833989W,https://covers.openlibrary.org/b/id/8245407-M.jpg,Open Library API
1911,Peter Pan,J. M. Barrie,3.6,45,0,"Peter Pan J. M. Barrie Open Library Staff Picks, English Children's fiction, Pop-up books, Toy and movable books, Never-Never Land (Imaginary place), Specimens, Juvenile fiction, Fiction, Peter Pan (Fictitious character), open_syllabus_project Editorial Galaxia, S.A., Pinnacle Technology, Ediciones del Laberinto S. L, Hodder and Stoughton, HarperCollins Publishers","Open Library Staff Picks, English Children's fiction, Pop-up books, Toy and movable books, Never-Never Land (Imaginary place), Specimens, Juvenile fiction, Fiction, Peter Pan (Fictitious character), open_syllabus_project",,"Editorial Galaxia, S.A., Pinnacle Technology, Ediciones del Laberinto S. L, Hodder and Stoughton, HarperCollins Publishers",https://openlibrary.org/works/OL462007W,https://covers.openlibrary.org/b/id/8237052-M.jpg,Open Library API
1911,The Sea Fairies,L. Frank Baum,3.3333333,3,0,"The Sea Fairies L. Frank Baum Children's stories, Juvenile fiction, Classic Literature, Fiction, Children's fiction, Fantasy fiction, Fantasy, Fiction, historical, general, Sea stories, Mermaids Books of Wonder, General Books, The Perfect Library, Hard Press, Charles River Editors","Children's stories, Juvenile fiction, Classic Literature, Fiction, Children's fiction, Fantasy fiction, Fantasy, Fiction, historical, general, Sea stories, Mermaids",,"Books of Wonder, General Books, The Perfect Library, Hard Press, Charles River Editors",https://openlibrary.org/works/OL262384W,https://covers.openlibrary.org/b/id/1814237-M.jpg,Open Library API
1911,The Lorax,Dr. Seuss,4.2833333,60,0,"The Lorax Dr. Seuss nyt:picture_books=2012-02-11, Stories in rhyme, New York Times bestseller, Children's stories, Juvenile fiction, Pollution, Children's fiction, Ecology, fiction, Fiction, Deforestation Lectorum S A De C V, Bt Bound, HarperCollins Publishers, HARPER COLL CHILDREN, Lectorum Pubns Inc (J)","nyt:picture_books=2012-02-11, Stories in rhyme, New York Times bestseller, Children's stories, Juvenile fiction, Pollution, Children's fiction, Ecology, fiction, Fiction, Deforestation",,"Lectorum S A De C V, Bt Bound, HarperCollins Publishers, HARPER COLL CHILDREN, Lectorum Pubns Inc (J)",https://openlibrary.org/works/OL261155W,https://covers.openlibrary.org/b/id/422253-M.jpg,Open Library API
1911,Socks,Beverly Cleary,4.0,5,0,"Socks Beverly Cleary Cats, Fiction, Juvenile fiction, Cats, fiction, Children's fiction, Clothing and dress, fiction, Clothing trade, fiction, Families, Infants, Jealousy Listening Library, Yearling, HarperCollins Publishers, Vermilion Labs DBA Bookroo, Morrow","Cats, Fiction, Juvenile fiction, Cats, fiction, Children's fiction, Clothing and dress, fiction, Clothing trade, fiction, Families, Infants, Jealousy",,"Listening Library, Yearling, HarperCollins Publishers, Vermilion Labs DBA Bookroo, Morrow",https://openlibrary.org/works/OL151991W,https://covers.openlibrary.org/b/id/9400981-M.jpg,Open Library API
1911,The Centaur,Algernon Blackwood,4.5,2,0,"The Centaur Algernon Blackwood Supernatural, Fiction, Fantasy, Thriller, Paranormal fiction, Fiction, fantasy, general, Fiction, fantasy, paranormal, Journalists, fiction, Europe, fiction, Fiction, horror Arno Press, Wildside Press, Echo Library, Hard Press, NuVision Publications","Supernatural, Fiction, Fantasy, Thriller, Paranormal fiction, Fiction, fantasy, general, Fiction, fantasy, paranormal, Journalists, fiction, Europe, fiction, Fiction, horror",,"Arno Press, Wildside Press, Echo Library, Hard Press, NuVision Publications",https://openlibrary.org/works/OL2700650W,https://covers.openlibrary.org/b/id/5562921-M.jpg,Open Library API
1911,Thumbelina,"Hans Christian Andersen, Elsa Beskow, Michael Foreman, Michael Morpurgo, Kimberley Reynolds, Catherine Babok, Susannah Mary Paull",4.4166665,12,0,"Thumbelina Hans Christian Andersen, Elsa Beskow, Michael Foreman, Michael Morpurgo, Kimberley Reynolds, Catherine Babok, Susannah Mary Paull Spanish language materials, Fairy tales, Cuentos de hadas, Literatura juvenil, Cuentos infantiles, Translations into English, Children's stories, Danish, Juvenile literature, Miniature books, Translations into Russian Treasure Bay, Modern Publishing, Scribner, W. Morrow, Nord-Süd Verlag","Spanish language materials, Fairy tales, Cuentos de hadas, Literatura juvenil, Cuentos infantiles, Translations into English, Children's stories, Danish, Juvenile literature, Miniature books, Translations into Russian",,"Treasure Bay, Modern Publishing, Scribner, W. Morrow, Nord-Süd Verlag",https://openlibrary.org/works/OL15049906W,https://covers.openlibrary.org/b/id/1357775-M.jpg,Open Library API
1911,"Zuleika Dobson, or, An Oxford love story",Sir Max Beerbohm,5.0,1,0,"Zuleika Dobson, or, An Oxford love story Sir Max Beerbohm College students, Fiction, Young women, British and irish fiction (fictional works by one author), English College stories, English Love stories, Man-woman relationships, University of Oxford in fiction, Young women in fiction, College students in fiction Blurb, Yale University Press, New American Library, Amereon Limited, Kessinger Publishing, LLC","College students, Fiction, Young women, British and irish fiction (fictional works by one author), English College stories, English Love stories, Man-woman relationships, University of Oxford in fiction, Young women in fiction, College students in fiction",,"Blurb, Yale University Press, New American Library, Amereon Limited, Kessinger Publishing, LLC",https://openlibrary.org/works/OL767580W,https://covers.openlibrary.org/b/id/6907656-M.jpg,Open Library API
1911,The Eye of Osiris,R. Austin Freeman,2.0,1,0,"The Eye of Osiris R. Austin Freeman London (england), fiction, Physicians, fiction, Thorndyke, doctor (fictitious character), fiction, Fiction, mystery & detective, general, Missing persons, Private investigators, Mummies, Fiction, Classic Literature, Thriller House of Stratus, C. Scribner's sons, Carroll & Graf Pub, Wildside Press, LLC, NuVision Publications","London (england), fiction, Physicians, fiction, Thorndyke, doctor (fictitious character), fiction, Fiction, mystery & detective, general, Missing persons, Private investigators, Mummies, Fiction, Classic Literature, Thriller",,"House of Stratus, C. Scribner's sons, Carroll & Graf Pub, Wildside Press, LLC, NuVision Publications",https://openlibrary.org/works/OL13150029W,https://covers.openlibrary.org/b/id/7162423-M.jpg,Open Library API
1912,A Princess of Mars,Edgar Rice Burroughs,3.893617,47,0,"A Princess of Mars Edgar Rice Burroughs John Carter (Fictitious character), Fiction, Classic Literature, Dejah Thoris (Fictitious character), Princesses, Princesses in fiction, Science fiction, Translations into Russian, Fantasy, Barsoom Grosset & Dunlap Publishers, I Books, SDE Classics, Dunda Books, Penguin Books","John Carter (Fictitious character), Fiction, Classic Literature, Dejah Thoris (Fictitious character), Princesses, Princesses in fiction, Science fiction, Translations into Russian, Fantasy, Barsoom",,"Grosset & Dunlap Publishers, I Books, SDE Classics, Dunda Books, Penguin Books",https://openlibrary.org/works/OL1418187W,https://covers.openlibrary.org/b/id/207226-M.jpg,Open Library API
1912,Pollyanna,"Eleanor Hodgman Porter, Porter, Neil Reed, Lee Giles",3.8636363,22,0,"Pollyanna Eleanor Hodgman Porter, Porter, Neil Reed, Lee Giles Aunts, Cheerfulness, Classic Literature, Conduct of life, Family, Fiction, History, Interpersonal relations, Juvenile Literature, Juvenile fiction Benediction Classics, Xiao chang shu fang, George G. Harrap, Yapi Kredi Yayinlari, Scholastic Inc.","Aunts, Cheerfulness, Classic Literature, Conduct of life, Family, Fiction, History, Interpersonal relations, Juvenile Literature, Juvenile fiction",,"Benediction Classics, Xiao chang shu fang, George G. Harrap, Yapi Kredi Yayinlari, Scholastic Inc.",https://openlibrary.org/works/OL2775807W,https://covers.openlibrary.org/b/id/902113-M.jpg,Open Library API
1912,Tarzan of the Apes,Edgar Rice Burroughs,4.4,5,0,"Tarzan of the Apes Edgar Rice Burroughs British in fiction, Historical Fiction, Wild men in fiction, American Adventure stories, Open Library Staff Picks, American Fantasy fiction, British, Fiction, Tarzan (Fictitious character), Adventure stories Ballantine Books, Flamingo, Dover Publications, Incorporated, Whitman, Signet Classics","British in fiction, Historical Fiction, Wild men in fiction, American Adventure stories, Open Library Staff Picks, American Fantasy fiction, British, Fiction, Tarzan (Fictitious character), Adventure stories",,"Ballantine Books, Flamingo, Dover Publications, Incorporated, Whitman, Signet Classics",https://openlibrary.org/works/OL1418251W,https://covers.openlibrary.org/b/id/6608849-M.jpg,Open Library API
1912,Daddy-Long-Legs,Jean Webster,4.571429,7,0,"Daddy-Long-Legs Jean Webster Philanthropists, Letters, Juvenile fiction, Fiction, Drama, Women college students, Women authors, Boarding schools, Schools, Young women Franklin Classics, Xi dai shu ban gu fen you xian gong si, Xiao chang shu fang, Project Gutenberg, Brockhampton P","Philanthropists, Letters, Juvenile fiction, Fiction, Drama, Women college students, Women authors, Boarding schools, Schools, Young women",,"Franklin Classics, Xi dai shu ban gu fen you xian gong si, Xiao chang shu fang, Project Gutenberg, Brockhampton P",https://openlibrary.org/works/OL4322177W,https://covers.openlibrary.org/b/id/8266414-M.jpg,Open Library API
1912,Chronicles of Avonlea,Lucy Maud Montgomery,4.0,7,0,"Chronicles of Avonlea Lucy Maud Montgomery Fiction, Love, Fiction, general, Family life, fiction, Children's fiction, Child and youth fiction, Juvenile fiction, Japanese language materials, History, Angus and Robertson MiraVista Press, Start Publishing LLC, Creative Media Partners, LLC, Demco Media, Doubleday Canada","Fiction, Love, Fiction, general, Family life, fiction, Children's fiction, Child and youth fiction, Juvenile fiction, Japanese language materials, History, Angus and Robertson",,"MiraVista Press, Start Publishing LLC, Creative Media Partners, LLC, Demco Media, Doubleday Canada",https://openlibrary.org/works/OL77788W,https://covers.openlibrary.org/b/id/14635990-M.jpg,Open Library API
1912,Sky Island,L. Frank Baum,3.3529413,17,0,"Sky Island L. Frank Baum Fantasy, Children's fiction, Fantasy fiction, Adventure and adventurers, fiction, Magic, fiction, Parrots, fiction, Fairies, fiction, Juvenile fiction, Imaginary places The Perfect Library, 510 Classics, Audio Book Contractors, 1st World Library - Literary Society, Wonder Publishing","Fantasy, Children's fiction, Fantasy fiction, Adventure and adventurers, fiction, Magic, fiction, Parrots, fiction, Fairies, fiction, Juvenile fiction, Imaginary places",,"The Perfect Library, 510 Classics, Audio Book Contractors, 1st World Library - Literary Society, Wonder Publishing",https://openlibrary.org/works/OL262385W,https://covers.openlibrary.org/b/id/2752804-M.jpg,Open Library API
1912,Riders of the Purple Sage,Zane Grey,4.0,4,0,"Riders of the Purple Sage Zane Grey Fiction, Mormon women, Polygamy, Women ranchers, Lassiter (Fictitious character), Adventure and adventurers, Fiction in English, Mormons, Classic Literature, Romance University of Nebraska Press, Trails & Saddles, Aberdeen Press, Blackstone Audio, Inc., Amereon Limited","Fiction, Mormon women, Polygamy, Women ranchers, Lassiter (Fictitious character), Adventure and adventurers, Fiction in English, Mormons, Classic Literature, Romance",,"University of Nebraska Press, Trails & Saddles, Aberdeen Press, Blackstone Audio, Inc., Amereon Limited",https://openlibrary.org/works/OL485504W,https://covers.openlibrary.org/b/id/872066-M.jpg,Open Library API
1912,So speaks the heart,Johanna Lindsey,4.5,6,0,"So speaks the heart Johanna Lindsey Fiction, France, Social life and customs, Historical fiction, Fiction, romance, historical, France, fiction, Large type books, Fiction, romance, historical, general Corgi, G.K. Hall, Avon, Piatkus","Fiction, France, Social life and customs, Historical fiction, Fiction, romance, historical, France, fiction, Large type books, Fiction, romance, historical, general",,"Corgi, G.K. Hall, Avon, Piatkus",https://openlibrary.org/works/OL15665W,https://covers.openlibrary.org/b/id/237253-M.jpg,Open Library API
1912,Manalive,Gilbert Keith Chesterton,4.25,4,0,"Manalive Gilbert Keith Chesterton Classic Literature, Fiction, British and irish fiction (fictional works by one author), London (england), fiction, Fiction, mystery & detective, traditional, Fiction, christian, suspense, False arrest, Attempted murder, Fiction, general, Children's fiction Arc Manor, Desclée de Brower, Simon & Brown, Echo Library, Blurb","Classic Literature, Fiction, British and irish fiction (fictional works by one author), London (england), fiction, Fiction, mystery & detective, traditional, Fiction, christian, suspense, False arrest, Attempted murder, Fiction, general, Children's fiction",,"Arc Manor, Desclée de Brower, Simon & Brown, Echo Library, Blurb",https://openlibrary.org/works/OL76475W,https://covers.openlibrary.org/b/id/2751278-M.jpg,Open Library API
1912,The Financier,Theodore Dreiser,4.6666665,3,0,"The Financier Theodore Dreiser Classics, literature, Capitalists and financiers, Fiction, Psychological fiction, Trilogy of Desire, Fiction, psychological, American fiction (fictional works by one author), Художественная литература -- США -- Американская литература -- 1-ая пол. 20 в. -- Романы, Capitalists and financiers--fiction World Publishing Company, Reprint Services Corporation, West Margin Press, Blurb, The World Pub. Co.","Classics, literature, Capitalists and financiers, Fiction, Psychological fiction, Trilogy of Desire, Fiction, psychological, American fiction (fictional works by one author), Художественная литература -- США -- Американская литература -- 1-ая пол. 20 в. -- Романы, Capitalists and financiers--fiction",,"World Publishing Company, Reprint Services Corporation, West Margin Press, Blurb, The World Pub. Co.",https://openlibrary.org/works/OL100237W,https://covers.openlibrary.org/b/id/8293120-M.jpg,Open Library API
1913,O Pioneers!,Willa Cather,3.8333333,12,0,"O Pioneers! Willa Cather Fiction, Women pioneers, Women farmers, Farm life, Swedish Americans, Women immigrants, Brothers and sisters, Frontier and pioneer life, History, Immigrants Classic Publishers, ICON Classics, Virago Press, Prestwick House, Inc., Sterling Publishing Co., Inc.","Fiction, Women pioneers, Women farmers, Farm life, Swedish Americans, Women immigrants, Brothers and sisters, Frontier and pioneer life, History, Immigrants",,"Classic Publishers, ICON Classics, Virago Press, Prestwick House, Inc., Sterling Publishing Co., Inc.",https://openlibrary.org/works/OL12795W,https://covers.openlibrary.org/b/id/8242999-M.jpg,Open Library API
1913,Sons and Lovers,D. H. Lawrence,4.5,10,0,"Sons and Lovers D. H. Lawrence Fiction, England in fiction, Working class families, Young men in fiction, Working class families in fiction, Young men, Facsimiles, Social life and customs, England, Manuscripts HV Publishign, a division of Homepage Ventures, Limited, Heron Books, Longman Publishing Group, Creative Media Partners, LLC, Bertelsmann Lesering","Fiction, England in fiction, Working class families, Young men in fiction, Working class families in fiction, Young men, Facsimiles, Social life and customs, England, Manuscripts",,"HV Publishign, a division of Homepage Ventures, Limited, Heron Books, Longman Publishing Group, Creative Media Partners, LLC, Bertelsmann Lesering",https://openlibrary.org/works/OL81295W,https://covers.openlibrary.org/b/id/8246175-M.jpg,Open Library API
1913,The Poison Belt,Arthur Conan Doyle,4.5,4,0,"The Poison Belt Arthur Conan Doyle Professor Challenger (Fictitious character), Fiction, Classic Literature, Science Fiction, British and Irish fiction (fictional works by one author), Fiction, science fiction, general, Fiction, science fiction, action & adventure, Challenger, professor (fictitious character), fiction, English Science fiction, Large type books Amereon Ltd, Blurb, Incorporated, House of Stratus, Large Print Book Company, Chivers","Professor Challenger (Fictitious character), Fiction, Classic Literature, Science Fiction, British and Irish fiction (fictional works by one author), Fiction, science fiction, general, Fiction, science fiction, action & adventure, Challenger, professor (fictitious character), fiction, English Science fiction, Large type books",,"Amereon Ltd, Blurb, Incorporated, House of Stratus, Large Print Book Company, Chivers",https://openlibrary.org/works/OL262596W,https://covers.openlibrary.org/b/id/5788361-M.jpg,Open Library API
1913,El Dorado,Emma Orczy,3.4761906,21,0,"El Dorado Emma Orczy Classic Literature, Fiction, Historical Fiction, Aristocracy (Social class), British, Sir Blakeney, Percy (Fictitious character), Nobility, History, Fiction, action & adventure, Fiction, historical Standard Publications, Inc., Rodgers Books, Alan, Echo Library, Dover Publications, Incorporated, MobileReference","Classic Literature, Fiction, Historical Fiction, Aristocracy (Social class), British, Sir Blakeney, Percy (Fictitious character), Nobility, History, Fiction, action & adventure, Fiction, historical",,"Standard Publications, Inc., Rodgers Books, Alan, Echo Library, Dover Publications, Incorporated, MobileReference",https://openlibrary.org/works/OL8722827W,https://covers.openlibrary.org/b/id/2890729-M.jpg,Open Library API
1913,The Wisdom of Father Brown,Gilbert Keith Chesterton,4.5,4,0,"The Wisdom of Father Brown Gilbert Keith Chesterton Fiction, Father Brown (Fictitious character), English Detective and mystery stories, Clergy, Catholics, Translations into Polish, Catholic Church, Priests, English Short stories, Fiction, mystery & detective, traditional Blurb, John Lane, IndyPublish, Gallimard, HarperCollins Publishers","Fiction, Father Brown (Fictitious character), English Detective and mystery stories, Clergy, Catholics, Translations into Polish, Catholic Church, Priests, English Short stories, Fiction, mystery & detective, traditional",,"Blurb, John Lane, IndyPublish, Gallimard, HarperCollins Publishers",https://openlibrary.org/works/OL76483W,https://covers.openlibrary.org/b/id/2598178-M.jpg,Open Library API
1913,The Patchwork Girl of Oz,L. Frank Baum,3.3333333,3,0,"The Patchwork Girl of Oz L. Frank Baum Fantasy, Juvenile fiction, Fairy tales, Children's fiction, Fantasy fiction, Oz (imaginary place), fiction, Large type books, Adventure and adventurers, fiction, Oz (Imaginary place) Hervey Press, Dover Publications, Incorporated, Morrow, Open Road Integrated Media, Inc., Alcazar Audioworks","Fantasy, Juvenile fiction, Fairy tales, Children's fiction, Fantasy fiction, Oz (imaginary place), fiction, Large type books, Adventure and adventurers, fiction, Oz (Imaginary place)",,"Hervey Press, Dover Publications, Incorporated, Morrow, Open Road Integrated Media, Inc., Alcazar Audioworks",https://openlibrary.org/works/OL18405W,https://covers.openlibrary.org/b/id/1473369-M.jpg,Open Library API
1913,Обломов,Ива́н Алекса́ндрович Гончаро́в,3.75,8,0,"Обломов Ива́н Алекса́ндрович Гончаро́в Fiction, Readers, Russia in fiction, Russian language, Social life and customs, Fiction, general, Russia (federation), fiction, Fiction, historical, general, Continental european fiction (fictional works by one author), Texts Artemis-verlag, Izd-vo Leningradskogo universiteta, Gos. Izd. Det. Lit., New American Library, G. Allen","Fiction, Readers, Russia in fiction, Russian language, Social life and customs, Fiction, general, Russia (federation), fiction, Fiction, historical, general, Continental european fiction (fictional works by one author), Texts",,"Artemis-verlag, Izd-vo Leningradskogo universiteta, Gos. Izd. Det. Lit., New American Library, G. Allen",https://openlibrary.org/works/OL1139063W,https://covers.openlibrary.org/b/id/5755397-M.jpg,Open Library API
1913,Seven keys to Baldpate,Earl Derr Biggers,3.4285715,21,0,"Seven keys to Baldpate Earl Derr Biggers Fiction, mystery & detective, general, American literature Pulpville Press, Bibliotech Press, Wildside Press, Echo Library, The Perfect Library","Fiction, mystery & detective, general, American literature",,"Pulpville Press, Bibliotech Press, Wildside Press, Echo Library, The Perfect Library",https://openlibrary.org/works/OL6438826W,https://covers.openlibrary.org/b/id/5826544-M.jpg,Open Library API
1914,The Valley of Fear,Arthur Conan Doyle,4.148148,27,0,"The Valley of Fear Arthur Conan Doyle English Detective and mystery stories, Fiction, Private investigators, Private investigators in fiction, Romans, Roman policier anglais, Detective and mystery stories, Chinese Detective and mystery stories, England, fiction, Moriarty, professor (fictitious character), fiction Bertz + Fischer, Penguin Books, Limited, BERKELEY MEDALLION, Penguin Books, Berkley Publishing Corporation","English Detective and mystery stories, Fiction, Private investigators, Private investigators in fiction, Romans, Roman policier anglais, Detective and mystery stories, Chinese Detective and mystery stories, England, fiction, Moriarty, professor (fictitious character), fiction",,"Bertz + Fischer, Penguin Books, Limited, BERKELEY MEDALLION, Penguin Books, Berkley Publishing Corporation",https://openlibrary.org/works/OL262505W,https://covers.openlibrary.org/b/id/8350377-M.jpg,Open Library API
1914,Ulysses,James Joyce,3.375,16,0,"Ulysses James Joyce Married people, Male friendship, Fiction, Historical Fiction, Psychological fiction, Alienation (Social psychology), Textual Criticism, Molly Bloom (Fictitious character), Bloom, Molly (Personaje literario), Men Losada, Project Gutenberg, Yaba Yayınları, Yapi Kredi Yayinlari, Livre de poche","Married people, Male friendship, Fiction, Historical Fiction, Psychological fiction, Alienation (Social psychology), Textual Criticism, Molly Bloom (Fictitious character), Bloom, Molly (Personaje literario), Men",,"Losada, Project Gutenberg, Yaba Yayınları, Yapi Kredi Yayinlari, Livre de poche",https://openlibrary.org/works/OL86318W,https://covers.openlibrary.org/b/id/13136548-M.jpg,Open Library API
1914,The Black Cat,Edgar Allan Poe,4.1,20,0,"The Black Cat Edgar Allan Poe fiction, horror fiction, cats, Children's fiction, short story, first-person narrative, unreliable narrators, self-hatred, gallows, American fiction (fictional works by one author) Audiocite, Dreamscape Media, LLC, Zhonghua shu ju, Worthington Press, Winthrop Press","fiction, horror fiction, cats, Children's fiction, short story, first-person narrative, unreliable narrators, self-hatred, gallows, American fiction (fictional works by one author)",,"Audiocite, Dreamscape Media, LLC, Zhonghua shu ju, Worthington Press, Winthrop Press",https://openlibrary.org/works/OL41068W,https://covers.openlibrary.org/b/id/11709016-M.jpg,Open Library API
1914,Dubliners,James Joyce,3.878049,82,0,"Dubliners James Joyce Daily Express, West Briton, Three Graces, The Lass of Aughrim, alcoholism, confessionals, Jesuits, fiction, concerts, piano Joe Books Inc., Dover Publications, Inc., NuVision Publications, ICON Classics, Independently Published","Daily Express, West Briton, Three Graces, The Lass of Aughrim, alcoholism, confessionals, Jesuits, fiction, concerts, piano",,"Joe Books Inc., Dover Publications, Inc., NuVision Publications, ICON Classics, Independently Published",https://openlibrary.org/works/OL86320W,https://covers.openlibrary.org/b/id/8216412-M.jpg,Open Library API
1914,The Lone Wolf,Louis Joseph Vance,3.3333333,21,0,"The Lone Wolf Louis Joseph Vance Fiction, mystery & detective, general, Criminals, fiction, Paris (france), fiction tredition Verlag, IndyPublish, Blurb, Triangle Books, Pinnacle Press","Fiction, mystery & detective, general, Criminals, fiction, Paris (france), fiction",,"tredition Verlag, IndyPublish, Blurb, Triangle Books, Pinnacle Press",https://openlibrary.org/works/OL7562583W,https://covers.openlibrary.org/b/id/12646762-M.jpg,Open Library API
1914,The warlord of Mars #3,Edgar Rice Burroughs,4.5,8,0,"The warlord of Mars #3 Edgar Rice Burroughs Classic Literature, Fiction, Historical Fiction, Science Fiction, Dejah Thoris (Fictitious character), real science fiction, John Carter, Mars, Martian series, tharks BiblioBazaar, Paperbackshop.Co.UK Ltd - Echo Library, NuVision Publications, Sterling Publishing Co., Inc., Buccaneer Books","Classic Literature, Fiction, Historical Fiction, Science Fiction, Dejah Thoris (Fictitious character), real science fiction, John Carter, Mars, Martian series, tharks",,"BiblioBazaar, Paperbackshop.Co.UK Ltd - Echo Library, NuVision Publications, Sterling Publishing Co., Inc., Buccaneer Books",https://openlibrary.org/works/OL1418137W,https://covers.openlibrary.org/b/id/207141-M.jpg,Open Library API
1914,Kokoro,"夏目漱石, Yoko Ogihara, Fernando Cordobés, Carlos Rubio lópez de la Llave, Nagi Yoshizaki, Makiko Itoh",4.4117646,17,0,"Kokoro 夏目漱石, Yoko Ogihara, Fernando Cordobés, Carlos Rubio lópez de la Llave, Nagi Yoshizaki, Makiko Itoh Translations into English, Fiction, Japan, Social conditions, Roman japonais, Traductions anglaises, Fiction, short stories (single author), Near and far eastern fiction (fictional works by one author), Natsume, soseki, 1867-1916, Japanese literature P. Owen, Peter Owen, Kōdansha, H. Regnery Co., Shinchōsha","Translations into English, Fiction, Japan, Social conditions, Roman japonais, Traductions anglaises, Fiction, short stories (single author), Near and far eastern fiction (fictional works by one author), Natsume, soseki, 1867-1916, Japanese literature",,"P. Owen, Peter Owen, Kōdansha, H. Regnery Co., Shinchōsha",https://openlibrary.org/works/OL1174972W,https://covers.openlibrary.org/b/id/3970410-M.jpg,Open Library API
1914,At the Earth's Core,Edgar Rice Burroughs,3.25,4,0,"At the Earth's Core Edgar Rice Burroughs American Science fiction, Classic Literature, Core, Earth, Fiction, Juvenile Fiction, Science Fiction & Fantasy, Science fiction, Fiction, science fiction, action & adventure, Fantasy fiction A.C. McClurg & Co., Dodo Press, Fictionwise, Inc., Kessinger Publishing, Ace Books","American Science fiction, Classic Literature, Core, Earth, Fiction, Juvenile Fiction, Science Fiction & Fantasy, Science fiction, Fiction, science fiction, action & adventure, Fantasy fiction",,"A.C. McClurg & Co., Dodo Press, Fictionwise, Inc., Kessinger Publishing, Ace Books",https://openlibrary.org/works/OL1417907W,https://covers.openlibrary.org/b/id/9317372-M.jpg,Open Library API
1914,Tik-Tok of Oz,L. Frank Baum,2.5,2,0,"Tik-Tok of Oz L. Frank Baum Fairy tales, Fantasy fiction, Juvenile fiction, Fiction, Oz (Imaginary place), Fantasy, American Fantasy fiction, Classic Literature, Children: Grades 4-6, Children's fiction Sweet Cherry Publishing, Pixabay, Dodo Press, Createspace Independent Publishing Platform, Creative Media Partners, LLC","Fairy tales, Fantasy fiction, Juvenile fiction, Fiction, Oz (Imaginary place), Fantasy, American Fantasy fiction, Classic Literature, Children: Grades 4-6, Children's fiction",,"Sweet Cherry Publishing, Pixabay, Dodo Press, Createspace Independent Publishing Platform, Creative Media Partners, LLC",https://openlibrary.org/works/OL18414W,https://covers.openlibrary.org/b/id/8243277-M.jpg,Open Library API
1914,The World Set Free,"H. G. Wells, Ellen Marriage",3.5,4,0,"The World Set Free H. G. Wells, Ellen Marriage Nuclear warfare, Imaginary wars and battles, Fiction, British and irish fiction (fictional works by one author), Fiction, action & adventure, Fiction, science fiction, general, Long now manual for civilization Leisure Books, Franklin Classics Trade Press, MIT Press, edibooks, Fantastica","Nuclear warfare, Imaginary wars and battles, Fiction, British and irish fiction (fictional works by one author), Fiction, action & adventure, Fiction, science fiction, general, Long now manual for civilization",,"Leisure Books, Franklin Classics Trade Press, MIT Press, edibooks, Fantastica",https://openlibrary.org/works/OL52257W,https://covers.openlibrary.org/b/id/8246099-M.jpg,Open Library API
1915,Anne of the Island,Lucy Maud Montgomery,3.875,16,0,"Anne of the Island Lucy Maud Montgomery College students, Friendship, Universities and colleges, Fiction, Juvenile fiction, College stories, Orphans, History, Children's fiction, Shirley, anne (fictitious character), fiction Joe Books Inc., Audiofy/Blackstone, Page Co, NuVision Publications, HarperFestival","College students, Friendship, Universities and colleges, Fiction, Juvenile fiction, College stories, Orphans, History, Children's fiction, Shirley, anne (fictitious character), fiction",,"Joe Books Inc., Audiofy/Blackstone, Page Co, NuVision Publications, HarperFestival",https://openlibrary.org/works/OL77748W,https://covers.openlibrary.org/b/id/14639028-M.jpg,Open Library API
1915,Metamorphosis,Franz Kafka,4.173333,150,0,"Metamorphosis Franz Kafka Fantasy fiction, Children's fiction, Lectures et morceaux choisis, Fantastique, Nouvelles, Métamorphose, Romans, Famille, Metamorphosis, Die Verwandlung Debate, Philipp Reclam jun. Verlag GmbH, Zeplin Kitap, Bilgi Yayinevi, Prestwick House Inc.","Fantasy fiction, Children's fiction, Lectures et morceaux choisis, Fantastique, Nouvelles, Métamorphose, Romans, Famille, Metamorphosis, Die Verwandlung",,"Debate, Philipp Reclam jun. Verlag GmbH, Zeplin Kitap, Bilgi Yayinevi, Prestwick House Inc.",https://openlibrary.org/works/OL498556W,https://covers.openlibrary.org/b/id/12820198-M.jpg,Open Library API
1915,The Thirty-Nine Steps,John Buchan,3.8,25,0,"The Thirty-Nine Steps John Buchan Hannay, richard (fictitious character), fiction, Great britain, fiction, Fiction, espionage, English language, Fiction, Fugitives from justice, Intelligence service, Missing persons, Richard Hannay (Fictitious character), Secret societies Facsimile Publisher, Capitoline Publishing, Blurb, IndyPublish, D.R. Godine","Hannay, richard (fictitious character), fiction, Great britain, fiction, Fiction, espionage, English language, Fiction, Fugitives from justice, Intelligence service, Missing persons, Richard Hannay (Fictitious character), Secret societies",,"Facsimile Publisher, Capitoline Publishing, Blurb, IndyPublish, D.R. Godine",https://openlibrary.org/works/OL76524W,https://covers.openlibrary.org/b/id/93020-M.jpg,Open Library API
1915,Of Human Bondage,William Somerset Maugham,4.1666665,12,0,"Of Human Bondage William Somerset Maugham People with disabilities, fiction, Orphans, fiction, Physically handicapped, fiction, Bildungsromans, British and Irish fiction (fictional works by one author), Physicians, fiction, Artists, fiction, Coming of age, fiction, England, fiction, Literature Joe Books Inc., SUN DIAL PRESS, Iboo Press, Garden City Pub. Co., Independently Published","People with disabilities, fiction, Orphans, fiction, Physically handicapped, fiction, Bildungsromans, British and Irish fiction (fictional works by one author), Physicians, fiction, Artists, fiction, Coming of age, fiction, England, fiction, Literature",,"Joe Books Inc., SUN DIAL PRESS, Iboo Press, Garden City Pub. Co., Independently Published",https://openlibrary.org/works/OL505781W,https://covers.openlibrary.org/b/id/5277723-M.jpg,Open Library API
1915,Herland,"Charlotte Perkins Gilman, Alex Goody, Eva Kumar, Evelynn D. Smith, Chavdar Georgiev, Booking, Aurora Irvine",3.8888888,9,0,"Herland Charlotte Perkins Gilman, Alex Goody, Eva Kumar, Evelynn D. Smith, Chavdar Georgiev, Booking, Aurora Irvine Utopias, Fiction, Women, Matriarchat, Utopie, Classic Literature, open_syllabus_project, Matriarchy, Sex role, American fiction (fictional works by one author) Wyatt North, tredition Verlag, Echo Library, 1st World Library - Literary Society, Read Books","Utopias, Fiction, Women, Matriarchat, Utopie, Classic Literature, open_syllabus_project, Matriarchy, Sex role, American fiction (fictional works by one author)",,"Wyatt North, tredition Verlag, Echo Library, 1st World Library - Literary Society, Read Books",https://openlibrary.org/works/OL2771987W,https://covers.openlibrary.org/b/id/448130-M.jpg,Open Library API
1915,As I Lay Dying,William Faulkner,3.5833333,12,0,"As I Lay Dying William Faulkner American Manuscripts, Death, Burial, Open Library Staff Picks, Fiction in English, Stream-of-Consciousness, Facsimiles, Fiction, Problem families, Married women J. Cape, H. Smith, Lythway Press, Random House, Penguin Putnam~trade, Vintage","American Manuscripts, Death, Burial, Open Library Staff Picks, Fiction in English, Stream-of-Consciousness, Facsimiles, Fiction, Problem families, Married women",,"J. Cape, H. Smith, Lythway Press, Random House, Penguin Putnam~trade, Vintage",https://openlibrary.org/works/OL82929W,https://covers.openlibrary.org/b/id/9327716-M.jpg,Open Library API
1915,The Rainbow,D. H. Lawrence,3.6,5,0,"The Rainbow D. H. Lawrence Fiction, Families, Family, Families in fiction, Family in fiction, Domestic fiction, Romance Ingles, Religious Psychology, Religion, Psychoanalysis Viking Press, Wordsworth Editions Ltd, Oxford University Press, Bantam Classics, West Margin Press","Fiction, Families, Family, Families in fiction, Family in fiction, Domestic fiction, Romance Ingles, Religious Psychology, Religion, Psychoanalysis",,"Viking Press, Wordsworth Editions Ltd, Oxford University Press, Bantam Classics, West Margin Press",https://openlibrary.org/works/OL81293W,https://covers.openlibrary.org/b/id/13028918-M.jpg,Open Library API
1915,The Scarecrow of Oz,L. Frank Baum,3.4444444,9,0,"The Scarecrow of Oz L. Frank Baum Classic Literature, Fantasy, Fiction, Fairy tales, Children's fiction, Fantasy fiction, Oz (imaginary place), fiction, Dorothy Gale (Fictitious character), Juvenile fiction, Fiction, fantasy, general Start Publishing LLC, Franklin Classics Trade Press, Books of Wonder, MiraVista Interactive, IDB Productions","Classic Literature, Fantasy, Fiction, Fairy tales, Children's fiction, Fantasy fiction, Oz (imaginary place), fiction, Dorothy Gale (Fictitious character), Juvenile fiction, Fiction, fantasy, general",,"Start Publishing LLC, Franklin Classics Trade Press, Books of Wonder, MiraVista Interactive, IDB Productions",https://openlibrary.org/works/OL262352W,https://covers.openlibrary.org/b/id/431586-M.jpg,Open Library API
1915,The Good Soldier,Ford Madox Ford,3.75,8,0,"The Good Soldier Ford Madox Ford Fiction, family life, Married people, fiction, Friendship, fiction, Germany, fiction, British and irish fiction (fictional works by one author), Fiction, family life, general, Adultery, British, Classic Literature, Fiction Alfred A. knopf, Tutis Digital Publishing Pvt. Limited, Classic Books, Roads Publishing, ICON Reference","Fiction, family life, Married people, fiction, Friendship, fiction, Germany, fiction, British and irish fiction (fictional works by one author), Fiction, family life, general, Adultery, British, Classic Literature, Fiction",,"Alfred A. knopf, Tutis Digital Publishing Pvt. Limited, Classic Books, Roads Publishing, ICON Reference",https://openlibrary.org/works/OL509889W,https://covers.openlibrary.org/b/id/908543-M.jpg,Open Library API
1915,Voyage Out,Virginia Woolf,3.5,4,0,"Voyage Out Virginia Woolf Man-woman relationships, fiction, Fiction, general, Young women, fiction, Young women -- Fiction, Love stories, Bildungsromans, Ocean travel -- Fiction, Women travelers -- Fiction, British -- South America -- Fiction, Fiction Independently Published, Alma Classics, Mybook, Hard Press, The Hogarth Press","Man-woman relationships, fiction, Fiction, general, Young women, fiction, Young women -- Fiction, Love stories, Bildungsromans, Ocean travel -- Fiction, Women travelers -- Fiction, British -- South America -- Fiction, Fiction",,"Independently Published, Alma Classics, Mybook, Hard Press, The Hogarth Press",https://openlibrary.org/works/OL27064817W,https://covers.openlibrary.org/b/id/12621766-M.jpg,Open Library API
1916,"Thuvia, Maid of Mars","Edgar Rice Burroughs, Craig Trahan, Eric King, J. Allen St. John",4.428571,7,0,"Thuvia, Maid of Mars Edgar Rice Burroughs, Craig Trahan, Eric King, J. Allen St. John American Science fiction, Fiction, Science fiction, American, Science Fiction, Classic Literature, John Carter (Fictitious character), Martians, Fiction, science fiction, general, Fiction, science fiction, action & adventure, Barsoom (imaginary place), fiction Start Publishing LLC, Aberdeen Press, Wildside Press, River Press, B & B Audio","American Science fiction, Fiction, Science fiction, American, Science Fiction, Classic Literature, John Carter (Fictitious character), Martians, Fiction, science fiction, general, Fiction, science fiction, action & adventure, Barsoom (imaginary place), fiction",,"Start Publishing LLC, Aberdeen Press, Wildside Press, River Press, B & B Audio",https://openlibrary.org/works/OL1418128W,https://covers.openlibrary.org/b/id/284442-M.jpg,Open Library API
1916,Rinkitink in Oz,L. Frank Baum,4.0,4,0,"Rinkitink in Oz L. Frank Baum Classic Literature, Fantasy, Fantasy fiction, Fiction, Juvenile Fiction, Oz (Imaginary place), Children's fiction, Oz (imaginary place), fiction, Fiction, fantasy, general Echo Library, Read Books, North Books, 1st World Library, YurbART","Classic Literature, Fantasy, Fantasy fiction, Fiction, Juvenile Fiction, Oz (Imaginary place), Children's fiction, Oz (imaginary place), fiction, Fiction, fantasy, general",,"Echo Library, Read Books, North Books, 1st World Library, YurbART",https://openlibrary.org/works/OL262376W,https://covers.openlibrary.org/b/id/765814-M.jpg,Open Library API
1916,The power-house,John Buchan,3.875,16,0,"The power-house John Buchan Edward Leithen (Fictitious character), Fiction, Fiction, action & adventure, Fiction, thrillers, general, Fiction, mystery & detective, general, Fiction, legal, Lawyers, fiction, Scotland, fiction, Fiction, general, Lawyers B & W Publishing, Dent, House of Stratus, The Editorium, LLC, Pan","Edward Leithen (Fictitious character), Fiction, Fiction, action & adventure, Fiction, thrillers, general, Fiction, mystery & detective, general, Fiction, legal, Lawyers, fiction, Scotland, fiction, Fiction, general, Lawyers",,"B & W Publishing, Dent, House of Stratus, The Editorium, LLC, Pan",https://openlibrary.org/works/OL76582W,https://covers.openlibrary.org/b/id/2039354-M.jpg,Open Library API
1916,The Mysterious Stranger,Mark Twain,3.8,5,0,"The Mysterious Stranger Mark Twain American Humorous stories, Social life and customs, Open Library Staff Picks, Fiction, Manuscripts, Devil, American fiction (fictional works by one author), Twain, mark, 1835-1910, Austria, fiction, Fiction, fantasy, historical New American Library, Kessinger Publishing, LLC, Harper & Brothers, Rey Lear, Reprint Services Corporation","American Humorous stories, Social life and customs, Open Library Staff Picks, Fiction, Manuscripts, Devil, American fiction (fictional works by one author), Twain, mark, 1835-1910, Austria, fiction, Fiction, fantasy, historical",,"New American Library, Kessinger Publishing, LLC, Harper & Brothers, Rey Lear, Reprint Services Corporation",https://openlibrary.org/works/OL54158W,https://covers.openlibrary.org/b/id/9173884-M.jpg,Open Library API
1916,Tarzan and the Jewels of Opar,Edgar Rice Burroughs,4.0,4,0,"Tarzan and the Jewels of Opar Edgar Rice Burroughs Classic Literature, Fiction, Tarzan (Fictitious character), Non-Classifiable, Tarzan (fictitious character), fiction, Africa, fiction, Fiction, action & adventure, Tarzan (Fictitious character) -- Fiction, Fantasy fiction, Adventure stories A.C. McClurg & Co., House of Greystoke, IndyPublish, Independently Published, New English Library","Classic Literature, Fiction, Tarzan (Fictitious character), Non-Classifiable, Tarzan (fictitious character), fiction, Africa, fiction, Fiction, action & adventure, Tarzan (Fictitious character) -- Fiction, Fantasy fiction, Adventure stories",,"A.C. McClurg & Co., House of Greystoke, IndyPublish, Independently Published, New English Library",https://openlibrary.org/works/OL1418248W,https://covers.openlibrary.org/b/id/8235276-M.jpg,Open Library API
1916,The Ivory Child,H. Rider Haggard,5.0,1,0,"The Ivory Child H. Rider Haggard Fiction, action & adventure, Quatermain, allan (fictitious character), fiction, Fiction, thrillers, suspense, Fiction, fantasy, general, English literature West Margin Press, Independently Published, collection books, Mybook, Waking Lion Press","Fiction, action & adventure, Quatermain, allan (fictitious character), fiction, Fiction, thrillers, suspense, Fiction, fantasy, general, English literature",,"West Margin Press, Independently Published, collection books, Mybook, Waking Lion Press",https://openlibrary.org/works/OL17515W,https://covers.openlibrary.org/b/id/5815386-M.jpg,Open Library API
1916,The Mysterious Stranger and Other Stories (7 works),"Mark Twain, Edmund Reiss",4.0,2,0,"The Mysterious Stranger and Other Stories (7 works) Mark Twain, Edmund Reiss American Humorous stories, Fiction, Quotations, Social life and customs, United States in fiction, Fiction, short stories (single author), United states, social life and customs, fiction, American fiction (fictional works by one author), Fiction, general, Children's fiction Harper, Independently Published, Harper & Brothers, Xist Publishing, Digireads.com","American Humorous stories, Fiction, Quotations, Social life and customs, United States in fiction, Fiction, short stories (single author), United states, social life and customs, fiction, American fiction (fictional works by one author), Fiction, general, Children's fiction",,"Harper, Independently Published, Harper & Brothers, Xist Publishing, Digireads.com",https://openlibrary.org/works/OL54018W,https://covers.openlibrary.org/b/id/9162030-M.jpg,Open Library API
1916,Penrod and Sam,Booth Tarkington,3.5,2,0,"Penrod and Sam Booth Tarkington Boys, Fiction, Male friendship, Indiana, fiction, Fiction, humorous, Friendship, fiction, Fiction, coming of age, Fiction, humorous, general, Large type books General Books LLC, Floating Press, The, Echo Library, Read Books, Junior Deluxe Editions","Boys, Fiction, Male friendship, Indiana, fiction, Fiction, humorous, Friendship, fiction, Fiction, coming of age, Fiction, humorous, general, Large type books",,"General Books LLC, Floating Press, The, Echo Library, Read Books, Junior Deluxe Editions",https://openlibrary.org/works/OL54890W,https://covers.openlibrary.org/b/id/5775045-M.jpg,Open Library API
1916,Подросток,Фёдор Михайлович Достоевский,4.0,3,0,"Подросток Фёдор Михайлович Достоевский Continental european fiction (fictional works by one author), Fiction, Identity (Philosophical concept), Social life and customs, Russian Authors, Russian fiction, Translations into English, History, Social conditions Izdatelstvo Khudozhestvennayo Literatura, William Heinemann Ltd., Norton & Co., NXB Trke, Macmillan Pub Co","Continental european fiction (fictional works by one author), Fiction, Identity (Philosophical concept), Social life and customs, Russian Authors, Russian fiction, Translations into English, History, Social conditions",,"Izdatelstvo Khudozhestvennayo Literatura, William Heinemann Ltd., Norton & Co., NXB Trke, Macmillan Pub Co",https://openlibrary.org/works/OL10419085W,https://covers.openlibrary.org/b/id/9415384-M.jpg,Open Library API
1917,His Last Bow [8 stories],Arthur Conan Doyle,4.133333,30,0,"His Last Bow [8 stories] Arthur Conan Doyle short stories, Detective and mystery fiction, Fiction, Mystery fiction, Historical fiction, Classic Literature, English Detective and mystery stories, Mystery, Private investigators, Romans Joe Books Inc., John Murray Publishers Ltd, Summit Classic Press, Audiofy/Blackstone, NuVision Publications","short stories, Detective and mystery fiction, Fiction, Mystery fiction, Historical fiction, Classic Literature, English Detective and mystery stories, Mystery, Private investigators, Romans",,"Joe Books Inc., John Murray Publishers Ltd, Summit Classic Press, Audiofy/Blackstone, NuVision Publications",https://openlibrary.org/works/OL262452W,https://covers.openlibrary.org/b/id/8243267-M.jpg,Open Library API
1917,La Chute,Albert Camus,3.7017543,57,0,"La Chute Albert Camus Conscience, Continental european fiction (fictional works by one author), Existentialism, Fiction, psychological, French fiction, French language, French literature, Legal stories, literary fiction Editions Gallimard, Koch, Neff & Oetinger & Co, Createspace Independent Publishing Platform, Penguin Books in association with Hamish Hamilton, Hamish Hamilton","Conscience, Continental european fiction (fictional works by one author), Existentialism, Fiction, psychological, French fiction, French language, French literature, Legal stories, literary fiction",,"Editions Gallimard, Koch, Neff & Oetinger & Co, Createspace Independent Publishing Platform, Penguin Books in association with Hamish Hamilton, Hamish Hamilton",https://openlibrary.org/works/OL1230631W,https://covers.openlibrary.org/b/id/8296477-M.jpg,Open Library API
1917,Anne's House of Dreams,Lucy Maud Montgomery,4.2352943,17,0,"Anne's House of Dreams Lucy Maud Montgomery Country life, Marriage, Juvenile fiction, Friendship, History, Fiction, Fiction, general, Er tong wen xue, Zhang pian xiao shuo, Dreams, fiction George G. Harrap & Co. Ltd., Seal Books, George G. Harrap, Project Gutenberg, Sourcebooks, Incorporated","Country life, Marriage, Juvenile fiction, Friendship, History, Fiction, Fiction, general, Er tong wen xue, Zhang pian xiao shuo, Dreams, fiction",,"George G. Harrap & Co. Ltd., Seal Books, George G. Harrap, Project Gutenberg, Sourcebooks, Incorporated",https://openlibrary.org/works/OL77764W,https://covers.openlibrary.org/b/id/14640440-M.jpg,Open Library API
1917,The Lost Princess of Oz,L. Frank Baum,4.3333335,3,0,"The Lost Princess of Oz L. Frank Baum Fantasy, Juvenile literature, Children's stories, Classic Literature, Fiction, Oz (Imaginary place), Fantasy fiction, Children's fiction, Oz (imaginary place), fiction, Fiction, fantasy, general West Margin Press, Dover Publications, Incorporated, Wildside Press, LLC, Dancing Unicorn Books, The Perfect Library","Fantasy, Juvenile literature, Children's stories, Classic Literature, Fiction, Oz (Imaginary place), Fantasy fiction, Children's fiction, Oz (imaginary place), fiction, Fiction, fantasy, general",,"West Margin Press, Dover Publications, Incorporated, Wildside Press, LLC, Dancing Unicorn Books, The Perfect Library",https://openlibrary.org/works/OL18411W,https://covers.openlibrary.org/b/id/854819-M.jpg,Open Library API
1917,Markens grøde,"Knut Hamsun, William John Alexander Worster",4.4,10,0,"Markens grøde Knut Hamsun, William John Alexander Worster Literature, Fiction, Classic Literature, Norway -- Fiction., Norway, fiction, Fiction, general, Frontier and pioneer life, Pioneers, Farmers Gyldendal, Franklin Classics Trade Press, Vintage, Alfred A. Knopf, Barnes & Noble, Incorporated","Literature, Fiction, Classic Literature, Norway -- Fiction., Norway, fiction, Fiction, general, Frontier and pioneer life, Pioneers, Farmers",,"Gyldendal, Franklin Classics Trade Press, Vintage, Alfred A. Knopf, Barnes & Noble, Incorporated",https://openlibrary.org/works/OL573191W,https://covers.openlibrary.org/b/id/5746701-M.jpg,Open Library API
1917,Summer,Edith Wharton,3.8333333,6,0,"Summer Edith Wharton Fiction, Romance, Historical, Victorian, Young women, fiction, Guardian and ward,  fiction, Man-woman relationships, fiction, Classic Literature, fiction, Love stories, fiction, Literary, American fiction (fictional works by one author)"", Massachusetts, fiction, American literature Barnes & Noble Books, Bantam Classics, Collier Books, Echo Library, IndyPublish","Fiction, Romance, Historical, Victorian, Young women, fiction, Guardian and ward,  fiction, Man-woman relationships, fiction, Classic Literature, fiction, Love stories, fiction, Literary, American fiction (fictional works by one author)"", Massachusetts, fiction, American literature",,"Barnes & Noble Books, Bantam Classics, Collier Books, Echo Library, IndyPublish",https://openlibrary.org/works/OL98586W,https://covers.openlibrary.org/b/id/9329550-M.jpg,Open Library API
1917,The shadow-line,Joseph Conrad,4.25,4,0,"The shadow-line Joseph Conrad Ship captains, Fiction, English Adventure stories, Classic Literature, Literature, British and irish fiction (fictional works by one author), Conrad, Joseph, in fiction, Sea stories, Maritime fiction, Large type books IndyPublish, Portmay Press, Paperbackshop.Co.UK Ltd - Echo Library, Littlehampton Book Services Ltd, Independently Published","Ship captains, Fiction, English Adventure stories, Classic Literature, Literature, British and irish fiction (fictional works by one author), Conrad, Joseph, in fiction, Sea stories, Maritime fiction, Large type books",,"IndyPublish, Portmay Press, Paperbackshop.Co.UK Ltd - Echo Library, Littlehampton Book Services Ltd, Independently Published",https://openlibrary.org/works/OL38827W,https://covers.openlibrary.org/b/id/8242332-M.jpg,Open Library API
1917,Understood Betsy,Dorothy Canfield Fisher,4.25,4,0,"Understood Betsy Dorothy Canfield Fisher Fiction, Country life, Orphans, Self-perception, Juvenile fiction, Farm life, Children's fiction, Self-perception, fiction, Orphans, fiction, Country life, fiction Amereon Ltd, Buccaneer Books, H. Holt and company, Holt, Dell","Fiction, Country life, Orphans, Self-perception, Juvenile fiction, Farm life, Children's fiction, Self-perception, fiction, Orphans, fiction, Country life, fiction",,"Amereon Ltd, Buccaneer Books, H. Holt and company, Holt, Dell",https://openlibrary.org/works/OL19235W,https://covers.openlibrary.org/b/id/5596279-M.jpg,Open Library API
1917,The Affair at the Semiramis Hotel,A. E. W. Mason,5.0,1,0,"The Affair at the Semiramis Hotel A. E. W. Mason Fiction, general CreateSpace Independent Publishing Platform, C. Scribner's sons, Charles Scribner's Sons, Forgotten Books, Franklin Classics","Fiction, general",,"CreateSpace Independent Publishing Platform, C. Scribner's sons, Charles Scribner's Sons, Forgotten Books, Franklin Classics",https://openlibrary.org/works/OL532398W,https://covers.openlibrary.org/b/id/14428518-M.jpg,Open Library API
1918,The Gods of Mars,Edgar Rice Burroughs,4.2,10,0,"The Gods of Mars Edgar Rice Burroughs Fiction, science fiction, general, American Science fiction, Classic Literature, Fiction, Historical Fiction, Science fiction, Science fiction, American, John Carter (Fictitious character), Life on other planets, English Science fiction A.C. McClurg & Co., Dodo Press, Denton & White, Fictionwise, Inc., Kessinger Publishing","Fiction, science fiction, general, American Science fiction, Classic Literature, Fiction, Historical Fiction, Science fiction, Science fiction, American, John Carter (Fictitious character), Life on other planets, English Science fiction",,"A.C. McClurg & Co., Dodo Press, Denton & White, Fictionwise, Inc., Kessinger Publishing",https://openlibrary.org/works/OL1417942W,https://covers.openlibrary.org/b/id/207132-M.jpg,Open Library API
1918,Mr. Standfast,John Buchan,4.3636365,11,0,"Mr. Standfast John Buchan Fiction, World War, 1914-1918, Richard Hannay (Fictitious character), Intelligence service, Classic Literature, Thriller, Hannay, richard (fictitious character), fiction, Great britain, fiction, Fiction, thrillers, espionage, World war, 1914-1918, fiction Nelson, Barnes & Noble, Incorporated, Start Publishing LLC, Creative Media Partners, LLC, Wordsworth","Fiction, World War, 1914-1918, Richard Hannay (Fictitious character), Intelligence service, Classic Literature, Thriller, Hannay, richard (fictitious character), fiction, Great britain, fiction, Fiction, thrillers, espionage, World war, 1914-1918, fiction",,"Nelson, Barnes & Noble, Incorporated, Start Publishing LLC, Creative Media Partners, LLC, Wordsworth",https://openlibrary.org/works/OL76598W,https://covers.openlibrary.org/b/id/6962564-M.jpg,Open Library API
1918,The Tin Woodman of Oz,L. Frank Baum,3.375,8,0,"The Tin Woodman of Oz L. Frank Baum Giants, Juvenile fiction, Fiction, Oz (Imaginary place), Fantasy, Children's stories, Fantasy fiction, Children's fiction, Oz (imaginary place), fiction, Fiction, historical, general Sweet Cherry Publishing, Dodo Press, Charles River Editors, Del Rey, Rand McNally","Giants, Juvenile fiction, Fiction, Oz (Imaginary place), Fantasy, Children's stories, Fantasy fiction, Children's fiction, Oz (imaginary place), fiction, Fiction, historical, general",,"Sweet Cherry Publishing, Dodo Press, Charles River Editors, Del Rey, Rand McNally",https://openlibrary.org/works/OL262381W,https://covers.openlibrary.org/b/id/755973-M.jpg,Open Library API
1918,The Return of the Soldier,Rebecca West,4.6666665,3,0,"The Return of the Soldier Rebecca West World War, 1914-1918, Man-woman relationships, Literature, Classic Literature, Country homes, Amnesia, War neuroses, Soldiers, Fiction, World war, 1914-1918, fiction Franklin Classics, Creative Media Partners, LLC, ISIS, Digireads.com, Penguin USA, Inc.","World War, 1914-1918, Man-woman relationships, Literature, Classic Literature, Country homes, Amnesia, War neuroses, Soldiers, Fiction, World war, 1914-1918, fiction",,"Franklin Classics, Creative Media Partners, LLC, ISIS, Digireads.com, Penguin USA, Inc.",https://openlibrary.org/works/OL27834207W,https://covers.openlibrary.org/b/id/13283182-M.jpg,Open Library API
1918,The next person you meet in Heaven,Mitch Albom,4.6,5,0,"The next person you meet in Heaven Mitch Albom Amusement rides, Heaven, Older men, Death, Future life, Amusement parks, Accident victims, Fiction, Large type books, Fiction, visionary & metaphysical HarperCollins Canada, Limited, Sphere, Little, Brown Book Group Limited, HarperCollins, Harper","Amusement rides, Heaven, Older men, Death, Future life, Amusement parks, Accident victims, Fiction, Large type books, Fiction, visionary & metaphysical",,"HarperCollins Canada, Limited, Sphere, Little, Brown Book Group Limited, HarperCollins, Harper",https://openlibrary.org/works/OL19749357W,https://covers.openlibrary.org/b/id/12560465-M.jpg,Open Library API
1918,The land that time forgot,Edgar Rice Burroughs,3.6,5,0,"The land that time forgot Edgar Rice Burroughs Prehistoric peoples, Fiction, Dinosaurs, Lost continents, Classic Literature, Fiction, science fiction, general, American Science fiction The Floating Press, Hard Press, Barnes & Noble, 1st World Library - Literary Society, Grosset & Dunlap","Prehistoric peoples, Fiction, Dinosaurs, Lost continents, Classic Literature, Fiction, science fiction, general, American Science fiction",,"The Floating Press, Hard Press, Barnes & Noble, 1st World Library - Literary Society, Grosset & Dunlap",https://openlibrary.org/works/OL1418232W,https://covers.openlibrary.org/b/id/605906-M.jpg,Open Library API
1918,Botchan,"夏目漱石, J. Cohn, J. Cohn, Dennis Washburn, Umeji Sasaki, Yasotaro Morri, Kaori Okura",3.0,1,0,"Botchan 夏目漱石, J. Cohn, J. Cohn, Dennis Washburn, Umeji Sasaki, Yasotaro Morri, Kaori Okura Fiction, Fiction, humorous, Japan, fiction, Near and far eastern fiction (fictional works by one author), Teachers, fiction, Fiction, humorous, general, Boys, Fiction, action & adventure, FICTION / General, Fiction, general P. Owen, Hard Press, tredition Verlag, Gyōsei, Benseisha","Fiction, Fiction, humorous, Japan, fiction, Near and far eastern fiction (fictional works by one author), Teachers, fiction, Fiction, humorous, general, Boys, Fiction, action & adventure, FICTION / General, Fiction, general",,"P. Owen, Hard Press, tredition Verlag, Gyōsei, Benseisha",https://openlibrary.org/works/OL1174969W,https://covers.openlibrary.org/b/id/4788315-M.jpg,Open Library API
1918,Moon of Israel,H. Rider Haggard,1.0,1,0,"Moon of Israel H. Rider Haggard The Exodus, Fiction, Egypt, fiction, Fiction, christian, historical, Fiction, fantasy, general, Fiction, action & adventure, Fiction, religious, Fiction, romance, historical, ancient world, Fiction, romance, multicultural & interracial, Fiction, fantasy, action & adventure 1st World Library - Literary Society, Open Road Integrated Media, Inc., Franklin Classics Trade Press, Cosimo Classics, Publishers of the Valley","The Exodus, Fiction, Egypt, fiction, Fiction, christian, historical, Fiction, fantasy, general, Fiction, action & adventure, Fiction, religious, Fiction, romance, historical, ancient world, Fiction, romance, multicultural & interracial, Fiction, fantasy, action & adventure",,"1st World Library - Literary Society, Open Road Integrated Media, Inc., Franklin Classics Trade Press, Cosimo Classics, Publishers of the Valley",https://openlibrary.org/works/OL17524W,https://covers.openlibrary.org/b/id/2009299-M.jpg,Open Library API
1919,Demian,Hermann Hesse,4.2105265,57,0,"Demian Hermann Hesse Teenage boys, Translations into English, Bildungsromans, Fiction, German fiction, Germany, Bildungsroman, Social conditions, Translations into Portuguese, Portuguese fiction Bibliothek Suhrkamp, Peter Owen, Boni and Liveright, Perennial Classics, Cenit","Teenage boys, Translations into English, Bildungsromans, Fiction, German fiction, Germany, Bildungsroman, Social conditions, Translations into Portuguese, Portuguese fiction",,"Bibliothek Suhrkamp, Peter Owen, Boni and Liveright, Perennial Classics, Cenit",https://openlibrary.org/works/OL30457295W,https://covers.openlibrary.org/b/id/12569297-M.jpg,Open Library API
1919,The moon and sixpence,William Somerset Maugham,4.7777777,9,0,"The moon and sixpence William Somerset Maugham British and irish fiction (fictional works by one author), Fiction, psychological, Tahiti, fiction, Artists, fiction, American fiction, Classic Literature, England in fiction, Fiction, Historical Fiction, Literature Garden City Pub. Co., ISIS Large Print Books, Bookcassette, Independently Published, Barnes & Noble, Incorporated","British and irish fiction (fictional works by one author), Fiction, psychological, Tahiti, fiction, Artists, fiction, American fiction, Classic Literature, England in fiction, Fiction, Historical Fiction, Literature",,"Garden City Pub. Co., ISIS Large Print Books, Bookcassette, Independently Published, Barnes & Noble, Incorporated",https://openlibrary.org/works/OL505740W,https://covers.openlibrary.org/b/id/314604-M.jpg,Open Library API
1919,The Haunted Bookshop,Christopher Morley,4.125,8,0,"The Haunted Bookshop Christopher Morley Detective and mystery stories, Booksellers and bookselling, Fiction, Mystery and detective stories, Classic Literature, New york (n.y.), fiction, Fiction, mystery & detective, general, Booksellers and bookselling, fiction, Fiction, general, Bookstores Grossett & Dunlap, Classic Books Library, J. B. Lippincott Company, J.B. Lippincott Co., Grosset & Dunlap","Detective and mystery stories, Booksellers and bookselling, Fiction, Mystery and detective stories, Classic Literature, New york (n.y.), fiction, Fiction, mystery & detective, general, Booksellers and bookselling, fiction, Fiction, general, Bookstores",,"Grossett & Dunlap, Classic Books Library, J. B. Lippincott Company, J.B. Lippincott Co., Grosset & Dunlap",https://openlibrary.org/works/OL619317W,https://covers.openlibrary.org/b/id/935927-M.jpg,Open Library API
1919,Jurgen,James Branch Cabell,3.8888888,9,0,"Jurgen James Branch Cabell Classic Literature, Fantasy, Fiction, Middle Ages, Devil, Wives, Poictesme (imaginary place), fiction, Fiction, fantasy, historical, Fiction, fantasy, epic, Fiction, humorous, general Robert M. McBride & Co., Printed for the members of the Limited Editions Club, Grosset & Dunlap, West Margin Press, Echo Library","Classic Literature, Fantasy, Fiction, Middle Ages, Devil, Wives, Poictesme (imaginary place), fiction, Fiction, fantasy, historical, Fiction, fantasy, epic, Fiction, humorous, general",,"Robert M. McBride & Co., Printed for the members of the Limited Editions Club, Grosset & Dunlap, West Margin Press, Echo Library",https://openlibrary.org/works/OL6585796W,https://covers.openlibrary.org/b/id/5553063-M.jpg,Open Library API
1919,The Moon Pool,A. Merritt,3.3333333,3,0,"The Moon Pool A. Merritt Fiction, Botanists, Geographical myths, Paranormal fiction, Kidnapping, Fantasy, Imaginary places, Legends, Fiction, science fiction, general, Fiction, mystery & detective, general Nasionale Boekhandel, Collier Books, Simon & Schuster, Independently Published, FISCHER Taschenbuch","Fiction, Botanists, Geographical myths, Paranormal fiction, Kidnapping, Fantasy, Imaginary places, Legends, Fiction, science fiction, general, Fiction, mystery & detective, general",,"Nasionale Boekhandel, Collier Books, Simon & Schuster, Independently Published, FISCHER Taschenbuch",https://openlibrary.org/works/OL4104767W,https://covers.openlibrary.org/b/id/9317374-M.jpg,Open Library API
1919,Rainbow Valley,Lucy Maud Montgomery,4.0,4,0,"Rainbow Valley Lucy Maud Montgomery Orphans, Fiction, French-Canadian fiction, Polish language materials, Juvenile fiction, Adventure stories, Family life, Fiction, general, Brothers and sisters, fiction, Family life, fiction LibriVox, The Perfect Library, Feedbooks, Frederick A. Stokes Company, Ren Kitap","Orphans, Fiction, French-Canadian fiction, Polish language materials, Juvenile fiction, Adventure stories, Family life, Fiction, general, Brothers and sisters, fiction, Family life, fiction",,"LibriVox, The Perfect Library, Feedbooks, Frederick A. Stokes Company, Ren Kitap",https://openlibrary.org/works/OL77756W,https://covers.openlibrary.org/b/id/14641168-M.jpg,Open Library API
1919,The League of the Scarlet Pimpernel,Emma Orczy,3.6666667,12,0,"The League of the Scarlet Pimpernel Emma Orczy Classic Literature, Fiction, History, Sir Blakeney, Percy (Fictitious character), British, Fiction, action & adventure, Fiction, historical, France, history, revolution, 1789-1799, fiction, Blakeney, percy, sir (fictitious character), fiction, France, fiction Amereon Ltd, Kessinger Publishing, West Margin Press, Buccaneer Books, Book Jungle","Classic Literature, Fiction, History, Sir Blakeney, Percy (Fictitious character), British, Fiction, action & adventure, Fiction, historical, France, history, revolution, 1789-1799, fiction, Blakeney, percy, sir (fictitious character), fiction, France, fiction",,"Amereon Ltd, Kessinger Publishing, West Margin Press, Buccaneer Books, Book Jungle",https://openlibrary.org/works/OL286350W,https://covers.openlibrary.org/b/id/2783870-M.jpg,Open Library API
1919,Night and Day,Virginia Woolf,3.3333333,3,0,"Night and Day Virginia Woolf Biographers, Literature, Fiction, Triangles (Interpersonal relations), Classic Literature, Family relationships, English Romance fiction, British and Irish fiction (fictional works by one author), Young women, fiction, Mothers and daughters, fiction Zemorah, Bitan, Portmay Press, Granada, tredition Verlag, Fischer Taschenbuch Verlag","Biographers, Literature, Fiction, Triangles (Interpersonal relations), Classic Literature, Family relationships, English Romance fiction, British and Irish fiction (fictional works by one author), Young women, fiction, Mothers and daughters, fiction",,"Zemorah, Bitan, Portmay Press, Granada, tredition Verlag, Fischer Taschenbuch Verlag",https://openlibrary.org/works/OL39571W,https://covers.openlibrary.org/b/id/1471349-M.jpg,Open Library API
1919,The Middle Temple Murder,Joseph Smith Fletcher,3.0,1,0,"The Middle Temple Murder Joseph Smith Fletcher London (england), fiction, Journalists, fiction, Crime, fiction, Fiction, mystery & detective, general, Fiction, Middle Temple (London, England) Lythway Press, Liese. Outside The Box, Andreas, Nautical & Aviation Publishing Company of Ame, Wildside Press, The Perfect Library","London (england), fiction, Journalists, fiction, Crime, fiction, Fiction, mystery & detective, general, Fiction, Middle Temple (London, England)",,"Lythway Press, Liese. Outside The Box, Andreas, Nautical & Aviation Publishing Company of Ame, Wildside Press, The Perfect Library",https://openlibrary.org/works/OL1797756W,https://covers.openlibrary.org/b/id/5842420-M.jpg,Open Library API
1919,The Sheik,E. M. Hull,4.3333335,3,0,"The Sheik E. M. Hull collectionID:Gbodice_ripper, collectionID:Sleazy_pulp, British, Classic Literature, Fiction, Kidnapping, Romance, Historical romance, Fiction, romance, general, Egypt, fiction BiblioBazaar, eBooksLib, Hard Press, Classic Books, Duckworth","collectionID:Gbodice_ripper, collectionID:Sleazy_pulp, British, Classic Literature, Fiction, Kidnapping, Romance, Historical romance, Fiction, romance, general, Egypt, fiction",,"BiblioBazaar, eBooksLib, Hard Press, Classic Books, Duckworth",https://openlibrary.org/works/OL6101936W,https://covers.openlibrary.org/b/id/8260383-M.jpg,Open Library API
1920,The Great Gatsby,F. Scott Fitzgerald,3.965812,234,0,"The Great Gatsby F. Scott Fitzgerald Married people, fiction, American fiction (fictional works by one author), Fiction, psychological, Long island (n.y.), fiction, Fiction, Rich people, Mistresses, Married women, Traffic accidents, First loves Marti Yayinlari, Zeplin Kitap, Kiddy Monster Publications, Scribner UK, Círculo de Lectores, S.A.","Married people, fiction, American fiction (fictional works by one author), Fiction, psychological, Long island (n.y.), fiction, Fiction, Rich people, Mistresses, Married women, Traffic accidents, First loves",,"Marti Yayinlari, Zeplin Kitap, Kiddy Monster Publications, Scribner UK, Círculo de Lectores, S.A.",https://openlibrary.org/works/OL468431W,https://covers.openlibrary.org/b/id/10590366-M.jpg,Open Library API
1920,The Mysterious Affair at Styles,Agatha Christie,4.034483,87,0,"The Mysterious Affair at Styles Agatha Christie Fiction, Mystery, Crime Fiction, Mystery Thriller, Thriller, Adult, Classic Literature, British Literature, Hercule Poirot (Fictitious Character), Tommy Beresford (Fictitious Character) The Classic Collection, Project Gutenberg, Intell World Publishers, Audiofy/Audio Partners, Mud Puddle, Incorporated","Fiction, Mystery, Crime Fiction, Mystery Thriller, Thriller, Adult, Classic Literature, British Literature, Hercule Poirot (Fictitious Character), Tommy Beresford (Fictitious Character)",,"The Classic Collection, Project Gutenberg, Intell World Publishers, Audiofy/Audio Partners, Mud Puddle, Incorporated",https://openlibrary.org/works/OL472715W,https://covers.openlibrary.org/b/id/13699667-M.jpg,Open Library API
1920,The Tale of Peter Rabbit,Beatrix Potter,3.9791667,48,0,"The Tale of Peter Rabbit Beatrix Potter Rabbits, fiction, Children's fiction, Senses and sensation, fiction, Adventure and adventurers, fiction, Pictorial works, Juvenile fiction, Rabbits, Children's stories, English, Peter rabbit (fictitious character), fiction, Toy and movable books Frederick Warne., Weston Woods, Simon & Schuster Books For Young Readers, Fukuinkan Shoten, Scholastic Inc.","Rabbits, fiction, Children's fiction, Senses and sensation, fiction, Adventure and adventurers, fiction, Pictorial works, Juvenile fiction, Rabbits, Children's stories, English, Peter rabbit (fictitious character), fiction, Toy and movable books",,"Frederick Warne., Weston Woods, Simon & Schuster Books For Young Readers, Fukuinkan Shoten, Scholastic Inc.",https://openlibrary.org/works/OL26460746W,https://covers.openlibrary.org/b/id/2557658-M.jpg,Open Library API
1920,The Beautiful and Damned,F. Scott Fitzgerald,4.090909,11,0,"The Beautiful and Damned F. Scott Fitzgerald Fiction, Inheritance and succession, fiction, Married people, fiction, Family life, fiction, Socialites, fiction, Young men, fiction, Alcoholics, fiction, Facsimiles, History, Rich people Alianza Editorial Sa, Bantam Classics, Cosimo, Inc., Sound Room Publishers, Incorporated, IndyPublish","Fiction, Inheritance and succession, fiction, Married people, fiction, Family life, fiction, Socialites, fiction, Young men, fiction, Alcoholics, fiction, Facsimiles, History, Rich people",,"Alianza Editorial Sa, Bantam Classics, Cosimo, Inc., Sound Room Publishers, Incorporated, IndyPublish",https://openlibrary.org/works/OL468362W,https://covers.openlibrary.org/b/id/7152019-M.jpg,Open Library API
1920,The Age of Innocence,Edith Wharton,3.5416667,48,0,"The Age of Innocence Edith Wharton Fiction, Triangles (Interpersonal relations), Upper class, Married people, Separated people, Social life and customs, Marriage, Separated women, Upper classes, Social norms Grosset and Dunlap, Everyman's Library/A.A. Knopf, Race Point Publishing, Blackstone Pub, Houghton Mifflin","Fiction, Triangles (Interpersonal relations), Upper class, Married people, Separated people, Social life and customs, Marriage, Separated women, Upper classes, Social norms",,"Grosset and Dunlap, Everyman's Library/A.A. Knopf, Race Point Publishing, Blackstone Pub, Houghton Mifflin",https://openlibrary.org/works/OL98491W,https://covers.openlibrary.org/b/id/11196262-M.jpg,Open Library API
1920,This Side of Paradise,F. Scott Fitzgerald,3.9411764,17,0,"This Side of Paradise F. Scott Fitzgerald Fiction, Romance, Historical"", Young men, fiction, World War, 1914-1918, Advertising, Veterans, College students, Children of the rich, Facsimiles Digireads, Brand: Bantam Classics, Penguin in association with Bodley Head, ICON Reference, Legend Press","Fiction, Romance, Historical"", Young men, fiction, World War, 1914-1918, Advertising, Veterans, College students, Children of the rich, Facsimiles",,"Digireads, Brand: Bantam Classics, Penguin in association with Bodley Head, ICON Reference, Legend Press",https://openlibrary.org/works/OL468488W,https://covers.openlibrary.org/b/id/8243609-M.jpg,Open Library API
1920,Rilla of Ingleside,Lucy Maud Montgomery,4.75,8,0,"Rilla of Ingleside Lucy Maud Montgomery Children and war, Juvenile fiction, Family life, World War, 1914-1918, Orphans, Fiction, historical, Fiction, historical, general, Chang pian xiao shuo, Children's fiction, Women, fiction The Perfect Library, Book Jungle, Blurb, Incorporated, Rock's Mills Press, Project Gutenberg","Children and war, Juvenile fiction, Family life, World War, 1914-1918, Orphans, Fiction, historical, Fiction, historical, general, Chang pian xiao shuo, Children's fiction, Women, fiction",,"The Perfect Library, Book Jungle, Blurb, Incorporated, Rock's Mills Press, Project Gutenberg",https://openlibrary.org/works/OL77757W,https://covers.openlibrary.org/b/id/14638068-M.jpg,Open Library API
1920,Emily climbs,Lucy Maud Montgomery,3.0,4,0,"Emily climbs Lucy Maud Montgomery Juvenile fiction, Fiction in English, Family, Authorship, Orphans, Fiction, Aunts, Emily Byrd Starr (Fictitious character), Children's fiction, Friendship, fiction Bantam Books, Start Publishing LLC, Frederick A. Stokes Company, Tandem Library, Angus & Robertson","Juvenile fiction, Fiction in English, Family, Authorship, Orphans, Fiction, Aunts, Emily Byrd Starr (Fictitious character), Children's fiction, Friendship, fiction",,"Bantam Books, Start Publishing LLC, Frederick A. Stokes Company, Tandem Library, Angus & Robertson",https://openlibrary.org/works/OL77777W,https://covers.openlibrary.org/b/id/14638110-M.jpg,Open Library API
1920,The Story of Doctor Dolittle,Hugh Lofting,3.4285715,7,0,"The Story of Doctor Dolittle Hugh Lofting Animals, Classic Literature, Children's stories, Fiction, Juvenile fiction, Fantasy, Fantasy fiction, Juvenile works, Children's fiction, Animals, fiction Neeland Media LLC, The Gunston Trust, West Margin Press, McClelland and Stewart, Independently Published","Animals, Classic Literature, Children's stories, Fiction, Juvenile fiction, Fantasy, Fantasy fiction, Juvenile works, Children's fiction, Animals, fiction",,"Neeland Media LLC, The Gunston Trust, West Margin Press, McClelland and Stewart, Independently Published",https://openlibrary.org/works/OL1449046W,https://covers.openlibrary.org/b/id/5262289-M.jpg,Open Library API
1920,Madeleine,Ludwig Bemelmans,4.2765956,47,0,"Madeleine Ludwig Bemelmans Juvenile fiction, Sick, appendicitis, boarding schools, hospitals, surgery, Children's stories, Toy and movable books, Fiction, Stories in rhyme Fukuinkan Shoten, Live Oak Media, Yuan liu chu ban gong si, L'école des loisirs, Scholastic","Juvenile fiction, Sick, appendicitis, boarding schools, hospitals, surgery, Children's stories, Toy and movable books, Fiction, Stories in rhyme",,"Fukuinkan Shoten, Live Oak Media, Yuan liu chu ban gong si, L'école des loisirs, Scholastic",https://openlibrary.org/works/OL1980945W,https://covers.openlibrary.org/b/id/973928-M.jpg,Open Library API
1921,Crome yellow,Aldous Huxley,3.6666667,6,0,"Crome yellow Aldous Huxley Fiction, Intellectuals, Country homes, British and irish fiction (fictional works by one author), England, fiction, Fiction, humorous, general, Literature, English Poets, Fiction, classics, Fiction, satire Penguin books in association with Chatto and Windus, Barnes & Noble Books, Cosimo, Inc., Chatto and Windus, West Margin Press","Fiction, Intellectuals, Country homes, British and irish fiction (fictional works by one author), England, fiction, Fiction, humorous, general, Literature, English Poets, Fiction, classics, Fiction, satire",,"Penguin books in association with Chatto and Windus, Barnes & Noble Books, Cosimo, Inc., Chatto and Windus, West Margin Press",https://openlibrary.org/works/OL64369W,https://covers.openlibrary.org/b/id/5920672-M.jpg,Open Library API
1921,Barbie Horse Trouble Barbie Look Look,Golden Books,3.5333333,15,0,"Barbie Horse Trouble Barbie Look Look Golden Books Horses, Juvenile fiction, Children: Kindergarten, Children: Grades 1-2, Animals, English poetry, Juvenile poetry, Nonsense verses, Children's poetry, English, Poetry Golden books, Golden Books, Golden Books Publishing Company, Random House Books for Young Readers, Tandem Library","Horses, Juvenile fiction, Children: Kindergarten, Children: Grades 1-2, Animals, English poetry, Juvenile poetry, Nonsense verses, Children's poetry, English, Poetry",,"Golden books, Golden Books, Golden Books Publishing Company, Random House Books for Young Readers, Tandem Library",https://openlibrary.org/works/OL8043761W,https://covers.openlibrary.org/b/id/2359079-M.jpg,Open Library API
1921,The Black Moth,Georgette Heyer,3.7142856,7,0,"The Black Moth Georgette Heyer 1920s, Fiction, Romance, Historical, Regency, Aristocracy (Social class), fiction, History, Man-woman relationships, fiction, Nobility, fiction, Social life and customs, Large type books, Literature and fiction, romance, English literature Bantam Books, Start Publishing LLC, HQN Books, Lits, Liese. Outside The Box, Andreas","1920s, Fiction, Romance, Historical, Regency, Aristocracy (Social class), fiction, History, Man-woman relationships, fiction, Nobility, fiction, Social life and customs, Large type books, Literature and fiction, romance, English literature",,"Bantam Books, Start Publishing LLC, HQN Books, Lits, Liese. Outside The Box, Andreas",https://openlibrary.org/works/OL4092663W,https://covers.openlibrary.org/b/id/6888895-M.jpg,Open Library API
1921,The daffodil murder,Edgar Wallace,3.1,10,0,"The daffodil murder Edgar Wallace Fiction, Mystery, Fiction, mystery & detective, general, England, fiction, Young women, fiction Independently Published, Pinnacle Press, BiblioBazaar, NéO, Ward Lock","Fiction, Mystery, Fiction, mystery & detective, general, England, fiction, Young women, fiction",,"Independently Published, Pinnacle Press, BiblioBazaar, NéO, Ward Lock",https://openlibrary.org/works/OL1517945W,https://covers.openlibrary.org/b/id/2895230-M.jpg,Open Library API
1921,The Diary of a Nobody,"George Grossmith, Weedon Grossmith",5.0,2,0,"The Diary of a Nobody George Grossmith, Weedon Grossmith England, fiction, Fiction, humorous, Fiction, general, Suburban life, Fiction, History, Fiction, humorous, general, English literature HardPress, BBC Worldwide, Independently Published, Chivers Audio Books, Little, Brown Book Group Limited","England, fiction, Fiction, humorous, Fiction, general, Suburban life, Fiction, History, Fiction, humorous, general, English literature",,"HardPress, BBC Worldwide, Independently Published, Chivers Audio Books, Little, Brown Book Group Limited",https://openlibrary.org/works/OL20259087W,https://covers.openlibrary.org/b/id/8915986-M.jpg,Open Library API
1921,Tarzan the Terrible (#8),Edgar Rice Burroughs,3.6666667,3,0,"Tarzan the Terrible (#8) Edgar Rice Burroughs Tarzan (Fictitious character), Fiction, Classic Literature, Fiction, action & adventure, Fiction, thrillers, general, Large type books, Africa, fiction, Tarzan (fictitious character), fiction, Tarzan (Fictitious character) -- Fiction, Fantasy fiction Cosimo, Inc., Standard Publications, Inc., Grosset & Dunlap, Echo Library, IndyPublish","Tarzan (Fictitious character), Fiction, Classic Literature, Fiction, action & adventure, Fiction, thrillers, general, Large type books, Africa, fiction, Tarzan (fictitious character), fiction, Tarzan (Fictitious character) -- Fiction, Fantasy fiction",,"Cosimo, Inc., Standard Publications, Inc., Grosset & Dunlap, Echo Library, IndyPublish",https://openlibrary.org/works/OL1418108W,https://covers.openlibrary.org/b/id/875818-M.jpg,Open Library API
1921,Vera,Elizabeth von Arnim,3.8,5,0,"Vera Elizabeth von Arnim General, Fiction, general, Grief, Fiction, Marital violence, Fiction, psychological Hesperus Press, VIRAGO PRESS LTD, Penguin Random House, Insel Verlag, Doubleday, Page","General, Fiction, general, Grief, Fiction, Marital violence, Fiction, psychological",,"Hesperus Press, VIRAGO PRESS LTD, Penguin Random House, Insel Verlag, Doubleday, Page",https://openlibrary.org/works/OL7972468W,https://covers.openlibrary.org/b/id/3203838-M.jpg,Open Library API
1921,The Mysterious Rider,Zane Grey,4.0,1,0,"The Mysterious Rider Zane Grey Large type books, Ranchers, Fiction, Gunfights, Orphans, Frontier and pioneer life, Social life and customs, Manners and customs, Fiction, westerns, Westerns The Musson Book Company, Ltd., Dover Publications, Incorporated, Pocket, The Perfect Library, Cloud Cover Classics","Large type books, Ranchers, Fiction, Gunfights, Orphans, Frontier and pioneer life, Social life and customs, Manners and customs, Fiction, westerns, Westerns",,"The Musson Book Company, Ltd., Dover Publications, Incorporated, Pocket, The Perfect Library, Cloud Cover Classics",https://openlibrary.org/works/OL485697W,https://covers.openlibrary.org/b/id/2011171-M.jpg,Open Library API
1922,The Secret Adversary,Agatha Christie,3.7878788,33,0,"The Secret Adversary Agatha Christie Classic Literature, English language, Fiction, Married people, Murder, Mystery, Private investigators, Problems, exercises, Report writing, Rhetoric Edito-Service, Barnes & Noble Press, Dover Publications, Incorporated, Espasa, A. Mondadori","Classic Literature, English language, Fiction, Married people, Murder, Mystery, Private investigators, Problems, exercises, Report writing, Rhetoric",,"Edito-Service, Barnes & Noble Press, Dover Publications, Incorporated, Espasa, A. Mondadori",https://openlibrary.org/works/OL471789W,https://covers.openlibrary.org/b/id/14590159-M.jpg,Open Library API
1922,Siddhartha,Hermann Hesse,4.114754,61,0,"Siddhartha Hermann Hesse Alegorías, Buddha (The concept), Buddha and Buddhism, Buddhism, Buddhist Philosophy, Budismo, Chrestomathies and readers, Classic Literature, Enlightenment (Buddhism), Ficción Owen Limited, Peter, Blackstone Pub, Sounds True, Arcturus, Lightyear Press","Alegorías, Buddha (The concept), Buddha and Buddhism, Buddhism, Buddhist Philosophy, Budismo, Chrestomathies and readers, Classic Literature, Enlightenment (Buddhism), Ficción",,"Owen Limited, Peter, Blackstone Pub, Sounds True, Arcturus, Lightyear Press",https://openlibrary.org/works/OL872932W,https://covers.openlibrary.org/b/id/6562535-M.jpg,Open Library API
1922,Novels (Adventures of Huckleberry Finn / Adventures of Tom Sawyer),Mark Twain,4.4814816,54,0,"Novels (Adventures of Huckleberry Finn / Adventures of Tom Sawyer) Mark Twain Juvenile works, juvenile audience, literature, child witnesses, young men, Male friendship, Runaway children, voyages and travels, juvenile literature, rafting J. M. Dent & Sons, New American Library, Signet Classics, Signet, Reader's Digest Ass'n.","Juvenile works, juvenile audience, literature, child witnesses, young men, Male friendship, Runaway children, voyages and travels, juvenile literature, rafting",,"J. M. Dent & Sons, New American Library, Signet Classics, Signet, Reader's Digest Ass'n.",https://openlibrary.org/works/OL16025215W,https://covers.openlibrary.org/b/id/12374727-M.jpg,Open Library API
1922,Just So Stories,Rudyard Kipling,3.5714285,7,0,"Just So Stories Rudyard Kipling Animals, Children's stories, English, Short stories, Fiction, Fiction in English, British and irish fiction (fictional works by one author), Fiction, short stories (single author), Children's fiction, Animals, fiction, Juvenile fiction MiraVista Press, Start Publishing LLC, Digireads.com Publishing, Karbon Kitaplar, HarperChildrensAudio","Animals, Children's stories, English, Short stories, Fiction, Fiction in English, British and irish fiction (fictional works by one author), Fiction, short stories (single author), Children's fiction, Animals, fiction, Juvenile fiction",,"MiraVista Press, Start Publishing LLC, Digireads.com Publishing, Karbon Kitaplar, HarperChildrensAudio",https://openlibrary.org/works/OL19899W,https://covers.openlibrary.org/b/id/36215-M.jpg,Open Library API
1922,The Red House Mystery,A. A. Milne,4.4666667,15,0,"The Red House Mystery A. A. Milne Mystery and detective stories, Fiction, Detective and mystery stories, England, fiction, Fiction, mystery & detective, general, Large type books, Parodies, imitations, Mansions, Murder, Investigation Hard Press, Siruela, Methuen, E.P. Dutton & co., inc., Astrelʹ","Mystery and detective stories, Fiction, Detective and mystery stories, England, fiction, Fiction, mystery & detective, general, Large type books, Parodies, imitations, Mansions, Murder, Investigation",,"Hard Press, Siruela, Methuen, E.P. Dutton & co., inc., Astrelʹ",https://openlibrary.org/works/OL476846W,https://covers.openlibrary.org/b/id/6299936-M.jpg,Open Library API
1922,Jacob's Room,Virginia Woolf,4.1666665,6,0,"Jacob's Room Virginia Woolf Fiction, Young men, World War, 1914-1918, Classic Literature, World War (1914-1918) fast (OCoLC)fst01180746, English fiction, British and irish fiction (fictional works by one author), England, fiction, Fiction, psychological, World war, 1914-1918, fiction Bantam Classics, Ediciones G. P., IndyPublish, Harcourt, Brace, Wildside Press, LLC","Fiction, Young men, World War, 1914-1918, Classic Literature, World War (1914-1918) fast (OCoLC)fst01180746, English fiction, British and irish fiction (fictional works by one author), England, fiction, Fiction, psychological, World war, 1914-1918, fiction",,"Bantam Classics, Ediciones G. P., IndyPublish, Harcourt, Brace, Wildside Press, LLC",https://openlibrary.org/works/OL39329W,https://covers.openlibrary.org/b/id/2894970-M.jpg,Open Library API
1922,The Enchanted April,Elizabeth von Arnim,3.625,8,0,"The Enchanted April Elizabeth von Arnim British in fiction, Open Library Staff Picks, Female friendship, British, Fiction, Italy in fiction, Female friendship in fiction, Fiction, general, Italy, fiction, Man-woman relationships, fiction Alfaguara, ReadaClassic.com, Penguin Books, Limited, Audio Book Contractors, LLC, Readhowyouwant","British in fiction, Open Library Staff Picks, Female friendship, British, Fiction, Italy in fiction, Female friendship in fiction, Fiction, general, Italy, fiction, Man-woman relationships, fiction",,"Alfaguara, ReadaClassic.com, Penguin Books, Limited, Audio Book Contractors, LLC, Readhowyouwant",https://openlibrary.org/works/OL8202750W,https://covers.openlibrary.org/b/id/872835-M.jpg,Open Library API
1922,The Man Who Knew Too Much,Gilbert Keith Chesterton,3.9411764,17,0,"The Man Who Knew Too Much Gilbert Keith Chesterton Fiction, English Detective and mystery stories, Aristocracy (Social class), Fiction, mystery & detective, general, Large type books, LITERARY CRITICISM / European / English, Irish, Scottish, Welsh, Great britain, fiction, Fiction, mystery & detective, collections & anthologies, Religion, Fiction, general Independently published, Lulu.com, Darwen Finlayson, General Books LLC, House of Stratus","Fiction, English Detective and mystery stories, Aristocracy (Social class), Fiction, mystery & detective, general, Large type books, LITERARY CRITICISM / European / English, Irish, Scottish, Welsh, Great britain, fiction, Fiction, mystery & detective, collections & anthologies, Religion, Fiction, general",,"Independently published, Lulu.com, Darwen Finlayson, General Books LLC, House of Stratus",https://openlibrary.org/works/OL76468W,https://covers.openlibrary.org/b/id/12897858-M.jpg,Open Library API
1922,The Masque of the Red Death,Edgar Allan Poe,4.105263,19,0,"The Masque of the Red Death Edgar Allan Poe gothic fiction, horror, short story, plagues, abbeys, nobility, Hematidrosis, masquerade balls, shrouds, daggers NetLibrary, Lulu.com, Perfection Learning, ""Dobra kkniz͡hka"", Independently Published","gothic fiction, horror, short story, plagues, abbeys, nobility, Hematidrosis, masquerade balls, shrouds, daggers",,"NetLibrary, Lulu.com, Perfection Learning, ""Dobra kkniz͡hka"", Independently Published",https://openlibrary.org/works/OL41050W,https://covers.openlibrary.org/b/id/11860130-M.jpg,Open Library API
1922,The Chessmen of Mars,Edgar Rice Burroughs,4.285714,7,0,"The Chessmen of Mars Edgar Rice Burroughs Classic Literature, Fiction, Historical Fiction, Science fiction, Barsoom, Fiction, science fiction, action & adventure, Barsoom (imaginary place), fiction, Carter, john (fictitious character), fiction, American Science fiction, Extraterrestrial beings A.C. McClurg & Co., Creative Media Partners, LLC, Methuen, Open Road Integrated Media, Inc., Independently Published","Classic Literature, Fiction, Historical Fiction, Science fiction, Barsoom, Fiction, science fiction, action & adventure, Barsoom (imaginary place), fiction, Carter, john (fictitious character), fiction, American Science fiction, Extraterrestrial beings",,"A.C. McClurg & Co., Creative Media Partners, LLC, Methuen, Open Road Integrated Media, Inc., Independently Published",https://openlibrary.org/works/OL1418244W,https://covers.openlibrary.org/b/id/1930755-M.jpg,Open Library API
1923,Murder on the Links,Agatha Christie,3.5,22,0,"Murder on the Links Agatha Christie Fiction, Hercule Poirot (Fictitious character), Private investigators, Murder, Investigation, English Detective and mystery stories, Mystery, Golf courses, English literature, Identity Cosimo, Inc., Blurb, Goldmann Verlag, Dover Publications, Incorporated, Hodder and Stoughton","Fiction, Hercule Poirot (Fictitious character), Private investigators, Murder, Investigation, English Detective and mystery stories, Mystery, Golf courses, English literature, Identity",,"Cosimo, Inc., Blurb, Goldmann Verlag, Dover Publications, Incorporated, Hodder and Stoughton",https://openlibrary.org/works/OL472073W,https://covers.openlibrary.org/b/id/14582832-M.jpg,Open Library API
1923,Whose Body?,Dorothy L. Sayers,4.25,28,0,"Whose Body? Dorothy L. Sayers Mystery, Detectives, Lord Wimsey, Peter (Fictitious character), Translations into Russian, English Detective and mystery stories, Private investigators, Fiction, Police, Classic Literature, Private investigators, fiction Rowohlt TB-V. Rnb., AudioGO, The Audio Partners, West Margin Press, Amfora","Mystery, Detectives, Lord Wimsey, Peter (Fictitious character), Translations into Russian, English Detective and mystery stories, Private investigators, Fiction, Police, Classic Literature, Private investigators, fiction",,"Rowohlt TB-V. Rnb., AudioGO, The Audio Partners, West Margin Press, Amfora",https://openlibrary.org/works/OL2234917W,https://covers.openlibrary.org/b/id/8311819-M.jpg,Open Library API
1923,Emily of New Moon,Lucy Maud Montgomery,3.6666667,9,0,"Emily of New Moon Lucy Maud Montgomery Juvenile fiction, Child authors, Orphans, Fiction, Children's fiction, Starr, emily byrd (fictitious character), fiction, Canada, fiction, Orphans, fiction Little, Brown Book Group Limited, Ke zhu shu fang, West Margin Press, Seal Books, Blurb","Juvenile fiction, Child authors, Orphans, Fiction, Children's fiction, Starr, emily byrd (fictitious character), fiction, Canada, fiction, Orphans, fiction",,"Little, Brown Book Group Limited, Ke zhu shu fang, West Margin Press, Seal Books, Blurb",https://openlibrary.org/works/OL77781W,https://covers.openlibrary.org/b/id/14638065-M.jpg,Open Library API
1923,Midwinter,John Buchan,3.3333333,27,0,"Midwinter John Buchan Fiction, historical, general, England, fiction, Jacobite rebellion, 1745-1746, fiction, Fiction, action & adventure, Historical fiction, Jacobite Rebellion, 1745-1746, Fiction, Fiction, classics, Fiction, thrillers, historical hodder and stoughton, Houghton Mifflin Co., T. Nelson, Oifigh Díolta Foillseacháin Rialtais, Reprint Services Corp.","Fiction, historical, general, England, fiction, Jacobite rebellion, 1745-1746, fiction, Fiction, action & adventure, Historical fiction, Jacobite Rebellion, 1745-1746, Fiction, Fiction, classics, Fiction, thrillers, historical",,"hodder and stoughton, Houghton Mifflin Co., T. Nelson, Oifigh Díolta Foillseacháin Rialtais, Reprint Services Corp.",https://openlibrary.org/works/OL76588W,https://covers.openlibrary.org/b/id/880230-M.jpg,Open Library API
1923,Powder and Patch,Georgette Heyer,3.8333333,6,0,"Powder and Patch Georgette Heyer Fiction, Romance, Historical, Regency, Mate selection, fiction, Great Britain, England, Literature, Women authors, Fiction, general, Fiction, romance, action & adventure, Fiction, romance, historical, general, First loves -- Fiction Independently published, Mandarin, e.p. dutton & co., inc., Bantam, Goffin Media","Fiction, Romance, Historical, Regency, Mate selection, fiction, Great Britain, England, Literature, Women authors, Fiction, general, Fiction, romance, action & adventure, Fiction, romance, historical, general, First loves -- Fiction",,"Independently published, Mandarin, e.p. dutton & co., inc., Bantam, Goffin Media",https://openlibrary.org/works/OL4092668W,https://covers.openlibrary.org/b/id/8263370-M.jpg,Open Library API
1923,The Angel of Terror,Edgar Wallace,3.1,10,0,"The Angel of Terror Edgar Wallace Fiction, Mystery, Suspense, Fiction, mystery & detective, general, Crime, fiction Independently Published, Createspace Independent Publishing Platform, Aberdeen Press, IndyPublish, Lythway Press","Fiction, Mystery, Suspense, Fiction, mystery & detective, general, Crime, fiction",,"Independently Published, Createspace Independent Publishing Platform, Aberdeen Press, IndyPublish, Lythway Press",https://openlibrary.org/works/OL1518053W,https://covers.openlibrary.org/b/id/1814681-M.jpg,Open Library API
1923,Henry and Ribsy,Beverly Cleary,3.7,10,0,"Henry and Ribsy Beverly Cleary Parents, Pets, Dogs, Chinook salmon, Fiction, Juvenile audience, boys, juvenile fiction, animals, humorous stories Recrorded Books LLC, Demco Media, Penguin Books, Limited, William Morrow and Company, Inc., Fontana","Parents, Pets, Dogs, Chinook salmon, Fiction, Juvenile audience, boys, juvenile fiction, animals, humorous stories",,"Recrorded Books LLC, Demco Media, Penguin Books, Limited, William Morrow and Company, Inc., Fontana",https://openlibrary.org/works/OL151966W,https://covers.openlibrary.org/b/id/9400466-M.jpg,Open Library API
1923,Henry and Beezus,Beverly Cleary,4.0,3,0,"Henry and Beezus Beverly Cleary juvenile audience, dogs, cycling, Money-making projects for children, friendship, Accelerated readers, Humorous stories, Juvenile Fiction, Juvenile works, Bicycles and bicycling Avon Books, Tandem Library, Hamish Hamilton Childrens Books, William Morrow & Company, Perfection Learning Prebound","juvenile audience, dogs, cycling, Money-making projects for children, friendship, Accelerated readers, Humorous stories, Juvenile Fiction, Juvenile works, Bicycles and bicycling",,"Avon Books, Tandem Library, Hamish Hamilton Childrens Books, William Morrow & Company, Perfection Learning Prebound",https://openlibrary.org/works/OL151922W,https://covers.openlibrary.org/b/id/15088092-M.jpg,Open Library API
1923,A Lost Lady,Willa Cather,4.6666665,3,0,"A Lost Lady Willa Cather Fiction, Frontier and pioneer life, Married women, Fiction in English, American fiction (fictional works by one author), Nebraska, fiction, Large type books, Railroad stories, Railroads, Employees Grosset & Dunlap, A.A. Knopf, Virago Press, Limited, Dover Publications, Incorporated, Knopf","Fiction, Frontier and pioneer life, Married women, Fiction in English, American fiction (fictional works by one author), Nebraska, fiction, Large type books, Railroad stories, Railroads, Employees",,"Grosset & Dunlap, A.A. Knopf, Virago Press, Limited, Dover Publications, Incorporated, Knopf",https://openlibrary.org/works/OL12789W,https://covers.openlibrary.org/b/id/1513199-M.jpg,Open Library API
1923,Cane,Jean Toomer,3.0,2,0,"Cane Jean Toomer African Americans, African Americans in literature, American fiction, Fiction, Literary collections, Fiction, short stories (single author), African americans, fiction, Southern states, fiction, Criticism and interpretation, Social life and customs Penguin Classics, Nouveaux Horizons, Start Publishing LLC, W.W. Norton & Co., Norton","African Americans, African Americans in literature, American fiction, Fiction, Literary collections, Fiction, short stories (single author), African americans, fiction, Southern states, fiction, Criticism and interpretation, Social life and customs",,"Penguin Classics, Nouveaux Horizons, Start Publishing LLC, W.W. Norton & Co., Norton",https://openlibrary.org/works/OL49843W,https://covers.openlibrary.org/b/id/252278-M.jpg,Open Library API
1924,The Man in the Brown Suit,Agatha Christie,4.1578946,19,0,"The Man in the Brown Suit Agatha Christie Fiction, Mystery, English literature, Fiction, mystery & detective, general, French fiction, English Detective and mystery stories, London (england), fiction, Fiction, mystery & detective, traditional, Fiction, mystery & detective, international crime & mystery, Fiction, mystery & detective, amateur sleuth Cosimo, Inc., Sound Room Publishers, Incorporated, Dover Publications, Incorporated, HarperCollins Publishers, HarperCollins UK","Fiction, Mystery, English literature, Fiction, mystery & detective, general, French fiction, English Detective and mystery stories, London (england), fiction, Fiction, mystery & detective, traditional, Fiction, mystery & detective, international crime & mystery, Fiction, mystery & detective, amateur sleuth",,"Cosimo, Inc., Sound Room Publishers, Incorporated, Dover Publications, Incorporated, HarperCollins Publishers, HarperCollins UK",https://openlibrary.org/works/OL472549W,https://covers.openlibrary.org/b/id/11153508-M.jpg,Open Library API
1924,Poirot investigates,Agatha Christie,4.3333335,18,0,"Poirot investigates Agatha Christie Hercule Poirot (Fictitious character), Private investigators, Chief Inspector Japp (Fictitious character), Belgians, English Detective and mystery stories, Detective and mystery stories, Fiction, Captain Hastings (Fictitious character), English Short stories, Historical Fiction Blurb, Dodd, and Mead and company, Dover Publications, Incorporated, Warbler Classics, HarperCollins Publishers","Hercule Poirot (Fictitious character), Private investigators, Chief Inspector Japp (Fictitious character), Belgians, English Detective and mystery stories, Detective and mystery stories, Fiction, Captain Hastings (Fictitious character), English Short stories, Historical Fiction",,"Blurb, Dodd, and Mead and company, Dover Publications, Incorporated, Warbler Classics, HarperCollins Publishers",https://openlibrary.org/works/OL471940W,https://covers.openlibrary.org/b/id/13670505-M.jpg,Open Library API
1924,Мы,Евгений Иванович Замятин,3.9787233,47,0,"Мы Евгений Иванович Замятин Literature: Texts, Untranslated Fiction - General, Literature - Classics / Criticism, Literary Criticism, Russian & Former Soviet Union, Fiction, science fiction, general, Fiction, dystopian, Classic Literature, Fiction, Science Fiction Ediciones Lea, Viking Press, Akal, Facsimile Publisher, Bristol Classical Press","Literature: Texts, Untranslated Fiction - General, Literature - Classics / Criticism, Literary Criticism, Russian & Former Soviet Union, Fiction, science fiction, general, Fiction, dystopian, Classic Literature, Fiction, Science Fiction",,"Ediciones Lea, Viking Press, Akal, Facsimile Publisher, Bristol Classical Press",https://openlibrary.org/works/OL10215W,https://covers.openlibrary.org/b/id/5484189-M.jpg,Open Library API
1924,Der Zauberberg,Thomas Mann,4.230769,13,0,"Der Zauberberg Thomas Mann Fiction, Sanatoriums, German fiction, Translations into English, Philosophy, Civilization, Special Hospitals, Fictional Works, Tuberculosis, Continental european fiction (fictional works by one author) Vintage, n/a, Fischer Verlag, Kessinger Publishing, Plaza & Janes","Fiction, Sanatoriums, German fiction, Translations into English, Philosophy, Civilization, Special Hospitals, Fictional Works, Tuberculosis, Continental european fiction (fictional works by one author)",,"Vintage, n/a, Fischer Verlag, Kessinger Publishing, Plaza & Janes",https://openlibrary.org/works/OL14866824W,https://covers.openlibrary.org/b/id/2056242-M.jpg,Open Library API
1924,The Boxcar Children,Gertrude Chandler Warner,4.205128,39,0,"The Boxcar Children Gertrude Chandler Warner Orphans, juvenile fiction, brothers and sisters, railroad cars, detective and mystery stories, mystery and detective stories, Detective and mystery fiction, fiction, juvenile works, juvenile audience Listening Library (Audio), Amereon Ltd, Albert Whitman, Otbebookpublishing, E-Kitap Projesi & Cheapest Books","Orphans, juvenile fiction, brothers and sisters, railroad cars, detective and mystery stories, mystery and detective stories, Detective and mystery fiction, fiction, juvenile works, juvenile audience",,"Listening Library (Audio), Amereon Ltd, Albert Whitman, Otbebookpublishing, E-Kitap Projesi & Cheapest Books",https://openlibrary.org/works/OL24656586W,https://covers.openlibrary.org/b/id/11349395-M.jpg,Open Library API
1924,A Passage to India,E. M. Forster,3.5,16,0,"A Passage to India E. M. Forster Fiction, Race relations, British, Social conditions, Culture conflict, Novela, Británicos, Relaciones raciales, open_syllabus_project, Briten Gyldendal, Marshall Cavendish, Harourt Brace & Comany, Penguin Books, Limited, Cliff's notes","Fiction, Race relations, British, Social conditions, Culture conflict, Novela, Británicos, Relaciones raciales, open_syllabus_project, Briten",,"Gyldendal, Marshall Cavendish, Harourt Brace & Comany, Penguin Books, Limited, Cliff's notes",https://openlibrary.org/works/OL88809W,https://covers.openlibrary.org/b/id/1921995-M.jpg,Open Library API
1924,Brood of the Witch-Queen,Sax Rohmer,4.6,5,0,"Brood of the Witch-Queen Sax Rohmer Fantasy, Fiction, Horror, Witches, Magic, Ancient Egypt, Fiction, horror, Fiction, thrillers, suspense, Fiction, fantasy, general, Fiction, occult & supernatural Kessinger Publishing, House of Stratus Ltd, Wildside Press, Lulu Press, Inc., Doubleday, Page","Fantasy, Fiction, Horror, Witches, Magic, Ancient Egypt, Fiction, horror, Fiction, thrillers, suspense, Fiction, fantasy, general, Fiction, occult & supernatural",,"Kessinger Publishing, House of Stratus Ltd, Wildside Press, Lulu Press, Inc., Doubleday, Page",https://openlibrary.org/works/OL2288676W,https://covers.openlibrary.org/b/id/2011286-M.jpg,Open Library API
1924,By the Shores of Silver Lake,Laura Ingalls Wilder,4.0,24,0,"By the Shores of Silver Lake Laura Ingalls Wilder Juvenile fiction, Frontier and pioneer life, Family life, Fiction, Newbery Honor, Families, Family, Children's fiction, Frontier and pioneer life, fiction, Family life, fiction Harper & Row, Ueberreuter, Library Reproduction Services, Independently Published, Turtleback","Juvenile fiction, Frontier and pioneer life, Family life, Fiction, Newbery Honor, Families, Family, Children's fiction, Frontier and pioneer life, fiction, Family life, fiction",,"Harper & Row, Ueberreuter, Library Reproduction Services, Independently Published, Turtleback",https://openlibrary.org/works/OL1719790W,https://covers.openlibrary.org/b/id/30789-M.jpg,Open Library API
1924,The king of Elfland's daughter,Lord Dunsany,3.75,4,0,"The king of Elfland's daughter Lord Dunsany Fiction, general, Fantasy fiction, Fiction, fantasy, general, English Fantasy fiction, Children's stories, English MILLENIUM, Dover Publications, Incorporated, Warbler Press, Del Rey, Dover Publications","Fiction, general, Fantasy fiction, Fiction, fantasy, general, English Fantasy fiction, Children's stories, English",,"MILLENIUM, Dover Publications, Incorporated, Warbler Press, Del Rey, Dover Publications",https://openlibrary.org/works/OL83871W,https://covers.openlibrary.org/b/id/6699209-M.jpg,Open Library API
1924,The Hero and the Crown,Robin McKinley,4.1,10,0,"The Hero and the Crown Robin McKinley Fantasy, Fiction, Newbery Medal, Family, Action & Adventure, Newbery Medal Book, JUVENILE FICTION, Fantasy & Magic, Women heroes, Tomboys HarperCollins Publishers, Paw Prints 2008-08-11, Bound to Stay Bound Books, Open Road Integrated Media, Inc., WILLIAM MORROW","Fantasy, Fiction, Newbery Medal, Family, Action & Adventure, Newbery Medal Book, JUVENILE FICTION, Fantasy & Magic, Women heroes, Tomboys",,"HarperCollins Publishers, Paw Prints 2008-08-11, Bound to Stay Bound Books, Open Road Integrated Media, Inc., WILLIAM MORROW",https://openlibrary.org/works/OL109414W,https://covers.openlibrary.org/b/id/6987328-M.jpg,Open Library API
1925,Mrs. Dalloway,Virginia Woolf,3.64,50,0,"Mrs. Dalloway Virginia Woolf Fiction, Married women, Married women in fiction, Regret, Suicide victims in fiction, Middle-aged women, First loves, Parties in fiction, Suicide victims, First loves in fiction Alianza Editorial Sa, Cosimo, Inc., Chatto and Windus, Chivers North America, RBA.","Fiction, Married women, Married women in fiction, Regret, Suicide victims in fiction, Middle-aged women, First loves, Parties in fiction, Suicide victims, First loves in fiction",,"Alianza Editorial Sa, Cosimo, Inc., Chatto and Windus, Chivers North America, RBA.",https://openlibrary.org/works/OL39349W,https://covers.openlibrary.org/b/id/6397580-M.jpg,Open Library API
1925,The Secret of Chimneys,Agatha Christie,4.368421,19,0,"The Secret of Chimneys Agatha Christie Fiction, Mystery, Superintendent Battle (Fictitious character), English Detective and mystery stories, Murder, Investigation, Conspiracies, Manors, Detective and mystery stories, Fiction, mystery & detective, traditional Warbler Classics, A. Mondadori, HarperCollins Publishers, Harper Collins UK, Digireads.com Publishing","Fiction, Mystery, Superintendent Battle (Fictitious character), English Detective and mystery stories, Murder, Investigation, Conspiracies, Manors, Detective and mystery stories, Fiction, mystery & detective, traditional",,"Warbler Classics, A. Mondadori, HarperCollins Publishers, Harper Collins UK, Digireads.com Publishing",https://openlibrary.org/works/OL472542W,https://covers.openlibrary.org/b/id/12996574-M.jpg,Open Library API
1925,Lady Susan,Jane Austen,3.1818182,11,0,"Lady Susan Jane Austen Fiction, Facsimiles, Mate selection, English Manuscripts, Mothers and daughters, Widows, Manuscripts, Great britain, fiction, Fiction, general, Fiction, romance, general tredition Verlag, Quiet Vision Pub, Nrdica Libros, Nórdica Libros, Createspace Independent Publishing Platform","Fiction, Facsimiles, Mate selection, English Manuscripts, Mothers and daughters, Widows, Manuscripts, Great britain, fiction, Fiction, general, Fiction, romance, general",,"tredition Verlag, Quiet Vision Pub, Nrdica Libros, Nórdica Libros, Createspace Independent Publishing Platform",https://openlibrary.org/works/OL66614W,https://covers.openlibrary.org/b/id/12641526-M.jpg,Open Library API
1925,The talisman,"Stephen King, Peter Straub",4.0833335,12,0,"The talisman Stephen King, Peter Straub Fantastique, Romans, Talismans, Mothers and sons, Fiction, Quests (Expeditions), Boys, Fantasy, Horror, Fantasy fiction Bt Bound, Scribner, Plaza & Janes Editories, S.A., Laffont, R. Laffont","Fantastique, Romans, Talismans, Mothers and sons, Fiction, Quests (Expeditions), Boys, Fantasy, Horror, Fantasy fiction",,"Bt Bound, Scribner, Plaza & Janes Editories, S.A., Laffont, R. Laffont",https://openlibrary.org/works/OL81599W,https://covers.openlibrary.org/b/id/14651566-M.jpg,Open Library API
1925,The House at Pooh Corner,A. A. Milne,4.3809524,21,0,"The House at Pooh Corner A. A. Milne fiction, children's stories, toys, stuffed animals, teddy bears, bears, mules, donkeys, friendship, Juguetes Methuen Children's Books, Listening Library, BBC Books, Caedmon, Listen for Pleasure","fiction, children's stories, toys, stuffed animals, teddy bears, bears, mules, donkeys, friendship, Juguetes",,"Methuen Children's Books, Listening Library, BBC Books, Caedmon, Listen for Pleasure",https://openlibrary.org/works/OL476471W,https://covers.openlibrary.org/b/id/8743133-M.jpg,Open Library API
1925,The house without a key,Earl Derr Biggers,3.625,16,0,"The house without a key Earl Derr Biggers Fiction, Charlie Chan (Fictitious character), Police, Fiction, mystery & detective, general, Hawaii, fiction, Chan, charlie (fictitious character), fiction, Fiction, mystery & detective, traditional, Fiction, mystery & detective, international crime & mystery, Fiction, mystery & detective, hard-boiled, Fiction, mystery & detective, police procedural Bibliotech Press, Echo Library, Standard Ebooks, Amereon Limited, Buccaneer Books Inc","Fiction, Charlie Chan (Fictitious character), Police, Fiction, mystery & detective, general, Hawaii, fiction, Chan, charlie (fictitious character), fiction, Fiction, mystery & detective, traditional, Fiction, mystery & detective, international crime & mystery, Fiction, mystery & detective, hard-boiled, Fiction, mystery & detective, police procedural",,"Bibliotech Press, Echo Library, Standard Ebooks, Amereon Limited, Buccaneer Books Inc",https://openlibrary.org/works/OL6438827W,https://covers.openlibrary.org/b/id/1759662-M.jpg,Open Library API
1925,11/22/63,Stephen King,4.115044,113,0,"11/22/63 Stephen King Assassination, Time travel, Fiction, Reading Level-Grade 7, Reading Level-Grade 9, Reading Level-Grade 8, Reading Level-Grade 11, Reading Level-Grade 10, Reading Level-Grade 12, Fiction, alternative history Simon Schuster, Scribner, Astrel', M, Large Print Press, Thorndike Press","Assassination, Time travel, Fiction, Reading Level-Grade 7, Reading Level-Grade 9, Reading Level-Grade 8, Reading Level-Grade 11, Reading Level-Grade 10, Reading Level-Grade 12, Fiction, alternative history",,"Simon Schuster, Scribner, Astrel', M, Large Print Press, Thorndike Press",https://openlibrary.org/works/OL16002468W,https://covers.openlibrary.org/b/id/10713447-M.jpg,Open Library API
1925,The Mist,Stephen King,4.5555553,9,0,"The Mist Stephen King Horror novel, thunderstorms, mist, supermarkets, suicide, baggers, tentacles, pharmacies, prophecies, end times Simon & Schuster Audio, Hodder Education Group, Grijalbo, Orbi Fabbri, Scribner","Horror novel, thunderstorms, mist, supermarkets, suicide, baggers, tentacles, pharmacies, prophecies, end times",,"Simon & Schuster Audio, Hodder Education Group, Grijalbo, Orbi Fabbri, Scribner",https://openlibrary.org/works/OL149144W,https://covers.openlibrary.org/b/id/9330636-M.jpg,Open Library API
1925,The Wind Through the Keyhole,Stephen King,4.25,8,0,"The Wind Through the Keyhole Stephen King Roland (Fictitious character : King), Fiction, Shapeshifting, Roland (fictitious character : king), fiction, Fiction, fantasy, general, Witnesses, Quests (Expeditions), Gunfights, Demoniac possession, Cowboys Pocket Books, Albatros, Altin Kitaplar, PLAZA & JANES, Simon & Schuster Audio","Roland (Fictitious character : King), Fiction, Shapeshifting, Roland (fictitious character : king), fiction, Fiction, fantasy, general, Witnesses, Quests (Expeditions), Gunfights, Demoniac possession, Cowboys",,"Pocket Books, Albatros, Altin Kitaplar, PLAZA & JANES, Simon & Schuster Audio",https://openlibrary.org/works/OL16451416W,https://covers.openlibrary.org/b/id/14653576-M.jpg,Open Library API
1925,Tod in Venedig,Thomas Mann,3.4666667,15,0,"Tod in Venedig Thomas Mann Fiction, Middle age, Homosexuality, Translations into English, Criticism and interpretation, Tod in Venedig (Mann, Thomas), Gustav von Aschenbach (Fictitious character), Middle-aged men, Male homosexuality, Continental european fiction (fictional works by one author) Vintage, Tandem Library, Buccaneer Books, A. A. Knopf, Vintage Books","Fiction, Middle age, Homosexuality, Translations into English, Criticism and interpretation, Tod in Venedig (Mann, Thomas), Gustav von Aschenbach (Fictitious character), Middle-aged men, Male homosexuality, Continental european fiction (fictional works by one author)",,"Vintage, Tandem Library, Buccaneer Books, A. A. Knopf, Vintage Books",https://openlibrary.org/works/OL16246083W,https://covers.openlibrary.org/b/id/1167883-M.jpg,Open Library API
1926,The Sun Also Rises,"Ernest Hemingway, Kirby Heyborne, Colm Tóibín",3.7941177,34,0,"The Sun Also Rises Ernest Hemingway, Kirby Heyborne, Colm Tóibín Fiction, Historical, Expatriation, fiction, Americans, History, Brett Ashley (Fictitious character), Fiction, Ashley, Brett (Fictitious character), Spain, fiction, American fiction (fictional works by one author), Ashley, brett (fictitious character), fiction , Dover Publications, Incorporated, Charnwood, Penguin Random House, Digireads.com Publishing","Fiction, Historical, Expatriation, fiction, Americans, History, Brett Ashley (Fictitious character), Fiction, Ashley, Brett (Fictitious character), Spain, fiction, American fiction (fictional works by one author), Ashley, brett (fictitious character), fiction",,", Dover Publications, Incorporated, Charnwood, Penguin Random House, Digireads.com Publishing",https://openlibrary.org/works/OL62979W,https://covers.openlibrary.org/b/id/78741-M.jpg,Open Library API
1926,The blue castle,Lucy Maud Montgomery,3.7619047,21,0,"The blue castle Lucy Maud Montgomery Juvenile fiction, Friendship, Self-actualization (Psychology), Choice, History, Single women, Fiction, Romance fiction, Fiction, historical, general, Fiction, general Ke zhu shu fang, Little, Brown Book Group Limited, Angus & Robertson, Blurb, McClelland & Stewart Limited","Juvenile fiction, Friendship, Self-actualization (Psychology), Choice, History, Single women, Fiction, Romance fiction, Fiction, historical, general, Fiction, general",,"Ke zhu shu fang, Little, Brown Book Group Limited, Angus & Robertson, Blurb, McClelland & Stewart Limited",https://openlibrary.org/works/OL77775W,https://covers.openlibrary.org/b/id/14640067-M.jpg,Open Library API
1926,The Murder of Roger Ackroyd,Agatha Christie,4.233766,77,0,"The Murder of Roger Ackroyd Agatha Christie detective fiction, mystery, murder, investigation, victim, Private investigators, Detective and mystery stories, Fiction, Mystery & Detective fiction, historical fiction Yuan liu chu ban shi ye gu fen you xian gong si, Independently Published, Altin Kitaplar, Planeta, HarperCollins Publishers Limited","detective fiction, mystery, murder, investigation, victim, Private investigators, Detective and mystery stories, Fiction, Mystery & Detective fiction, historical fiction",,"Yuan liu chu ban shi ye gu fen you xian gong si, Independently Published, Altin Kitaplar, Planeta, HarperCollins Publishers Limited",https://openlibrary.org/works/OL471932W,https://covers.openlibrary.org/b/id/13151356-M.jpg,Open Library API
1926,Das Schloß,Franz Kafka,4.5,24,0,"Das Schloß Franz Kafka Fiction, Bureaucracy, Castles, Criticism and interpretation, Classic Literature, German literature, Classics, Classic, Continental european fiction (fictional works by one author), New York Times reviewed Bilgi Yayinevi, Zeplin Kitap, Losada, Penguin Books in association with Secker & Warburg, Lectorum Pubns Inc (J)","Fiction, Bureaucracy, Castles, Criticism and interpretation, Classic Literature, German literature, Classics, Classic, Continental european fiction (fictional works by one author), New York Times reviewed",,"Bilgi Yayinevi, Zeplin Kitap, Losada, Penguin Books in association with Secker & Warburg, Lectorum Pubns Inc (J)",https://openlibrary.org/works/OL498434W,https://covers.openlibrary.org/b/id/12605605-M.jpg,Open Library API
1926,These Old Shades,Georgette Heyer,3.6190476,21,0,"These Old Shades Georgette Heyer Fiction, Romance, Historical, Georgian, Open Library Staff Picks, Social life and customs, Fiction, short stories (single author), Aristocracy (Social class) fiction, History, Literature and fiction (general), Aristocracy (Social class) Dtv, Fawcett, Arrow, Unabridged Books, Sourcebooks Casablanca","Fiction, Romance, Historical, Georgian, Open Library Staff Picks, Social life and customs, Fiction, short stories (single author), Aristocracy (Social class) fiction, History, Literature and fiction (general), Aristocracy (Social class)",,"Dtv, Fawcett, Arrow, Unabridged Books, Sourcebooks Casablanca",https://openlibrary.org/works/OL4092686W,https://covers.openlibrary.org/b/id/6920381-M.jpg,Open Library API
1926,Clouds of Witness,Dorothy L. Sayers,3.909091,11,0,"Clouds of Witness Dorothy L. Sayers Private investigators, Lord Wimsey, Peter (Fictitious character), English Detective and mystery stories, Fiction, Open Library Staff Picks, English fiction, Large type books, Fiction, mystery & detective, general, Wimsey, peter, lord (fictitious character), fiction, Fiction, mystery & detective, traditional Harcourt, Brace and company, The Audio Partners, Harcourt, Brace and Company, Amfora, Brand: G K Hall n Co","Private investigators, Lord Wimsey, Peter (Fictitious character), English Detective and mystery stories, Fiction, Open Library Staff Picks, English fiction, Large type books, Fiction, mystery & detective, general, Wimsey, peter, lord (fictitious character), fiction, Fiction, mystery & detective, traditional",,"Harcourt, Brace and company, The Audio Partners, Harcourt, Brace and Company, Amfora, Brand: G K Hall n Co",https://openlibrary.org/works/OL2234815W,https://covers.openlibrary.org/b/id/6978771-M.jpg,Open Library API
1926,Lud-in-the-mist,Hope Mirrlees,4.0,6,0,"Lud-in-the-mist Hope Mirrlees Fiction, fantasy, general, Fairies, Fiction, Fiction, general, Fantasy fiction White Ivy Press, CALLIDOR, Cold Spring Press, Ballantine, Dover Publications, Incorporated","Fiction, fantasy, general, Fairies, Fiction, Fiction, general, Fantasy fiction",,"White Ivy Press, CALLIDOR, Cold Spring Press, Ballantine, Dover Publications, Incorporated",https://openlibrary.org/works/OL6945563W,https://covers.openlibrary.org/b/id/911085-M.jpg,Open Library API
1926,"Uno, nessuno e centomila",Luigi Pirandello,4.714286,7,0,"Uno, nessuno e centomila Luigi Pirandello Italian fiction, Translations into English, Identity (Psychology), Fiction, Perception, Will, Liberty, Fiction, general Marsilio Publishers, Eridanos Pr, Marsilio, Mockingbird Press, Garzanti","Italian fiction, Translations into English, Identity (Psychology), Fiction, Perception, Will, Liberty, Fiction, general",,"Marsilio Publishers, Eridanos Pr, Marsilio, Mockingbird Press, Garzanti",https://openlibrary.org/works/OL100433W,https://covers.openlibrary.org/b/id/5430366-M.jpg,Open Library API
1926,The light princess,George MacDonald,4.0,4,0,"The light princess George MacDonald Children's fiction, Princesses, fiction, Fairy tales, Children's stories, Fables, Fantasy fiction, Juvenile fiction, Princesses, Ouvrages pour la jeunesse, Contes West Margin Press, Xist Publishing, Brilliance Audio, Farrar, Straus and Giroux, Tandem Library","Children's fiction, Princesses, fiction, Fairy tales, Children's stories, Fables, Fantasy fiction, Juvenile fiction, Princesses, Ouvrages pour la jeunesse, Contes",,"West Margin Press, Xist Publishing, Brilliance Audio, Farrar, Straus and Giroux, Tandem Library",https://openlibrary.org/works/OL15428W,https://covers.openlibrary.org/b/id/14364631-M.jpg,Open Library API
1926,Lolly Willowes,Sylvia Townsend Warner,3.75,8,0,"Lolly Willowes Sylvia Townsend Warner Fiction, general, Fiction, Single women, Supernatural, Witches, Social conditions, English literature, Fantasy fiction Kessinger Publishing, Charles River Books, Academy Chicago, Viking Adult, Grosset & Dunlap","Fiction, general, Fiction, Single women, Supernatural, Witches, Social conditions, English literature, Fantasy fiction",,"Kessinger Publishing, Charles River Books, Academy Chicago, Viking Adult, Grosset & Dunlap",https://openlibrary.org/works/OL112769W,https://covers.openlibrary.org/b/id/705788-M.jpg,Open Library API
1927,Der Steppenwolf,Hermann Hesse,4.0,58,0,"Der Steppenwolf Hermann Hesse Fiction, Life, Western Civilization, Psychological fiction, Continental european fiction (fictional works by one author), German fiction, Western civilization in fiction, Translations into Russian, Life in fiction, Ficción Amereon House, Orbita, Holt & Company, Henry, Tandem Library, Alianza","Fiction, Life, Western Civilization, Psychological fiction, Continental european fiction (fictional works by one author), German fiction, Western civilization in fiction, Translations into Russian, Life in fiction, Ficción",,"Amereon House, Orbita, Holt & Company, Henry, Tandem Library, Alianza",https://openlibrary.org/works/OL872773W,https://covers.openlibrary.org/b/id/3221083-M.jpg,Open Library API
1927,To the Lighthouse,Virginia Woolf,3.7586207,29,0,"To the Lighthouse Virginia Woolf Fiction, Married people, Death, Mothers, Summer resorts, Loss (Psychology), English, Lighthouses, Widowers, Marriage Pomona Press, Flamingo, Alianza Editorial, Warbler Classics, Penguin Books in association with the Hogarth Press","Fiction, Married people, Death, Mothers, Summer resorts, Loss (Psychology), English, Lighthouses, Widowers, Marriage",,"Pomona Press, Flamingo, Alianza Editorial, Warbler Classics, Penguin Books in association with the Hogarth Press",https://openlibrary.org/works/OL39396W,https://covers.openlibrary.org/b/id/8231846-M.jpg,Open Library API
1927,The Case-Book of Sherlock Holmes,Arthur Conan Doyle,4.548387,31,0,"The Case-Book of Sherlock Holmes Arthur Conan Doyle Fiction, English Detective and mystery stories, Private investigators, Children's stories, English, Mystery and detective stories, English Short stories, Watson, john h. (fictitious character), fiction, British and irish fiction (fictional works by one author), Fiction, mystery & detective, short stories, Fiction, mystery & detective, traditional Claridad, MAXTOR, Alianza Editorial, Dover Publications, Incorporated, Cambridge Scholars Publisher","Fiction, English Detective and mystery stories, Private investigators, Children's stories, English, Mystery and detective stories, English Short stories, Watson, john h. (fictitious character), fiction, British and irish fiction (fictional works by one author), Fiction, mystery & detective, short stories, Fiction, mystery & detective, traditional",,"Claridad, MAXTOR, Alianza Editorial, Dover Publications, Incorporated, Cambridge Scholars Publisher",https://openlibrary.org/works/OL262426W,https://covers.openlibrary.org/b/id/8350410-M.jpg,Open Library API
1927,The Big Four,Agatha Christie,4.181818,22,0,"The Big Four Agatha Christie Fiction, Mystery, Private investigators, Large type books, Hercule Poirot (Fictitious character), Translations into Arabic, English Detective and mystery stories, English literature, Fiction, mystery & detective, Poirot, hercule (fictitious character), fiction Harper Collins, Dover Publications, Incorporated, Fontana/Collins, Espasa, Wildside Press, LLC","Fiction, Mystery, Private investigators, Large type books, Hercule Poirot (Fictitious character), Translations into Arabic, English Detective and mystery stories, English literature, Fiction, mystery & detective, Poirot, hercule (fictitious character), fiction",,"Harper Collins, Dover Publications, Incorporated, Fontana/Collins, Espasa, Wildside Press, LLC",https://openlibrary.org/works/OL471947W,https://covers.openlibrary.org/b/id/12996529-M.jpg,Open Library API
1927,Witch Wood,John Buchan,3.5714285,28,0,"Witch Wood John Buchan Fiction, historical, Clergy, fiction, Fiction, historical, general, Fiction, fantasy, general, Fiction, horror, Witchcraft, History, Fiction, Clergy, Covenanteers Independently Published, O.U.P, Replica Books, Thomas Nelson and Sons Ltd, hodder and stoughton","Fiction, historical, Clergy, fiction, Fiction, historical, general, Fiction, fantasy, general, Fiction, horror, Witchcraft, History, Fiction, Clergy, Covenanteers",,"Independently Published, O.U.P, Replica Books, Thomas Nelson and Sons Ltd, hodder and stoughton",https://openlibrary.org/works/OL76578W,https://covers.openlibrary.org/b/id/4781924-M.jpg,Open Library API
1927,The tower treasure,Franklin W. Dixon,3.5,14,0,"The tower treasure Franklin W. Dixon Children's stories, Mystery and detective stories, siblings, Mystery, Juvenile Fiction, Fiction, Hardy Boys Mystery Stories, Hardy Boys (Fictitious characters), Children's fiction, Hardy boys (fictitious characters), fiction Grossett & Dunlap, Grosset & Dunlap, Blurb, Dover Publications, Incorporated, Murine Publications","Children's stories, Mystery and detective stories, siblings, Mystery, Juvenile Fiction, Fiction, Hardy Boys Mystery Stories, Hardy Boys (Fictitious characters), Children's fiction, Hardy boys (fictitious characters), fiction",,"Grossett & Dunlap, Grosset & Dunlap, Blurb, Dover Publications, Incorporated, Murine Publications",https://openlibrary.org/works/OL47915W,https://covers.openlibrary.org/b/id/13180737-M.jpg,Open Library API
1927,Amerika,Franz Kafka,4.0,16,0,"Amerika Franz Kafka German fiction, Translations into English, Immigrants in fiction, Adaptations, Fiction, Social conditions, Young men, Classic Literature, Immigrants, Humorous stories Penguin Group UK, Oxford University Press, Schocken Books, Kadokawa Shoten, Kirmizi Kedi Yayinevi","German fiction, Translations into English, Immigrants in fiction, Adaptations, Fiction, Social conditions, Young men, Classic Literature, Immigrants, Humorous stories",,"Penguin Group UK, Oxford University Press, Schocken Books, Kadokawa Shoten, Kirmizi Kedi Yayinevi",https://openlibrary.org/works/OL498411W,https://covers.openlibrary.org/b/id/3080557-M.jpg,Open Library API
1927,Men Without Women,Ernest Hemingway,3.5,6,0,"Men Without Women Ernest Hemingway Fiction, Nick Adams (Fictitious character), English Short stories, American fiction (fictional works by one author), Adams, nick (fictitious character), fiction, Short stories, Fiction, general, Fiction, short stories (single author) Digireads.com Publishing, Scribner's, Charles Scribner's Sons, C. Scribner's sons, Prakash Book Depot","Fiction, Nick Adams (Fictitious character), English Short stories, American fiction (fictional works by one author), Adams, nick (fictitious character), fiction, Short stories, Fiction, general, Fiction, short stories (single author)",,"Digireads.com Publishing, Scribner's, Charles Scribner's Sons, C. Scribner's sons, Prakash Book Depot",https://openlibrary.org/works/OL63000W,https://covers.openlibrary.org/b/id/78749-M.jpg,Open Library API
1927,Unnatural Death,Dorothy L. Sayers,4.25,12,0,"Unnatural Death Dorothy L. Sayers Private investigators, Lord Wimsey, Peter (Fictitious character), Open Library Staff Picks, English Detective and mystery stories, Fiction, Large type books, Wimsey, peter, lord (fictitious character), fiction, Fiction, mystery & detective, general, Fiction, crime, Crime, fiction Rowohlt TB-V. Rnb., The Audio Partners, Blurb, Coronet, Perennial Library","Private investigators, Lord Wimsey, Peter (Fictitious character), Open Library Staff Picks, English Detective and mystery stories, Fiction, Large type books, Wimsey, peter, lord (fictitious character), fiction, Fiction, mystery & detective, general, Fiction, crime, Crime, fiction",,"Rowohlt TB-V. Rnb., The Audio Partners, Blurb, Coronet, Perennial Library",https://openlibrary.org/works/OL2234912W,https://covers.openlibrary.org/b/id/6572555-M.jpg,Open Library API
1927,The secret of the old mill,"Franklin W. Dixon, Leslie McFarlane, Tony Carpentieri",4.4,5,0,"The secret of the old mill Franklin W. Dixon, Leslie McFarlane, Tony Carpentieri Counterfeits and counterfeiting, Detective and mystery stories, Fiction, Mystery and detective stories, Hardy Boys (Fictitious characters), Mystery, Juvenile Fiction, Children's fiction, Hardy boys (fictitious characters), fiction, series:HardyBoys Start Publishing LLC, Penguin Publishing Group, Brand: Grosset Dunlap, Audio Book Contractors, Inc., Grossett & Dunlap","Counterfeits and counterfeiting, Detective and mystery stories, Fiction, Mystery and detective stories, Hardy Boys (Fictitious characters), Mystery, Juvenile Fiction, Children's fiction, Hardy boys (fictitious characters), fiction, series:HardyBoys",,"Start Publishing LLC, Penguin Publishing Group, Brand: Grosset Dunlap, Audio Book Contractors, Inc., Grossett & Dunlap",https://openlibrary.org/works/OL47910W,https://covers.openlibrary.org/b/id/13199799-M.jpg,Open Library API
1928,The Mystery of the Blue Train,Agatha Christie,3.9629629,27,0,"The Mystery of the Blue Train Agatha Christie Crimes against, Detective and mystery stories, Divorce, Divorce in fiction, Fiction, Hercule Poirot (Fictitious character), Jewelry theft, Jewelry theft in fiction, Married women, Married women in fiction Dover Publications, Incorporated, Espasa, Yuan liu chu ban shi ye gu fen you xian gong si, HarperCollins Publishers, Digireads.com Publishing","Crimes against, Detective and mystery stories, Divorce, Divorce in fiction, Fiction, Hercule Poirot (Fictitious character), Jewelry theft, Jewelry theft in fiction, Married women, Married women in fiction",,"Dover Publications, Incorporated, Espasa, Yuan liu chu ban shi ye gu fen you xian gong si, HarperCollins Publishers, Digireads.com Publishing",https://openlibrary.org/works/OL471603W,https://covers.openlibrary.org/b/id/14575533-M.jpg,Open Library API
1928,Orlando,Virginia Woolf,4.3157897,19,0,"Orlando Virginia Woolf Nobility in fiction, Gender identity in fiction, Fiction, England in fiction, Transsexuals, Sex role in fiction, Characters and characteristics in literature, Textual Criticism, Literature, Mujeres New American Library, Edição Livros do Brasil, Flamingo, Alianza Editorial, C. Gaige","Nobility in fiction, Gender identity in fiction, Fiction, England in fiction, Transsexuals, Sex role in fiction, Characters and characteristics in literature, Textual Criticism, Literature, Mujeres",,"New American Library, Edição Livros do Brasil, Flamingo, Alianza Editorial, C. Gaige",https://openlibrary.org/works/OL39360W,https://covers.openlibrary.org/b/id/3240273-M.jpg,Open Library API
1928,Im Westen nichts Neues,Erich Maria Remarque,4.195652,92,0,"Im Westen nichts Neues Erich Maria Remarque World War, 1914-1918, Fiction, Open Library Staff Picks, Translations into English, German fiction, Soldiers, German language, History, Continental european fiction (fictional works by one author), Fiction, war & military Little, Brown, putnam's, Nanjing ba ti shu dian, Everbind Anthologies, Classics Illustrated Comics","World War, 1914-1918, Fiction, Open Library Staff Picks, Translations into English, German fiction, Soldiers, German language, History, Continental european fiction (fictional works by one author), Fiction, war & military",,"Little, Brown, putnam's, Nanjing ba ti shu dian, Everbind Anthologies, Classics Illustrated Comics",https://openlibrary.org/works/OL1209288W,https://covers.openlibrary.org/b/id/12706822-M.jpg,Open Library API
1928,The well of loneliness,Radclyffe Hall,3.6,5,0,"The well of loneliness Radclyffe Hall Lesbians, Fiction, Social conditions, Fiction, lesbian, England, fiction, British and irish fiction (fictional works by one author), Fiction, lgbtq+, lesbian, Scholars, Heroes, Authors Pegasus Press, Innovate Book Publisher, Liese. Outside The Box, Andreas, Penguin Books, Limited, Corgi","Lesbians, Fiction, Social conditions, Fiction, lesbian, England, fiction, British and irish fiction (fictional works by one author), Fiction, lgbtq+, lesbian, Scholars, Heroes, Authors",,"Pegasus Press, Innovate Book Publisher, Liese. Outside The Box, Andreas, Penguin Books, Limited, Corgi",https://openlibrary.org/works/OL3297469W,https://covers.openlibrary.org/b/id/11157295-M.jpg,Open Library API
1928,The Masqueraders,Georgette Heyer,4.2,5,0,"The Masqueraders Georgette Heyer Fiction, Romance, Historical, Regency"", Large type books, Fiction, romance, historical, regency, Fiction, historical, general, Fiction, romance, general Sourcebooks, Incorporated, Pan, Murine Publications, Chivers Audio Books, Dtv","Fiction, Romance, Historical, Regency"", Large type books, Fiction, romance, historical, regency, Fiction, historical, general, Fiction, romance, general",,"Sourcebooks, Incorporated, Pan, Murine Publications, Chivers Audio Books, Dtv",https://openlibrary.org/works/OL16478203W,https://covers.openlibrary.org/b/id/7017850-M.jpg,Open Library API
1928,Finnegans Wake,James Joyce,3.5833333,12,0,"Finnegans Wake James Joyce Facsimiles, Manuscripts, English Manuscripts, Notebooks, sketchbooks, Fiction, Older men, Dreams, Proofs (Printing), Textual Criticism, Classic Literature Aylak Adam, Northwestern University Press, Gallimard, Independently Published, C. Gaige","Facsimiles, Manuscripts, English Manuscripts, Notebooks, sketchbooks, Fiction, Older men, Dreams, Proofs (Printing), Textual Criticism, Classic Literature",,"Aylak Adam, Northwestern University Press, Gallimard, Independently Published, C. Gaige",https://openlibrary.org/works/OL86319W,https://covers.openlibrary.org/b/id/6609259-M.jpg,Open Library API
1928,The unpleasantness at the Bellona Club,Dorothy L. Sayers,4.125,8,0,"The unpleasantness at the Bellona Club Dorothy L. Sayers Fiction, Private investigators, Lord Wimsey, Peter (Fictitious character), Large type books, Fiction, mystery & detective, general, Wimsey, peter, lord (fictitious character), fiction, Fiction, mystery & detective, traditional, England, fiction, Private investigators, fiction, Vane, harriet (fictitious character), fiction The Audio Partners, Goldmann Verlag, Perennial Library, New English Library, HarperPaperbacks","Fiction, Private investigators, Lord Wimsey, Peter (Fictitious character), Large type books, Fiction, mystery & detective, general, Wimsey, peter, lord (fictitious character), fiction, Fiction, mystery & detective, traditional, England, fiction, Private investigators, fiction, Vane, harriet (fictitious character), fiction",,"The Audio Partners, Goldmann Verlag, Perennial Library, New English Library, HarperPaperbacks",https://openlibrary.org/works/OL2234960W,https://covers.openlibrary.org/b/id/43793-M.jpg,Open Library API
1928,Decline and Fall,Evelyn Waugh,3.6,5,0,"Decline and Fall Evelyn Waugh Social life and customs, Manners and customs, Upper class, Fiction, British and irish fiction (fictional works by one author), Boys, Fiction in English, Teachers, Education, Medicine Penguin, Independently Published, chapman and hall, Grosset & Dunlap, Chivers Audio Books","Social life and customs, Manners and customs, Upper class, Fiction, British and irish fiction (fictional works by one author), Boys, Fiction in English, Teachers, Education, Medicine",,"Penguin, Independently Published, chapman and hall, Grosset & Dunlap, Chivers Audio Books",https://openlibrary.org/works/OL5721413W,https://covers.openlibrary.org/b/id/908617-M.jpg,Open Library API
1928,The Master Mind of Mars,Edgar Rice Burroughs,4.4,5,0,"The Master Mind of Mars Edgar Rice Burroughs Fiction, Historical Fiction, Science fiction, John Carter (Fictitious character), Dejah Thoris (Fictitious character), Life on other planets, Fiction, science fiction, space opera, Fiction, science fiction, general, American Science fiction, Extraterrestrial beings Start Publishing LLC, Aberdeen Press, Liese. Outside The Box, Andreas, Del Rey (Ballantine), Wildside Press","Fiction, Historical Fiction, Science fiction, John Carter (Fictitious character), Dejah Thoris (Fictitious character), Life on other planets, Fiction, science fiction, space opera, Fiction, science fiction, general, American Science fiction, Extraterrestrial beings",,"Start Publishing LLC, Aberdeen Press, Liese. Outside The Box, Andreas, Del Rey (Ballantine), Wildside Press",https://openlibrary.org/works/OL1418222W,https://covers.openlibrary.org/b/id/2889485-M.jpg,Open Library API
1928,The Shore Road Mystery,"Franklin W. Dixon, Dixon, Franklin W. (Mc Farlane, Leslie)",4.6666665,3,0,"The Shore Road Mystery Franklin W. Dixon, Dixon, Franklin W. (Mc Farlane, Leslie) Detective and mystery stories, Fiction, Hardy Boys (Fictitious characters), Juvenile fiction, Mystery, Mystery and detective stories, Hardy boys (fictitious characters), fiction, Children's fiction, series:HardyBoys, collectionID:HBMS1 Standard Ebooks, Brand: Books on Tape, Armada, Brand: Imagination Studio, Applewood Books","Detective and mystery stories, Fiction, Hardy Boys (Fictitious characters), Juvenile fiction, Mystery, Mystery and detective stories, Hardy boys (fictitious characters), fiction, Children's fiction, series:HardyBoys, collectionID:HBMS1",,"Standard Ebooks, Brand: Books on Tape, Armada, Brand: Imagination Studio, Applewood Books",https://openlibrary.org/works/OL47933W,https://covers.openlibrary.org/b/id/10985686-M.jpg,Open Library API
1929,Passing,"Nella Larsen, Matthew Hodgson, Tamar Mishmar",4.181818,11,0,"Passing Nella Larsen, Matthew Hodgson, Tamar Mishmar Fiction, Passing (Identity), African American women, Human skin color, Female friendship, Married women, Racially mixed people, Identity (Psychology), Criticism and interpretation, Afro-Americans Serpent's Tail Limited, Chemeketa Press, Creative Media Partners, LLC, Dover Pubs., CreateSpace","Fiction, Passing (Identity), African American women, Human skin color, Female friendship, Married women, Racially mixed people, Identity (Psychology), Criticism and interpretation, Afro-Americans",,"Serpent's Tail Limited, Chemeketa Press, Creative Media Partners, LLC, Dover Pubs., CreateSpace",https://openlibrary.org/works/OL2645476W,https://covers.openlibrary.org/b/id/11145883-M.jpg,Open Library API
1929,The Maltese Falcon,Dashiell Hammett,3.40625,32,0,"The Maltese Falcon Dashiell Hammett Fiction, mystery & detective, general, San francisco (calif.), fiction, California, fiction, Private investigators, fiction, Spade, sam (fictitious character), fiction, Ficción, Fiction, Hard-boiled detectives, Investigadores privados, Novela de misterio כתר, Cassell, ISIS Audio Books, Independently Published, Dover Publications, Incorporated","Fiction, mystery & detective, general, San francisco (calif.), fiction, California, fiction, Private investigators, fiction, Spade, sam (fictitious character), fiction, Ficción, Fiction, Hard-boiled detectives, Investigadores privados, Novela de misterio",,"כתר, Cassell, ISIS Audio Books, Independently Published, Dover Publications, Incorporated",https://openlibrary.org/works/OL47266W,https://covers.openlibrary.org/b/id/998587-M.jpg,Open Library API
1929,A Farewell to Arms,Ernest Hemingway,3.6557376,61,0,"A Farewell to Arms Ernest Hemingway Cuentos de guerra, World War I, 1914-1918, Open Library Staff Picks, Fiction, Campaigns, open_syllabus_project, American fiction, Guerra Mundial I, 1914-1918, Ficción, 1914-1918 World War Elipsa, scribners, Unidad Editorial, E. Rowohlt, Penguin Random House","Cuentos de guerra, World War I, 1914-1918, Open Library Staff Picks, Fiction, Campaigns, open_syllabus_project, American fiction, Guerra Mundial I, 1914-1918, Ficción, 1914-1918 World War",,"Elipsa, scribners, Unidad Editorial, E. Rowohlt, Penguin Random House",https://openlibrary.org/works/OL63072W,https://covers.openlibrary.org/b/id/7226599-M.jpg,Open Library API
1929,The Crime at Black Dudley (Albert Campion #1),Margery Allingham,3.0,6,0,"The Crime at Black Dudley (Albert Campion #1) Margery Allingham Fiction, Mystery, Murder, Fiction, mystery & detective, general, Fiction, crime, Campion, albert (fictitious character), fiction, Private investigators, fiction, England, fiction, Private investigators, Albert Campion (Fictitious character) Macfadden-Bartell, Open Road Integrated Media, Inc., Amereon Ltd, Bloomsbury Publishing Plc, Independently Published","Fiction, Mystery, Murder, Fiction, mystery & detective, general, Fiction, crime, Campion, albert (fictitious character), fiction, Private investigators, fiction, England, fiction, Private investigators, Albert Campion (Fictitious character)",,"Macfadden-Bartell, Open Road Integrated Media, Inc., Amereon Ltd, Bloomsbury Publishing Plc, Independently Published",https://openlibrary.org/works/OL2004298W,https://covers.openlibrary.org/b/id/9285668-M.jpg,Open Library API
1929,Partners in Crime,Agatha Christie,4.4,5,0,"Partners in Crime Agatha Christie English Detective and mystery stories, Fiction, Mystery, Tuppence Beresford (Fictitious character), Tommy Beresford (Fictitious character), Private investigators, Large type books, English literature, Fiction, mystery & detective, traditional, England, fiction Scherz, Ulverscroft, HarperCollins Publishers, The Audio Partners, Mystery Masters, Wydawnictwo Hachette","English Detective and mystery stories, Fiction, Mystery, Tuppence Beresford (Fictitious character), Tommy Beresford (Fictitious character), Private investigators, Large type books, English literature, Fiction, mystery & detective, traditional, England, fiction",,"Scherz, Ulverscroft, HarperCollins Publishers, The Audio Partners, Mystery Masters, Wydawnictwo Hachette",https://openlibrary.org/works/OL471928W,https://covers.openlibrary.org/b/id/14577916-M.jpg,Open Library API
1929,"Look Homeward, Angel",Thomas Wolfe,4.0,2,0,"Look Homeward, Angel Thomas Wolfe flashlightworthy, Fiction, Mountain life, Boys, Domestic fiction, American fiction (fictional works by one author), Fiction, coming of age, North carolina, fiction, Fiction, family life, general, Family Charles Scribners' Sons, Grosset & Dunlap, New American Library, New English Library, Bruguera","flashlightworthy, Fiction, Mountain life, Boys, Domestic fiction, American fiction (fictional works by one author), Fiction, coming of age, North carolina, fiction, Fiction, family life, general, Family",,"Charles Scribners' Sons, Grosset & Dunlap, New American Library, New English Library, Bruguera",https://openlibrary.org/works/OL276141W,https://covers.openlibrary.org/b/id/475567-M.jpg,Open Library API
1929,Cup of Gold,John Steinbeck,5.0,1,0,"Cup of Gold John Steinbeck Fiction, Morgan, Henry, in fiction, Governors, Buccaneers, Governors in fiction, Caribbean Area in fiction, Buccaneers in fiction, Morgan, Henry,  in fiction, American fiction (fictional works by one author), Fiction, general Verlag Kurt Desch, Transworld Publishers, W. Goldman, B. Wahlström, Ulverscroft","Fiction, Morgan, Henry, in fiction, Governors, Buccaneers, Governors in fiction, Caribbean Area in fiction, Buccaneers in fiction, Morgan, Henry,  in fiction, American fiction (fictional works by one author), Fiction, general",,"Verlag Kurt Desch, Transworld Publishers, W. Goldman, B. Wahlström, Ulverscroft",https://openlibrary.org/works/OL23187W,https://covers.openlibrary.org/b/id/6485083-M.jpg,Open Library API
1929,The Sound and the Fury,William Faulkner,3.875,8,0,"The Sound and the Fury William Faulkner American Manuscripts, Death, Brothers and sisters, Aristocracy (Social class), Burial, Manuscripts, Facsimiles, Fiction, Family, People with mental disabilities RH Audio, Random House, Kōdansha, Alfaguara, Vintage","American Manuscripts, Death, Brothers and sisters, Aristocracy (Social class), Burial, Manuscripts, Facsimiles, Fiction, Family, People with mental disabilities",,"RH Audio, Random House, Kōdansha, Alfaguara, Vintage",https://openlibrary.org/works/OL82870W,https://covers.openlibrary.org/b/id/8292212-M.jpg,Open Library API
1929,Red Harvest,Dashiell Hammett,3.8,5,0,"Red Harvest Dashiell Hammett Fiction, Private investigators, Continental Op (Fictitious character), Fiction in English, Gangs, Large type books, Fiction, mystery & detective, hard-boiled, Continental op (fictitious character), fiction, Private investigators, fiction, United states, fiction Books on Tape, Orion, French & European Pubns, ISIS Audio Books, Blurb","Fiction, Private investigators, Continental Op (Fictitious character), Fiction in English, Gangs, Large type books, Fiction, mystery & detective, hard-boiled, Continental op (fictitious character), fiction, Private investigators, fiction, United states, fiction",,"Books on Tape, Orion, French & European Pubns, ISIS Audio Books, Blurb",https://openlibrary.org/works/OL47269W,https://covers.openlibrary.org/b/id/968508-M.jpg,Open Library API
1929,Beauvallet (Beauvallet Dynasty #2),Georgette Heyer,3.5,2,0,"Beauvallet (Beauvallet Dynasty #2) Georgette Heyer Fiction, Historical, Pirates, Nobility, Romance, Fiction, general, Romance fiction, Great britain, fiction, Fiction, historical, general, Large type books William Heinemann Ltd, WIlliam Heinemann Ltd, W. Heinemann, Mandarin, Open Road Integrated Media, Inc.","Fiction, Historical, Pirates, Nobility, Romance, Fiction, general, Romance fiction, Great britain, fiction, Fiction, historical, general, Large type books",,"William Heinemann Ltd, WIlliam Heinemann Ltd, W. Heinemann, Mandarin, Open Road Integrated Media, Inc.",https://openlibrary.org/works/OL4092646W,https://covers.openlibrary.org/b/id/6920952-M.jpg,Open Library API
1930,The Hidden Staircase,Carolyn Keene,3.7083333,24,0,"The Hidden Staircase Carolyn Keene Detective and mystery stories, Fiction, Juvenile fiction, Mystery, Mystery and detective stories, Drew, nancy (fictitious character), fiction, Children's fiction, Adventure stories, Women detectives, CollectionID:NDMS Scholastic, Read Books, Grosset & Dunlap, Listening Library, Imagination Studio","Detective and mystery stories, Fiction, Juvenile fiction, Mystery, Mystery and detective stories, Drew, nancy (fictitious character), fiction, Children's fiction, Adventure stories, Women detectives, CollectionID:NDMS",,"Scholastic, Read Books, Grosset & Dunlap, Listening Library, Imagination Studio",https://openlibrary.org/works/OL39160W,https://covers.openlibrary.org/b/id/15150728-M.jpg,Open Library API
1930,The Murder at the Vicarage,Agatha Christie,4.1666665,30,0,"The Murder at the Vicarage Agatha Christie Women detectives, Fiction, Classic, Literature, Audiobook, Braile, DVD, Murder, Mystery, Humour Sagebrush Education Resources, Crime Club / Book Club, Fontana/Collins, Espasa, Collins (for) the Crime Club","Women detectives, Fiction, Classic, Literature, Audiobook, Braile, DVD, Murder, Mystery, Humour",,"Sagebrush Education Resources, Crime Club / Book Club, Fontana/Collins, Espasa, Collins (for) the Crime Club",https://openlibrary.org/works/OL471895W,https://covers.openlibrary.org/b/id/12996560-M.jpg,Open Library API
1930,The Secret of the Old Clock,Carolyn Keene,4.095238,21,0,"The Secret of the Old Clock Carolyn Keene American Detective and mystery stories, Children's stories, American, Detective and mystery stories, Fiction, Juvenile fiction, Mystery, Mystery and detective stories, Nancy Drew (Fictitious character), Adventure stories, Women detectives Grosset & Dunlap, Grosset and Dunlap, New York, Grossett&DunIap, Listening Library (Audio), Penguin USA, Inc.","American Detective and mystery stories, Children's stories, American, Detective and mystery stories, Fiction, Juvenile fiction, Mystery, Mystery and detective stories, Nancy Drew (Fictitious character), Adventure stories, Women detectives",,"Grosset & Dunlap, Grosset and Dunlap, New York, Grossett&DunIap, Listening Library (Audio), Penguin USA, Inc.",https://openlibrary.org/works/OL39275W,https://covers.openlibrary.org/b/id/15150724-M.jpg,Open Library API
1930,Narziss und Goldmund,Hermann Hesse,4.0,20,0,"Narziss und Goldmund Hermann Hesse Teacher-student relationships, Fiction, Romance, German fiction, Literatura alemã, Translations from German, English fiction, Translations into English, Fiction, general, Continental european fiction (fictional works by one author) Penguin Classic, Bermann-Fischer, Bu chergilde Gutenberg, Fischer Bucherei, Fischer Bücherei","Teacher-student relationships, Fiction, Romance, German fiction, Literatura alemã, Translations from German, English fiction, Translations into English, Fiction, general, Continental european fiction (fictional works by one author)",,"Penguin Classic, Bermann-Fischer, Bu chergilde Gutenberg, Fischer Bucherei, Fischer Bücherei",https://openlibrary.org/works/OL873100W,https://covers.openlibrary.org/b/id/1016864-M.jpg,Open Library API
1930,The Bungalow Mystery,Carolyn Keene,4.2222223,9,0,"The Bungalow Mystery Carolyn Keene Children's fiction, Drew, nancy (fictitious character), fiction, Mystery and detective stories, Adventure and adventurers, Detective and mystery stories, Fiction, Juvenile fiction, Mystery, Nancy Drew (Fictitious character), Women detectives Listening Library, HarperCollins Publishers, Penguin Publishing Group, Distributed by Globe Pequot Press, Penguin USA, Inc.","Children's fiction, Drew, nancy (fictitious character), fiction, Mystery and detective stories, Adventure and adventurers, Detective and mystery stories, Fiction, Juvenile fiction, Mystery, Nancy Drew (Fictitious character), Women detectives",,"Listening Library, HarperCollins Publishers, Penguin Publishing Group, Distributed by Globe Pequot Press, Penguin USA, Inc.",https://openlibrary.org/works/OL38989W,https://covers.openlibrary.org/b/id/15150725-M.jpg,Open Library API
1930,Swallows and Amazons,Arthur Michell Ransome,4.0,15,0,"Swallows and Amazons Arthur Michell Ransome Adventure and adventurers, Boats and boating, Children's camping and sailing adventures., Children's stories, Fiction, Juvenile fiction, Sailing, Swallows (Fictitious characters), Camping, Amazons (Fictitious characters : Ransome) J B LIPPINCOTT & CO., Penguin Books in association with J. Cape, Harpercollins, Brand: Overlook Juvenile, David R Godine","Adventure and adventurers, Boats and boating, Children's camping and sailing adventures., Children's stories, Fiction, Juvenile fiction, Sailing, Swallows (Fictitious characters), Camping, Amazons (Fictitious characters : Ransome)",,"J B LIPPINCOTT & CO., Penguin Books in association with J. Cape, Harpercollins, Brand: Overlook Juvenile, David R Godine",https://openlibrary.org/works/OL2459837W,https://covers.openlibrary.org/b/id/7145171-M.jpg,Open Library API
1930,Камера Обскура (Kamera obskura),Vladimir Nabokov,4.6666665,9,0,"Камера Обскура (Kamera obskura) Vladimir Nabokov Translations into English, Adultery, Fiction, Continental european fiction (fictional works by one author), American fiction (fictional works by one author), Berlin (germany), fiction, Fiction, general, Slavic philology Weidenfeld and Nicolson, ""Azbuka-Klassika"", Sovremennyi͡a︡ zapiski, Penguin Books, Norton*(ww Norton Co","Translations into English, Adultery, Fiction, Continental european fiction (fictional works by one author), American fiction (fictional works by one author), Berlin (germany), fiction, Fiction, general, Slavic philology",,"Weidenfeld and Nicolson, ""Azbuka-Klassika"", Sovremennyi͡a︡ zapiski, Penguin Books, Norton*(ww Norton Co",https://openlibrary.org/works/OL627077W,https://covers.openlibrary.org/b/id/598133-M.jpg,Open Library API
1930,Last and First Men,Olaf Stapledon,3.1818182,11,0,"Last and First Men Olaf Stapledon Fiction, science fiction, general, Fiction, Fiction in English, Prophecies, Science fiction, Human beings, Long Now Manual for Civilization, English literature, English Science fiction, Human beings--fiction Audible Studios on Brilliance Audio, Lythway Press, Bibliotech Press, Gollancz, Methuen","Fiction, science fiction, general, Fiction, Fiction in English, Prophecies, Science fiction, Human beings, Long Now Manual for Civilization, English literature, English Science fiction, Human beings--fiction",,"Audible Studios on Brilliance Audio, Lythway Press, Bibliotech Press, Gollancz, Methuen",https://openlibrary.org/works/OL3290731W,https://covers.openlibrary.org/b/id/911106-M.jpg,Open Library API
1930,The mysterious Mr Quin,Agatha Christie,4.0,1,0,"The mysterious Mr Quin Agatha Christie Mystery, English Detective and mystery stories, Fiction, Paranormal fiction, Murder, Investigation, Fiction, mystery & detective, short stories, Fiction, mystery & detective, traditional, England, fiction, Roman policier anglais Scherz, Ulverscroft, ISIS Audio Books, Dodd, Mead and Company, HarperCollins Publishers","Mystery, English Detective and mystery stories, Fiction, Paranormal fiction, Murder, Investigation, Fiction, mystery & detective, short stories, Fiction, mystery & detective, traditional, England, fiction, Roman policier anglais",,"Scherz, Ulverscroft, ISIS Audio Books, Dodd, Mead and Company, HarperCollins Publishers",https://openlibrary.org/works/OL472043W,https://covers.openlibrary.org/b/id/14586400-M.jpg,Open Library API
1930,The Mystery at Lilac Inn,Carolyn Keene,4.0,7,0,"The Mystery at Lilac Inn Carolyn Keene Drew, nancy (fictitious character), fiction, Mystery and detective stories, Children's fiction, Adventure and adventurers, Detective and mystery stories, Fiction, Juvenile fiction, Juvenile literature, Mystery, Nancy Drew (Fictitious character) Grosset & Dunlap, Grosset and Dunlap, applewood books, Hachette, Hachette Littérature","Drew, nancy (fictitious character), fiction, Mystery and detective stories, Children's fiction, Adventure and adventurers, Detective and mystery stories, Fiction, Juvenile fiction, Juvenile literature, Mystery, Nancy Drew (Fictitious character)",,"Grosset & Dunlap, Grosset and Dunlap, applewood books, Hachette, Hachette Littérature",https://openlibrary.org/works/OL39241W,https://covers.openlibrary.org/b/id/15150730-M.jpg,Open Library API
1931,The Waves,Virginia Woolf,4.3846154,13,0,"The Waves Virginia Woolf British and irish fiction (fictional works by one author), Fiction, psychological, Friendship, fiction, Identity (Psychology), Friendship, Fiction, Friendship in fiction, Facsimiles, Manuscripts, Translations Ediciones Catedra S.A., Read Books, Ediciones Orbis - Editorial Origen, Clarke, Irwin & Co. Ltd., Peter Smith Publisher Inc","British and irish fiction (fictional works by one author), Fiction, psychological, Friendship, fiction, Identity (Psychology), Friendship, Fiction, Friendship in fiction, Facsimiles, Manuscripts, Translations",,"Ediciones Catedra S.A., Read Books, Ediciones Orbis - Editorial Origen, Clarke, Irwin & Co. Ltd., Peter Smith Publisher Inc",https://openlibrary.org/works/OL39316W,https://covers.openlibrary.org/b/id/119517-M.jpg,Open Library API
1931,The Sittaford Mystery,Agatha Christie,3.6666667,9,0,"The Sittaford Mystery Agatha Christie English Detective and mystery stories, Detective and mystery stories, Murder, Fiction, Mystery, Seances, Private investigators, Investigation, Fiction, mystery & detective, general, Crime, fiction Center Point Large Print, Bantam Books, al-Ajyāl lil-Tarjamah wa-al-Nashr, Soundelux Audio Pub, Published for the Crime Club by Collins","English Detective and mystery stories, Detective and mystery stories, Murder, Fiction, Mystery, Seances, Private investigators, Investigation, Fiction, mystery & detective, general, Crime, fiction",,"Center Point Large Print, Bantam Books, al-Ajyāl lil-Tarjamah wa-al-Nashr, Soundelux Audio Pub, Published for the Crime Club by Collins",https://openlibrary.org/works/OL471664W,https://covers.openlibrary.org/b/id/13151831-M.jpg,Open Library API
1931,Light in August,William Faulkner,3.1,10,0,"Light in August William Faulkner Fiction, Mississippi in fiction, Drifters, Racially mixed people, Drifters in fiction, Pregnant women in fiction, Racially mixed people in fiction, Pregnant women, Facsimiles, American Manuscripts [Smith & Haas], Chatto & Windus, Adelphi, Franklin Library, Chatto and Windus","Fiction, Mississippi in fiction, Drifters, Racially mixed people, Drifters in fiction, Pregnant women in fiction, Racially mixed people in fiction, Pregnant women, Facsimiles, American Manuscripts",,"[Smith & Haas], Chatto & Windus, Adelphi, Franklin Library, Chatto and Windus",https://openlibrary.org/works/OL82931W,https://covers.openlibrary.org/b/id/8292249-M.jpg,Open Library API
1931,The Good Earth,Pearl S. Buck,3.9565217,23,0,"The Good Earth Pearl S. Buck China, fiction, Fiction, historical, general, Social life and customs, History, Farmers' spouses, Married women, Manners and customs, Farm life, Fiction, American fiction (fictional works by one author) Example Product Manufacturer, al-Bihar, Berlelsmem, Lāhaura Buka Shāpa, Alianza Editorial","China, fiction, Fiction, historical, general, Social life and customs, History, Farmers' spouses, Married women, Manners and customs, Farm life, Fiction, American fiction (fictional works by one author)",,"Example Product Manufacturer, al-Bihar, Berlelsmem, Lāhaura Buka Shāpa, Alianza Editorial",https://openlibrary.org/works/OL1140109W,https://covers.openlibrary.org/b/id/2626823-M.jpg,Open Library API
1931,Pietr-le-Letton,Georges Simenon,2.25,4,0,"Pietr-le-Letton Georges Simenon Fiction, Jules Maigret (Fictitious character), Police, Fiction, mystery & detective, general, Crime, fiction, Maigret, jules (fictitious character), fiction, Paris (france), fiction, Franzo sisch, Roman, Continental european fiction (fictional works by one author) Acantilado, Pocket, Fayard, Le Livre de poche, Picador","Fiction, Jules Maigret (Fictitious character), Police, Fiction, mystery & detective, general, Crime, fiction, Maigret, jules (fictitious character), fiction, Paris (france), fiction, Franzo sisch, Roman, Continental european fiction (fictional works by one author)",,"Acantilado, Pocket, Fayard, Le Livre de poche, Picador",https://openlibrary.org/works/OL1242934W,https://covers.openlibrary.org/b/id/9245628-M.jpg,Open Library API
1931,Vol de nuit,Antoine de Saint-Exupéry,4.5,10,0,"Vol de nuit Antoine de Saint-Exupéry Air pilots, Fiction, Aéronautique, French fiction, Romans, Aeronautics, Air pilots, fiction, Fiction, action & adventure, Continental european fiction (fictional works by one author), Children's fiction Harper & brothers, Goossens, Alma Classics, Mondadori, 新潮社","Air pilots, Fiction, Aéronautique, French fiction, Romans, Aeronautics, Air pilots, fiction, Fiction, action & adventure, Continental european fiction (fictional works by one author), Children's fiction",,"Harper & brothers, Goossens, Alma Classics, Mondadori, 新潮社",https://openlibrary.org/works/OL10267W,https://covers.openlibrary.org/b/id/116397-M.jpg,Open Library API
1931,A Fighting Man Of Mars,Edgar Rice Burroughs,4.4,5,0,"A Fighting Man Of Mars Edgar Rice Burroughs Fiction, Science Fiction, American Science fiction, Extraterrestrial beings, Fiction, science fiction, action & adventure, Barsoom (imaginary place), fiction, Carter, john (fictitious character), fiction, Fiction, science fiction, general, Science fiction Start Publishing LLC, Ballantine Books, Nuvision Publications, llc, Kessinger Publishing, LLC, NuVision Publications","Fiction, Science Fiction, American Science fiction, Extraterrestrial beings, Fiction, science fiction, action & adventure, Barsoom (imaginary place), fiction, Carter, john (fictitious character), fiction, Fiction, science fiction, general, Science fiction",,"Start Publishing LLC, Ballantine Books, Nuvision Publications, llc, Kessinger Publishing, LLC, NuVision Publications",https://openlibrary.org/works/OL1418176W,https://covers.openlibrary.org/b/id/13898460-M.jpg,Open Library API
1931,Tom Sawyer,"Mark Twain, John D. Seelye",5.0,2,0,"Tom Sawyer Mark Twain, John D. Seelye American fiction (fictional works by one author), Missouri, fiction, Sawyer, tom (fictitious character), fiction, Fiction, Boys, Garçons, Romans, nouvelles, JUVENILE FICTION, General Bookbyte Digital, Macmillan Heinemann ELT, Bloomsbury Publishing Plc, Dent & Sons, J. M., Windrush Press, Limited","American fiction (fictional works by one author), Missouri, fiction, Sawyer, tom (fictitious character), fiction, Fiction, Boys, Garçons, Romans, nouvelles, JUVENILE FICTION, General",,"Bookbyte Digital, Macmillan Heinemann ELT, Bloomsbury Publishing Plc, Dent & Sons, J. M., Windrush Press, Limited",https://openlibrary.org/works/OL25639159W,https://covers.openlibrary.org/b/id/14584255-M.jpg,Open Library API
1931,The Conqueror,Georgette Heyer,1.6666666,3,0,"The Conqueror Georgette Heyer 1930s, Fiction, Kings and rulers, Historical Fiction, Romance, English fiction, Fiction, historical, Fiction, biographical, England, fiction, Fiction, historical, general Deutscher Taschenbuch Verlag, pan books ltd, Mandarin, E.P. Dutton, Pan Books","1930s, Fiction, Kings and rulers, Historical Fiction, Romance, English fiction, Fiction, historical, Fiction, biographical, England, fiction, Fiction, historical, general",,"Deutscher Taschenbuch Verlag, pan books ltd, Mandarin, E.P. Dutton, Pan Books",https://openlibrary.org/works/OL4092645W,https://covers.openlibrary.org/b/id/6921432-M.jpg,Open Library API
1931,The Inimitable Jeeves,P. G. Wodehouse,4.4,5,0,"The Inimitable Jeeves P. G. Wodehouse Bertie Wooster (Fictitious character), Valets, Open Library Staff Picks, Fiction in English, Single men, Fiction, Classic Literature, Jeeves (Fictitious character), Jeeves (fictitious character), fiction, Wooster, bertie (fictitious character), fiction Random House Publishing Group, Jenkins, Overlook Press, Vintage, Penguin (Non-Classics)","Bertie Wooster (Fictitious character), Valets, Open Library Staff Picks, Fiction in English, Single men, Fiction, Classic Literature, Jeeves (Fictitious character), Jeeves (fictitious character), fiction, Wooster, bertie (fictitious character), fiction",,"Random House Publishing Group, Jenkins, Overlook Press, Vintage, Penguin (Non-Classics)",https://openlibrary.org/works/OL1337101W,https://covers.openlibrary.org/b/id/5145558-M.jpg,Open Library API
1932,Brave New World,Aldous Huxley,3.9694989,459,0,"Brave New World Aldous Huxley Utopias, Brainwashing, Moral and ethical aspects of Science, Fiction, Science and state, Social problems, Passivity (Psychology), Culture, Propaganda, Genetic engineering Bange C. GmbH, Jugoslavija, Penguin Random House Grupo Editorial, Amereon Limited, Gui guan","Utopias, Brainwashing, Moral and ethical aspects of Science, Fiction, Science and state, Social problems, Passivity (Psychology), Culture, Propaganda, Genetic engineering",,"Bange C. GmbH, Jugoslavija, Penguin Random House Grupo Editorial, Amereon Limited, Gui guan",https://openlibrary.org/works/OL64365W,https://covers.openlibrary.org/b/id/8231823-M.jpg,Open Library API
1932,Little House in the Big Woods,Laura Ingalls Wilder,3.9454546,55,0,"Little House in the Big Woods Laura Ingalls Wilder Juvenile fiction, Ficción juvenil, Frontier and pioneer life, Fiction, Vida de pioneros, Juvenile literature, Children's fiction, Wisconsin, fiction, Frontier and pioneer life, fiction, Family life, fiction Turtleback Books Distributed by Demco Media, harper & brothers, Harper & brothers, Harper & Brothers, Fireside Books","Juvenile fiction, Ficción juvenil, Frontier and pioneer life, Fiction, Vida de pioneros, Juvenile literature, Children's fiction, Wisconsin, fiction, Frontier and pioneer life, fiction, Family life, fiction",,"Turtleback Books Distributed by Demco Media, harper & brothers, Harper & brothers, Harper & Brothers, Fireside Books",https://openlibrary.org/works/OL1719746W,https://covers.openlibrary.org/b/id/28677-M.jpg,Open Library API
1932,Peril at End House,Agatha Christie,4.181818,22,0,"Peril at End House Agatha Christie Captain Hastings (Fictitious character), English Detective and mystery stories, Fiction, Hercule Poirot (Fictitious character), Mystery, Private investigators, Detective and mystery stories, English literature, English language, Fiction, mystery & detective, general Collins for the Crime Club, AudioGO Ltd., French, Harpercollins, Dodd, Mead & Company","Captain Hastings (Fictitious character), English Detective and mystery stories, Fiction, Hercule Poirot (Fictitious character), Mystery, Private investigators, Detective and mystery stories, English literature, English language, Fiction, mystery & detective, general",,"Collins for the Crime Club, AudioGO Ltd., French, Harpercollins, Dodd, Mead & Company",https://openlibrary.org/works/OL472165W,https://covers.openlibrary.org/b/id/12996556-M.jpg,Open Library API
1932,Devil's Cub (Alastair-Audley #2),Georgette Heyer,4.4117646,17,0,"Devil's Cub (Alastair-Audley #2) Georgette Heyer Fiction, Romance, Historical, Social life and customs, Aristocracy (Social class), Open Library Staff Picks, Marriage proposals, Nobility, History, Fiction, romance, historical, general, Fiction, mystery & detective, general, Fiction, general Chivers Audio Books, Mandarin, Signet, Peacock / Penguin Harmondsworth, Sourcebooks Casablanca","Fiction, Romance, Historical, Social life and customs, Aristocracy (Social class), Open Library Staff Picks, Marriage proposals, Nobility, History, Fiction, romance, historical, general, Fiction, mystery & detective, general, Fiction, general",,"Chivers Audio Books, Mandarin, Signet, Peacock / Penguin Harmondsworth, Sourcebooks Casablanca",https://openlibrary.org/works/OL4092689W,https://covers.openlibrary.org/b/id/6921822-M.jpg,Open Library API
1932,The Thirteen Problems,Agatha Christie,3.909091,11,0,"The Thirteen Problems Agatha Christie Jane Marple (Fictitious character), Fiction, Mystery, Suspense fiction, Open Library Staff Picks, English Detective and mystery stories, English Short stories, Translations into French, English fiction, Roman Bantam Books, Éditions France Loisirs, Published for the Crime Club by Collins, Editorial Molinoy, HarperCollins Publishers","Jane Marple (Fictitious character), Fiction, Mystery, Suspense fiction, Open Library Staff Picks, English Detective and mystery stories, English Short stories, Translations into French, English fiction, Roman",,"Bantam Books, Éditions France Loisirs, Published for the Crime Club by Collins, Editorial Molinoy, HarperCollins Publishers",https://openlibrary.org/works/OL471921W,https://covers.openlibrary.org/b/id/11163587-M.jpg,Open Library API
1932,Voyage au bout de la nuit,Louis-Ferdinand Celine,4.0,19,0,"Voyage au bout de la nuit Louis-Ferdinand Celine Fiction, short stories (single author), Novela francesa, Traducciones al español, Fiction, general, Fiction, historical, general, Roman, Illustraties, French Picaresque literature, Black humor, Fiction Rowolt Taschenbuch Verlag, Chatto and Windus, Futuropolis/Gallimard, Dall'Oglio, J. Calder","Fiction, short stories (single author), Novela francesa, Traducciones al español, Fiction, general, Fiction, historical, general, Roman, Illustraties, French Picaresque literature, Black humor, Fiction",,"Rowolt Taschenbuch Verlag, Chatto and Windus, Futuropolis/Gallimard, Dall'Oglio, J. Calder",https://openlibrary.org/works/OL1287903W,https://covers.openlibrary.org/b/id/14054027-M.jpg,Open Library API
1932,Radetzkymarsch,Joseph Roth,3.6666667,6,0,"Radetzkymarsch Joseph Roth Fiction, History, Fiction, sagas, Fiction, historical, Austria, fiction, Fiction, historical, general, Fiction, general, Social conditions, Romans, nouvelles, Histoire Viking Press, Dtv, Overlook TP, Fischer, PENGUIN POPULAR CLASSICS","Fiction, History, Fiction, sagas, Fiction, historical, Austria, fiction, Fiction, historical, general, Fiction, general, Social conditions, Romans, nouvelles, Histoire",,"Viking Press, Dtv, Overlook TP, Fischer, PENGUIN POPULAR CLASSICS",https://openlibrary.org/works/OL466942W,https://covers.openlibrary.org/b/id/12973199-M.jpg,Open Library API
1932,Stamboul train,Graham Greene,2.5,2,0,"Stamboul train Graham Greene Murder, Fiction in English, Orient Express (Express train), Fiction, Man-woman relationships, Fiction inEnglish, Railroad travel, Spy stories, British and irish fiction (fictional works by one author), Fiction, romance, suspense Stock, Published for The British Publishers Guild by Heinemann, Viking Adult, Pocket, Rowohlt","Murder, Fiction in English, Orient Express (Express train), Fiction, Man-woman relationships, Fiction inEnglish, Railroad travel, Spy stories, British and irish fiction (fictional works by one author), Fiction, romance, suspense",,"Stock, Published for The British Publishers Guild by Heinemann, Viking Adult, Pocket, Rowohlt",https://openlibrary.org/works/OL106079W,https://covers.openlibrary.org/b/id/5329124-M.jpg,Open Library API
1932,The selfish giant,Oscar Wilde,3.5,6,0,"The selfish giant Oscar Wilde Giants, Picture books, Juvenile fiction, Fiction, Fairy tales, Gardens, fiction, Giants, fiction, Children's fiction, Selfishness, Contes de fées P. Pauper Press, Kessinger Publishing, LLC, Floris, NXB Kim Đsong/KimDong Pub. House, Simon & Schuster Children's Publishing","Giants, Picture books, Juvenile fiction, Fiction, Fairy tales, Gardens, fiction, Giants, fiction, Children's fiction, Selfishness, Contes de fées",,"P. Pauper Press, Kessinger Publishing, LLC, Floris, NXB Kim Đsong/KimDong Pub. House, Simon & Schuster Children's Publishing",https://openlibrary.org/works/OL14877873W,https://covers.openlibrary.org/b/id/259533-M.jpg,Open Library API
1932,The Pastures of Heaven,John Steinbeck,5.0,1,0,"The Pastures of Heaven John Steinbeck Fiction, Farm life, Rural families, Classic Literature, Literature, Family, California, fiction, Fiction, general, American fiction (fictional works by one author), Fiction, historical, general Ullstein, Dtv, Arena, E. Benn, Quality Press","Fiction, Farm life, Rural families, Classic Literature, Literature, Family, California, fiction, Fiction, general, American fiction (fictional works by one author), Fiction, historical, general",,"Ullstein, Dtv, Arena, E. Benn, Quality Press",https://openlibrary.org/works/OL23195W,https://covers.openlibrary.org/b/id/6922830-M.jpg,Open Library API
1933,Farmer Boy,Laura Ingalls Wilder,3.8181818,22,0,"Farmer Boy Laura Ingalls Wilder Children's fiction, Farm life, fiction, Frontier and pioneer life, Family, Family life, Fiction, Children's stories, Farm life, Juvenile fiction, New york (state), fiction Zemorah, Bitan, Flammarion, Agencja KRIS, Harper & brothers, Harper & Brothers","Children's fiction, Farm life, fiction, Frontier and pioneer life, Family, Family life, Fiction, Children's stories, Farm life, Juvenile fiction, New york (state), fiction",,"Zemorah, Bitan, Flammarion, Agencja KRIS, Harper & brothers, Harper & Brothers",https://openlibrary.org/works/OL1503063W,https://covers.openlibrary.org/b/id/29745-M.jpg,Open Library API
1933,Tender is the Night,F. Scott Fitzgerald,3.85,20,0,"Tender is the Night F. Scott Fitzgerald Fiction, Psychiatrists, Wealth, Moral and ethical aspects of Wealth, Facsimiles, American Manuscripts, Manuscripts, Moral and ethical aspects, Literature, Psychological fiction Wordsworth Editions Ltd, Hyŏndae Munhwa Sent'a, Collier Books, Guild Publishing, Book-of-the-Month Club","Fiction, Psychiatrists, Wealth, Moral and ethical aspects of Wealth, Facsimiles, American Manuscripts, Manuscripts, Moral and ethical aspects, Literature, Psychological fiction",,"Wordsworth Editions Ltd, Hyŏndae Munhwa Sent'a, Collier Books, Guild Publishing, Book-of-the-Month Club",https://openlibrary.org/works/OL468485W,https://covers.openlibrary.org/b/id/6984433-M.jpg,Open Library API
1933,Murder on the Orient Express,Agatha Christie,4.1260505,119,0,"Murder on the Orient Express Agatha Christie Agatha Christie, Private investigator, P.I., Hercule Poirot, Detective, Murder, Mystery, Juvenile, Humour, Fiction Collins for the Crime Club, Sagebrush Education Resources, Editorial Galaxia, S.A., Pelckmans, Le Livre de Poche Jeunesse","Agatha Christie, Private investigator, P.I., Hercule Poirot, Detective, Murder, Mystery, Juvenile, Humour, Fiction",,"Collins for the Crime Club, Sagebrush Education Resources, Editorial Galaxia, S.A., Pelckmans, Le Livre de Poche Jeunesse",https://openlibrary.org/works/OL471576W,https://covers.openlibrary.org/b/id/11100465-M.jpg,Open Library API
1933,Lord Edgware Dies,Agatha Christie,3.9166667,12,0,"Lord Edgware Dies Agatha Christie Hercule Poirot (Fictitious character), Private investigators, Fiction, Mystery, Detective and mystery stories, Juvenile literature, Investigadores privados, Poirot, Hercule (Personaje literario), Detectives privados, Novela Collins for the Crime Club, Published for the Crime Club Ltd. by Collins, Al-Ajyal, Harpercollins, Dodd, Mead & Company","Hercule Poirot (Fictitious character), Private investigators, Fiction, Mystery, Detective and mystery stories, Juvenile literature, Investigadores privados, Poirot, Hercule (Personaje literario), Detectives privados, Novela",,"Collins for the Crime Club, Published for the Crime Club Ltd. by Collins, Al-Ajyal, Harpercollins, Dodd, Mead & Company",https://openlibrary.org/works/OL471767W,https://covers.openlibrary.org/b/id/9492111-M.jpg,Open Library API
1933,The Red Pony,John Steinbeck,3.2222223,9,0,"The Red Pony John Steinbeck Horses, Horse, Open Library Staff Picks, Ponies, Fiction, Boys, Ranch life, Coming of age, Loss (Psychology), Western stories Mandarin, Bantam, Remzi Kitabevi, Paw Prints 2008-06-26, Gallimard / Folio junior 1","Horses, Horse, Open Library Staff Picks, Ponies, Fiction, Boys, Ranch life, Coming of age, Loss (Psychology), Western stories",,"Mandarin, Bantam, Remzi Kitabevi, Paw Prints 2008-06-26, Gallimard / Folio junior 1",https://openlibrary.org/works/OL23197W,https://covers.openlibrary.org/b/id/9278181-M.jpg,Open Library API
1933,The case of the velvet claws,Erle Stanley Gardner,4.0,7,0,"The case of the velvet claws Erle Stanley Gardner Fiction, Perry Mason (Fictitious character), Trials (Murder), American Detective and mystery stories, Translations into Russian, Detective and mystery stories, California, fiction, Lawyers, fiction, Los angeles (calif.), fiction, Mason, perry (fictitious character), fiction W. Morrow and company, Espasa, Blakiston, J'ai lu, American Bar Association","Fiction, Perry Mason (Fictitious character), Trials (Murder), American Detective and mystery stories, Translations into Russian, Detective and mystery stories, California, fiction, Lawyers, fiction, Los angeles (calif.), fiction, Mason, perry (fictitious character), fiction",,"W. Morrow and company, Espasa, Blakiston, J'ai lu, American Bar Association",https://openlibrary.org/works/OL16747W,https://covers.openlibrary.org/b/id/207116-M.jpg,Open Library API
1933,Story About Ping,Marjorie Flack,3.857143,7,0,"Story About Ping Marjorie Flack Fiction, Juvenile fiction, Ducks, JUVENILE FICTION / People & Places / Asia, JUVENILE FICTION / Classics, JUVENILE FICTION / Animals / Ducks, Geese, Ducklings, Readers, Espanol, Spanish language Red Fox, Random House UK Ltd (A Division of Random House Group), Tandem Library, Dutton Juvenile, Rebound by Sagebrush","Fiction, Juvenile fiction, Ducks, JUVENILE FICTION / People & Places / Asia, JUVENILE FICTION / Classics, JUVENILE FICTION / Animals / Ducks, Geese, Ducklings, Readers, Espanol, Spanish language",,"Red Fox, Random House UK Ltd (A Division of Random House Group), Tandem Library, Dutton Juvenile, Rebound by Sagebrush",https://openlibrary.org/works/OL2588330W,https://covers.openlibrary.org/b/id/104588-M.jpg,Open Library API
1933,Parker Pyne Investigates,Agatha Christie,4.0,2,0,"Parker Pyne Investigates Agatha Christie Detective and mystery stories, English Detective and mystery stories, Fiction, Mystery, Parker Pyne (Fictitious character), Private investigators, Murder, Large type books, English literature, Fiction, mystery & detective, traditional Bantam Books, Dodd, Mead & co., Diogenes Verlag, Tandem Library, HarperCollins Audiobooks,","Detective and mystery stories, English Detective and mystery stories, Fiction, Mystery, Parker Pyne (Fictitious character), Private investigators, Murder, Large type books, English literature, Fiction, mystery & detective, traditional",,"Bantam Books, Dodd, Mead & co., Diogenes Verlag, Tandem Library, HarperCollins Audiobooks,",https://openlibrary.org/works/OL472884W,https://covers.openlibrary.org/b/id/11171205-M.jpg,Open Library API
1933,"San Manuel Bueno, mártir",Miguel de Unamuno,4.0666666,15,0,"San Manuel Bueno, mártir Miguel de Unamuno Spanish language, Readers, Priests, Criticism and interpretation, Fiction, Fiction, religious, Spain, fiction, Catholic Church, Clergy, Priesthood ENCUENTRO, Colton Book Imports, Cátedra, Editorial Luis Vives (Edelvives), Espasa Calpe","Spanish language, Readers, Priests, Criticism and interpretation, Fiction, Fiction, religious, Spain, fiction, Catholic Church, Clergy, Priesthood",,"ENCUENTRO, Colton Book Imports, Cátedra, Editorial Luis Vives (Edelvives), Espasa Calpe",https://openlibrary.org/works/OL503616W,https://covers.openlibrary.org/b/id/4410960-M.jpg,Open Library API
1933,Why shoot a butler?,Georgette Heyer,3.0,3,0,"Why shoot a butler? Georgette Heyer 1930s, Contemporary, Suspense, Fiction, Country homes, Fiction in English, Detective stories, Butlers, Investigation, Murder Chivers, Granada, Panther, Hamilton & Co, BANTAM DOUBLEDAY DELL","1930s, Contemporary, Suspense, Fiction, Country homes, Fiction in English, Detective stories, Butlers, Investigation, Murder",,"Chivers, Granada, Panther, Hamilton & Co, BANTAM DOUBLEDAY DELL",https://openlibrary.org/works/OL4092687W,https://covers.openlibrary.org/b/id/6921909-M.jpg,Open Library API
1934,Tropic of Cancer,Henry Miller,3.55,20,0,"Tropic of Cancer Henry Miller Autobiographical fiction, Fiction, Americans, Authorship, Bohemianism, Sex customs, History, Social life and customs, Amerikaner, Bohème Flamingo, Signet Classics, Editions du chêne, Boukoimanis, The   Book   Club   Associates","Autobiographical fiction, Fiction, Americans, Authorship, Bohemianism, Sex customs, History, Social life and customs, Amerikaner, Bohème",,"Flamingo, Signet Classics, Editions du chêne, Boukoimanis, The   Book   Club   Associates",https://openlibrary.org/works/OL261866W,https://covers.openlibrary.org/b/id/13119236-M.jpg,Open Library API
1934,Murder in Three Acts,Agatha Christie,3.6666667,12,0,"Murder in Three Acts Agatha Christie Fiction, Hercule Poirot (Fictitious character), Murder in fiction, Murder, Private investigators, Private investigators in fiction, Detective and mystery stories, Mystery and detective stories, Investigation, Mystery Kadokawa Shoten, Crime Club / Book Club, Harpercollins, Dodd, Mead & Company, HarperColiins","Fiction, Hercule Poirot (Fictitious character), Murder in fiction, Murder, Private investigators, Private investigators in fiction, Detective and mystery stories, Mystery and detective stories, Investigation, Mystery",,"Kadokawa Shoten, Crime Club / Book Club, Harpercollins, Dodd, Mead & Company, HarperColiins",https://openlibrary.org/works/OL471765W,https://covers.openlibrary.org/b/id/6874620-M.jpg,Open Library API
1934,"I, Claudius",Robert Graves,4.1904764,21,0,"I, Claudius Robert Graves Literature, Emperadores, Fiction in English, Biographical fiction, Emperors, Historia, Emperor of Rome, Rome, Ficción, Fiction Vintage Books, H. Smith and R. Haas, Methuen, A. Barker, Decca Record Co","Literature, Emperadores, Fiction in English, Biographical fiction, Emperors, Historia, Emperor of Rome, Rome, Ficción, Fiction",,"Vintage Books, H. Smith and R. Haas, Methuen, A. Barker, Decca Record Co",https://openlibrary.org/works/OL5036952W,https://covers.openlibrary.org/b/id/14656260-M.jpg,Open Library API
1934,Mary Poppins,Pamela L. Travers,4.0,17,0,"Mary Poppins Pamela L. Travers Magic, Translations into Thai, Children's stories, Thai, Translations from English, Children's stories, English, Magic in fiction, Fiction, Fantasy, England in fiction, Fairy tales POCHE JEUNESSE, Livre de Poche, Chivers, Harcourt, Collins Children's Books","Magic, Translations into Thai, Children's stories, Thai, Translations from English, Children's stories, English, Magic in fiction, Fiction, Fantasy, England in fiction, Fairy tales",,"POCHE JEUNESSE, Livre de Poche, Chivers, Harcourt, Collins Children's Books",https://openlibrary.org/works/OL262141W,https://covers.openlibrary.org/b/id/7421-M.jpg,Open Library API
1934,The Convenient Marriage,Georgette Heyer,3.7777777,9,0,"The Convenient Marriage Georgette Heyer Open Library Staff Picks, 1930s, Man-woman relationships, fiction, Social life and customs, Arranged marriage, fiction, Marriage customs and rites, History, Manners and customs, England, fiction, Great Britain Pan Books, BBC Audiobooks, Harlequin, Bantam Books (Mm), A National General Company","Open Library Staff Picks, 1930s, Man-woman relationships, fiction, Social life and customs, Arranged marriage, fiction, Marriage customs and rites, History, Manners and customs, England, fiction, Great Britain",,"Pan Books, BBC Audiobooks, Harlequin, Bantam Books (Mm), A National General Company",https://openlibrary.org/works/OL4092655W,https://covers.openlibrary.org/b/id/6921929-M.jpg,Open Library API
1934,Strega Nona,Tomie dePaola,4.4117646,17,0,"Strega Nona Tomie dePaola Avarice, Fiction, Folklore, Grandmothers, Healing, Juvenile fiction, Magic, Memory, Strega Nona (Fictitious character), Tales Scholastic, Editorial Everest, Arthur, Bound to Stay Bound Books, Shang yi wen hua shi ye gu fen you xian gong si","Avarice, Fiction, Folklore, Grandmothers, Healing, Juvenile fiction, Magic, Memory, Strega Nona (Fictitious character), Tales",,"Scholastic, Editorial Everest, Arthur, Bound to Stay Bound Books, Shang yi wen hua shi ye gu fen you xian gong si",https://openlibrary.org/works/OL61090W,https://covers.openlibrary.org/b/id/4482016-M.jpg,Open Library API
1934,A Man Lay Dead,Ngaio Marsh,3.909091,11,0,"A Man Lay Dead Ngaio Marsh Country-house Mystery, Roderick Alleyn (Fictitious character), Fiction, Police, Large type books, Fiction, mystery & detective, general, Alleyn, roderick (fictitious character), fiction, Fiction, mystery & detective, police procedural, England, fiction St. Martin's Paperbacks, Penguin Books, Amereon Ltd, HarperCollins Publishers Ltd, Sheridan House","Country-house Mystery, Roderick Alleyn (Fictitious character), Fiction, Police, Large type books, Fiction, mystery & detective, general, Alleyn, roderick (fictitious character), fiction, Fiction, mystery & detective, police procedural, England, fiction",,"St. Martin's Paperbacks, Penguin Books, Amereon Ltd, HarperCollins Publishers Ltd, Sheridan House",https://openlibrary.org/works/OL460783W,https://covers.openlibrary.org/b/id/9751560-M.jpg,Open Library API
1934,The postman always rings twice,James M. Cain,3.7368422,19,0,"The postman always rings twice James M. Cain Married women, Adultery, Asesinos, Adulterio, Novela psicológica, Triángulos amorosos, Fiction, Triangles (Interpersonal relations), Mujeres casadas, Ficción Bloomsbury Publishing Plc, Comunicación y Publicaciones, Thorndike Press, RBA Coleccionables, S.A., Triangle Books","Married women, Adultery, Asesinos, Adulterio, Novela psicológica, Triángulos amorosos, Fiction, Triangles (Interpersonal relations), Mujeres casadas, Ficción",,"Bloomsbury Publishing Plc, Comunicación y Publicaciones, Thorndike Press, RBA Coleccionables, S.A., Triangle Books",https://openlibrary.org/works/OL3480719W,https://covers.openlibrary.org/b/id/3344546-M.jpg,Open Library API
1934,Lust for Life,Irving Stone,4.25,16,0,"Lust for Life Irving Stone Open Library Staff Picks, Fiction, Painters, Belletristische Darstellung, Ficción, Fiction, general, Netherlands, fiction, Artists, fiction, Van Gogh, Vincent, 1853-1890, Fiction, biographical Blurb, Plaza & Janes Editories Sa, New American Library, Cümle Yayınları, Emece Editores","Open Library Staff Picks, Fiction, Painters, Belletristische Darstellung, Ficción, Fiction, general, Netherlands, fiction, Artists, fiction, Van Gogh, Vincent, 1853-1890, Fiction, biographical",,"Blurb, Plaza & Janes Editories Sa, New American Library, Cümle Yayınları, Emece Editores",https://openlibrary.org/works/OL112003W,https://covers.openlibrary.org/b/id/6617761-M.jpg,Open Library API
1934,A Handful of Dust,Evelyn Waugh,3.5555556,9,0,"A Handful of Dust Evelyn Waugh Adultery, Fiction, Divorce, Fiction, satire, Fiction, humorous, general, Brazil, fiction, British and irish fiction (fictional works by one author), England, fiction, Fiction, humorous, Aristocracy (Social class) Macmillan Education, Limited, Farrar & Rinehart, Dell], Everyman, Penguin Classic","Adultery, Fiction, Divorce, Fiction, satire, Fiction, humorous, general, Brazil, fiction, British and irish fiction (fictional works by one author), England, fiction, Fiction, humorous, Aristocracy (Social class)",,"Macmillan Education, Limited, Farrar & Rinehart, Dell], Everyman, Penguin Classic",https://openlibrary.org/works/OL5721423W,https://covers.openlibrary.org/b/id/100730-M.jpg,Open Library API
1935,Death in the Clouds,Agatha Christie,4.2941175,17,0,"Death in the Clouds Agatha Christie Detective and mystery stories, Fiction, Hercule Poirot (Fictitious character), Private investigators, Murder, English Detective and mystery stories, Mystery, Murder in fiction, Private investigators in fiction, Poirot,Hercule(Fictitious character) Collins for the Crime Club, Goldmann Verlag, Harpercollins, Turtleback Books Distributed by Demco Media, Fontana/Collins","Detective and mystery stories, Fiction, Hercule Poirot (Fictitious character), Private investigators, Murder, English Detective and mystery stories, Mystery, Murder in fiction, Private investigators in fiction, Poirot,Hercule(Fictitious character)",,"Collins for the Crime Club, Goldmann Verlag, Harpercollins, Turtleback Books Distributed by Demco Media, Fontana/Collins",https://openlibrary.org/works/OL472324W,https://covers.openlibrary.org/b/id/11433305-M.jpg,Open Library API
1935,It Can't Happen Here,Sinclair Lewis,3.65,20,0,"It Can't Happen Here Sinclair Lewis Anti-fascist movements, Presidents, Newspaper editors, Fiction, Drama, Science fiction, Dictators, Fascists, Election, Presidents, united states, fiction Dramatist's Play Service, Rock's Mills Press, Center Point Large Print, Blackstone Pub, Blackstone Audio, Inc.","Anti-fascist movements, Presidents, Newspaper editors, Fiction, Drama, Science fiction, Dictators, Fascists, Election, Presidents, united states, fiction",,"Dramatist's Play Service, Rock's Mills Press, Center Point Large Print, Blackstone Pub, Blackstone Audio, Inc.",https://openlibrary.org/works/OL51145W,https://covers.openlibrary.org/b/id/12719018-M.jpg,Open Library API
1935,Tortilla Flat,John Steinbeck,4.214286,14,0,"Tortilla Flat John Steinbeck Poor, Open Library Staff Picks, Fiction in English, Fiction, Hispanic Americans, Poverty, American fiction, Classic Literature, American fiction (fictional works by one author), Monterey (calif.), fiction Meulenhoff, Chivers, Grosset and Dunlap, Penguin Group UK, Distributed by Heron Books","Poor, Open Library Staff Picks, Fiction in English, Fiction, Hispanic Americans, Poverty, American fiction, Classic Literature, American fiction (fictional works by one author), Monterey (calif.), fiction",,"Meulenhoff, Chivers, Grosset and Dunlap, Penguin Group UK, Distributed by Heron Books",https://openlibrary.org/works/OL23201W,https://covers.openlibrary.org/b/id/9157804-M.jpg,Open Library API
1935,Death in the Stocks,Georgette Heyer,4.1666665,6,0,"Death in the Stocks Georgette Heyer 1930s, Contemporary, Fiction, Police, Police in fiction, Suspense, Inspector Hannasyde (Fictitious character), Hannasyde, inspector (fictitious character), fiction, Fiction, mystery & detective, general, England, fiction Arrow, Sourcebooks Landmark, Sourcebooks, Inc., Berkley, Longmans, Green and Co.","1930s, Contemporary, Fiction, Police, Police in fiction, Suspense, Inspector Hannasyde (Fictitious character), Hannasyde, inspector (fictitious character), fiction, Fiction, mystery & detective, general, England, fiction",,"Arrow, Sourcebooks Landmark, Sourcebooks, Inc., Berkley, Longmans, Green and Co.",https://openlibrary.org/works/OL4092670W,https://covers.openlibrary.org/b/id/7451667-M.jpg,Open Library API
1935,Little House on the Prairie,Laura Ingalls Wilder,4.4666667,15,0,"Little House on the Prairie Laura Ingalls Wilder Osage Nation, covered wagons, Juvenile audience, pioneers, pioneer children, historical fiction, juvenile works, Frontier and pioneer life, Family, Juvenile fiction Ueberreuter, HarperFestival, Independently Published, HarperTrophy, Perfection Learning","Osage Nation, covered wagons, Juvenile audience, pioneers, pioneer children, historical fiction, juvenile works, Frontier and pioneer life, Family, Juvenile fiction",,"Ueberreuter, HarperFestival, Independently Published, HarperTrophy, Perfection Learning",https://openlibrary.org/works/OL1719792W,https://covers.openlibrary.org/b/id/11277564-M.jpg,Open Library API
1935,The house of the four winds,John Buchan,3.6666667,27,0,"The house of the four winds John Buchan Dickson McCunn (Fictitious character), Fiction, Fiction, mystery & detective, general Nelson, Bollinger, Max, CreateSpace Independent Publishing Platform, thomas nelson and sons ltd, Thomas Nelson and Sons Ltd.","Dickson McCunn (Fictitious character), Fiction, Fiction, mystery & detective, general",,"Nelson, Bollinger, Max, CreateSpace Independent Publishing Platform, thomas nelson and sons ltd, Thomas Nelson and Sons Ltd.",https://openlibrary.org/works/OL76579W,https://covers.openlibrary.org/b/id/890267-M.jpg,Open Library API
1935,Caddie Woodlawn,Carol Ryrie Brink,3.9375,16,0,"Caddie Woodlawn Carol Ryrie Brink tomboys, Adolescence & Coming of Age, Adventure, Brothers and sisters, Classics, Family, Fiction, Frontier and pioneer life, Girls & Women, Historical Fiction The Macmillan Company, Bound to Stay Bound Books, Collier-Macmillan, Perfection Learning, Macmillan (N.Y.)","tomboys, Adolescence & Coming of Age, Adventure, Brothers and sisters, Classics, Family, Fiction, Frontier and pioneer life, Girls & Women, Historical Fiction",,"The Macmillan Company, Bound to Stay Bound Books, Collier-Macmillan, Perfection Learning, Macmillan (N.Y.)",https://openlibrary.org/works/OL265984W,https://covers.openlibrary.org/b/id/11123476-M.jpg,Open Library API
1935,The devil rides out,Dennis Wheatley,3.5,2,0,"The devil rides out Dennis Wheatley Fiction in English, Fiction, horror, Fiction, science fiction, general Bantam Books, Mandarin, MacMillan Publishing Company, Heinemann, Century","Fiction in English, Fiction, horror, Fiction, science fiction, general",,"Bantam Books, Mandarin, MacMillan Publishing Company, Heinemann, Century",https://openlibrary.org/works/OL1174852W,https://covers.openlibrary.org/b/id/1549954-M.jpg,Open Library API
1935,The Nursing Home Murder,Ngaio Marsh,4.25,4,0,"The Nursing Home Murder Ngaio Marsh Fiction, Roderick Alleyn (Fictitious character), Police, Fiction in English, Private investigators, Serial murders, Arts, Fiction, mystery & detective, general, Alleyn, Roderick (fictitious character), fiction, Fiction, mystery & detective, police procedural Berkley Pub. Corp, Aeonian Press, Harpercollins, Harper Collins, Felony & Mayhem Press","Fiction, Roderick Alleyn (Fictitious character), Police, Fiction in English, Private investigators, Serial murders, Arts, Fiction, mystery & detective, general, Alleyn, Roderick (fictitious character), fiction, Fiction, mystery & detective, police procedural",,"Berkley Pub. Corp, Aeonian Press, Harpercollins, Harper Collins, Felony & Mayhem Press",https://openlibrary.org/works/OL460804W,https://covers.openlibrary.org/b/id/5880-M.jpg,Open Library API
1935,Mr Norris Changes Trains,Christopher Isherwood,4.6666665,3,0,"Mr Norris Changes Trains Christopher Isherwood English fiction, Fiction, Fiction in English, History, Nazis, Berlin (germany), fiction, Fiction, general, Fiction, espionage, Nazis, fiction, Friendship, fiction Berkley Publishing Corp., Vintage Books, Berkley Publishing corp., Avon Pub., Albino","English fiction, Fiction, Fiction in English, History, Nazis, Berlin (germany), fiction, Fiction, general, Fiction, espionage, Nazis, fiction, Friendship, fiction",,"Berkley Publishing Corp., Vintage Books, Berkley Publishing corp., Avon Pub., Albino",https://openlibrary.org/works/OL51211W,https://covers.openlibrary.org/b/id/78360-M.jpg,Open Library API
1936,Atlas Shrugged (Centennial Ed. HC),"Ayn Rand, Sophie Bastide-Foltz, Ayn Rand;, Adrian Rand, Ayn Rand",3.278261,115,0,"Atlas Shrugged (Centennial Ed. HC) Ayn Rand, Sophie Bastide-Foltz, Ayn Rand;, Adrian Rand, Ayn Rand Classic Literature, Fiction, Literature, Fiction, action & adventure, Fiction, science fiction, general, Egoism, Capitalism, Objectivism (Philosophy), Capitalism in fiction, Egoism in fiction Random House, Easton Press, Blackstone Audio, Inc., Penguin Books, Limited, Tandem Library","Classic Literature, Fiction, Literature, Fiction, action & adventure, Fiction, science fiction, general, Egoism, Capitalism, Objectivism (Philosophy), Capitalism in fiction, Egoism in fiction",,"Random House, Easton Press, Blackstone Audio, Inc., Penguin Books, Limited, Tandem Library",https://openlibrary.org/works/OL731644W,https://covers.openlibrary.org/b/id/362277-M.jpg,Open Library API
1936,Anthem,Ayn Rand,3.490196,51,0,"Anthem Ayn Rand Fiction, Individuality, Time travel in fiction, Individuality in fiction, collectivism, Time travel, Psychology, Men, Men in fiction, Man-woman relationships West Margin Press, Simon & Brown, Plume, 12th Media Services, New American Library","Fiction, Individuality, Time travel in fiction, Individuality in fiction, collectivism, Time travel, Psychology, Men, Men in fiction, Man-woman relationships",,"West Margin Press, Simon & Brown, Plume, 12th Media Services, New American Library",https://openlibrary.org/works/OL731737W,https://covers.openlibrary.org/b/id/802982-M.jpg,Open Library API
1936,Anne of Windy Poplars,Lucy Maud Montgomery,3.625,16,0,"Anne of Windy Poplars Lucy Maud Montgomery Juvenile fiction, High school principals, High schools, French fiction, Translations from English, Children's fiction, Prince edward island, fiction, Teachers, fiction, Shirley, anne (fictitious character), fiction, Teachers Frederick A. Stokes Company, Ren Kitap, Bellona, Chambers Harrap Publishers Ltd, Sourcebooks Fire","Juvenile fiction, High school principals, High schools, French fiction, Translations from English, Children's fiction, Prince edward island, fiction, Teachers, fiction, Shirley, anne (fictitious character), fiction, Teachers",,"Frederick A. Stokes Company, Ren Kitap, Bellona, Chambers Harrap Publishers Ltd, Sourcebooks Fire",https://openlibrary.org/works/OL77751W,https://covers.openlibrary.org/b/id/14640411-M.jpg,Open Library API
1936,The Story of Ferdinand,"Munro Leaf, Robert Lawson",4.428571,21,0,"The Story of Ferdinand Munro Leaf, Robert Lawson Juvenile fiction, Fiction, Spanish language materials, Bulls, Bullfights, Children's fiction, Animals, fiction, Children's stories, Flowers, Odor Loguez Ediciones, Live Oak Media, Yuan liu chu ban shi ye gu fen you xian gong si, Buccaneer Books, David R Godine","Juvenile fiction, Fiction, Spanish language materials, Bulls, Bullfights, Children's fiction, Animals, fiction, Children's stories, Flowers, Odor",,"Loguez Ediciones, Live Oak Media, Yuan liu chu ban shi ye gu fen you xian gong si, Buccaneer Books, David R Godine",https://openlibrary.org/works/OL4649312W,https://covers.openlibrary.org/b/id/6716679-M.jpg,Open Library API
1936,Murder in Mesopotamia,Agatha Christie,4.214286,14,0,"Murder in Mesopotamia Agatha Christie Fiction, Hercule Poirot (Fictitious character), Private investigators, Belgians, Americans, Archaeologists, Mystery, Large type books, Excavations (Archaeology), Utgrävningar Le Livre de Poche, Yuan jing chu ban gong si, The Audio Partners, RBA LIBROS, Dell Publishing Company","Fiction, Hercule Poirot (Fictitious character), Private investigators, Belgians, Americans, Archaeologists, Mystery, Large type books, Excavations (Archaeology), Utgrävningar",,"Le Livre de Poche, Yuan jing chu ban gong si, The Audio Partners, RBA LIBROS, Dell Publishing Company",https://openlibrary.org/works/OL472572W,https://covers.openlibrary.org/b/id/12855104-M.jpg,Open Library API
1936,Gone With the Wind,Margaret Mitchell,3.7058823,51,0,"Gone With the Wind Margaret Mitchell survival, slavery, Bildungsroman, open_syllabus_project, history, historical fiction, war stories, United States Civil War, Women, Open Library Staff Picks International Collectors Library, Gallimard, Wildside Press, LLC, Ediciones B, Penguin Random House","survival, slavery, Bildungsroman, open_syllabus_project, history, historical fiction, war stories, United States Civil War, Women, Open Library Staff Picks",,"International Collectors Library, Gallimard, Wildside Press, LLC, Ediciones B, Penguin Random House",https://openlibrary.org/works/OL267933W,https://covers.openlibrary.org/b/id/14817133-M.jpg,Open Library API
1936,Cards on the Table,Agatha Christie,3.875,16,0,"Cards on the Table Agatha Christie Fiction, Hercule Poirot (Fictitious character), Private investigators, Private investigators in fiction, Detective and mystery stories, Mystery, Poirot, Hercule (Fictitious character) Fiction, Zhen tan xiao shuo, Chang pian xiao shuo, Fiction, mystery & detective, general Le Livre de Poche, Yuan jing chu ban gong si, Planeta DeAgostini, Dell Publishing Company, Harpercollins","Fiction, Hercule Poirot (Fictitious character), Private investigators, Private investigators in fiction, Detective and mystery stories, Mystery, Poirot, Hercule (Fictitious character) Fiction, Zhen tan xiao shuo, Chang pian xiao shuo, Fiction, mystery & detective, general",,"Le Livre de Poche, Yuan jing chu ban gong si, Planeta DeAgostini, Dell Publishing Company, Harpercollins",https://openlibrary.org/works/OL471637W,https://covers.openlibrary.org/b/id/6469172-M.jpg,Open Library API
1936,The A.B.C. Murders,Agatha Christie,4.0677967,59,0,"The A.B.C. Murders Agatha Christie Fiction, Mystery, Agatha Christie, Hercule Poirot (Fictitious character), Series, #13, Classic, British, Literature, Stories Collins for the Crime Club, Espasa, A. Mondadori, Yuan liu chu ban shi ye gu fen you xian gong si, HarperCollins Publishers","Fiction, Mystery, Agatha Christie, Hercule Poirot (Fictitious character), Series, #13, Classic, British, Literature, Stories",,"Collins for the Crime Club, Espasa, A. Mondadori, Yuan liu chu ban shi ye gu fen you xian gong si, HarperCollins Publishers",https://openlibrary.org/works/OL471509W,https://covers.openlibrary.org/b/id/14573514-M.jpg,Open Library API
1936,The Talisman Ring,Georgette Heyer,4.1666665,6,0,"The Talisman Ring Georgette Heyer 1930s, Open Library Staff Picks, Smugglers, fiction, Fugitives from justice, fiction, Aristocracy (Social class), fiction, Fiction, Romance, Historical, Regency, England, fiction, Large type books Dtv, Mandarin, Amereon Ltd, Bantam Books, ISIS Large Print Books","1930s, Open Library Staff Picks, Smugglers, fiction, Fugitives from justice, fiction, Aristocracy (Social class), fiction, Fiction, Romance, Historical, Regency, England, fiction, Large type books",,"Dtv, Mandarin, Amereon Ltd, Bantam Books, ISIS Large Print Books",https://openlibrary.org/works/OL4092602W,https://covers.openlibrary.org/b/id/6923095-M.jpg,Open Library API
1936,"Absalom, Absalom!",William Faulkner,4.5,10,0,"Absalom, Absalom! William Faulkner Fiction, Plantation life, Sutpen family (Fictitious characters), Facsimiles, Textual Criticism, American Manuscripts, Sutpen family (Fictitious character), American Historical fiction, American fiction, Manuscripts Random House, Incorporated, Vintage Books, ValdeBooks, Cátedra, Independently Published","Fiction, Plantation life, Sutpen family (Fictitious characters), Facsimiles, Textual Criticism, American Manuscripts, Sutpen family (Fictitious character), American Historical fiction, American fiction, Manuscripts",,"Random House, Incorporated, Vintage Books, ValdeBooks, Cátedra, Independently Published",https://openlibrary.org/works/OL82928W,https://covers.openlibrary.org/b/id/8292960-M.jpg,Open Library API
1937,The Hobbit,J.R.R. Tolkien,4.2851324,491,0,"The Hobbit J.R.R. Tolkien Fantasy, Arkenstone, Battle of Five Armies, invisibility, thrushes, eagles, hobbits, wizards, dragons, dwarves Del Rey Books, Brand: BBC Audiobooks America, HarperCollins UK, Lian jing chu ban shi ye gu fen you xian gong si, The Random House Publishing Group","Fantasy, Arkenstone, Battle of Five Armies, invisibility, thrushes, eagles, hobbits, wizards, dragons, dwarves",,"Del Rey Books, Brand: BBC Audiobooks America, HarperCollins UK, Lian jing chu ban shi ye gu fen you xian gong si, The Random House Publishing Group",https://openlibrary.org/works/OL27482W,https://covers.openlibrary.org/b/id/14627509-M.jpg,Open Library API
1937,Of Mice and Men,John Steinbeck,3.9932432,296,0,"Of Mice and Men John Steinbeck contemporary fiction, literary fiction, classics, Labor Trilogy, psychological fiction, Male friendship, Goal (Psychology), western stories, Fiction, Vida ranchera Heinemann New Windmills, Sel Yayıncılık, Editorial Luis Vives (Edelvives), Laffont, Tairinsha","contemporary fiction, literary fiction, classics, Labor Trilogy, psychological fiction, Male friendship, Goal (Psychology), western stories, Fiction, Vida ranchera",,"Heinemann New Windmills, Sel Yayıncılık, Editorial Luis Vives (Edelvives), Laffont, Tairinsha",https://openlibrary.org/works/OL23204W,https://covers.openlibrary.org/b/id/14319003-M.jpg,Open Library API
1937,雪国,川端康成,3.4666667,15,0,"雪国 川端康成 Fiction, Fiction, general, Japan, fiction, Fiction, romance, general, Asian literature Berkley Publishing Corporation, Limited Editions Club, Berkley Medallion, Dom Quixote, LGF","Fiction, Fiction, general, Japan, fiction, Fiction, romance, general, Asian literature",,"Berkley Publishing Corporation, Limited Editions Club, Berkley Medallion, Dom Quixote, LGF",https://openlibrary.org/works/OL2045111W,https://covers.openlibrary.org/b/id/421172-M.jpg,Open Library API
1937,Death on the Nile,Agatha Christie,4.2,25,0,"Death on the Nile Agatha Christie Belgians, Fiction, Hercule Poirot (Fictitious character), Private investigators, English Detective and mystery stories, murder, Historical Fiction, Mystery, Romance, Poirot, Hercule (Personaje literario) Rba Libros, Collins for the Crime Club, Harper Collins, Fontana/Collins, Espasa","Belgians, Fiction, Hercule Poirot (Fictitious character), Private investigators, English Detective and mystery stories, murder, Historical Fiction, Mystery, Romance, Poirot, Hercule (Personaje literario)",,"Rba Libros, Collins for the Crime Club, Harper Collins, Fontana/Collins, Espasa",https://openlibrary.org/works/OL471724W,https://covers.openlibrary.org/b/id/14066646-M.jpg,Open Library API
1937,Their Eyes Were Watching God,Zora Neale Hurston,4.163265,49,0,"Their Eyes Were Watching God Zora Neale Hurston African American women, Fiction, Psychology, Self-realization, Florida, fiction, African americans, fiction, Fiction, psychological, African american women in literature, African americans, Allegories J.B. Lippincott Co., Grupo Editorial Lumen, S.A., Perennial Classics, G.K. Hall, Ryerson Pressbooks","African American women, Fiction, Psychology, Self-realization, Florida, fiction, African americans, fiction, Fiction, psychological, African american women in literature, African americans, Allegories",,"J.B. Lippincott Co., Grupo Editorial Lumen, S.A., Perennial Classics, G.K. Hall, Ryerson Pressbooks",https://openlibrary.org/works/OL27778127W,https://covers.openlibrary.org/b/id/12752055-M.jpg,Open Library API
1937,On the Banks of Plum Creek,Laura Ingalls Wilder,4.0454545,22,0,"On the Banks of Plum Creek Laura Ingalls Wilder Fiction, Juvenile fiction, Frontier and pioneer life, Family life, Families, Family, Social life and customs, Newbery Honor, Children's fiction, Minnesota, fiction harper & brothers publishers, Editorial Noguer, HarperTrophy, a division of HarperCollins,, Harper & brothers, HarperCollins Publishers","Fiction, Juvenile fiction, Frontier and pioneer life, Family life, Families, Family, Social life and customs, Newbery Honor, Children's fiction, Minnesota, fiction",,"harper & brothers publishers, Editorial Noguer, HarperTrophy, a division of HarperCollins,, Harper & brothers, HarperCollins Publishers",https://openlibrary.org/works/OL1719794W,https://covers.openlibrary.org/b/id/30787-M.jpg,Open Library API
1937,Dumb Witness,Agatha Christie,4.0,11,0,"Dumb Witness Agatha Christie Fiction, Hercule Poirot (Fictitious character), Private investigators, Private investigators in fiction, Mystery, Murder, Last letters before death, Investigation, Large type books, Accidents Collins for the Crime Club, Harpercollins, Bantam Books, Inc., Dodd, Mead & Company, Champs-Elysees","Fiction, Hercule Poirot (Fictitious character), Private investigators, Private investigators in fiction, Mystery, Murder, Last letters before death, Investigation, Large type books, Accidents",,"Collins for the Crime Club, Harpercollins, Bantam Books, Inc., Dodd, Mead & Company, Champs-Elysees",https://openlibrary.org/works/OL472189W,https://covers.openlibrary.org/b/id/14578123-M.jpg,Open Library API
1937,Wet Magic,Edith Nesbit,2.0,2,0,"Wet Magic Edith Nesbit Fantasy fiction, Fantasy, Children's fiction, Magic, fiction, Mermaids, fiction Pixabay, Benn, SeaStar Books, Standard Ebooks, Audio Book Contractors","Fantasy fiction, Fantasy, Children's fiction, Magic, fiction, Mermaids, fiction",,"Pixabay, Benn, SeaStar Books, Standard Ebooks, Audio Book Contractors",https://openlibrary.org/works/OL99513W,https://covers.openlibrary.org/b/id/854565-M.jpg,Open Library API
1937,Star Maker,Olaf Stapledon,2.75,4,0,"Star Maker Olaf Stapledon Fiction, general, Fiction in English, Science fiction, Fiction, Cosmology, Long Now Manual for Civilization, Fiction, science fiction, general, English literature, English Science fiction Wesleyan University Press, Penguin Books, Limited, Cem Yayinevi, J.P. Tarcher, Brand: Important Books","Fiction, general, Fiction in English, Science fiction, Fiction, Cosmology, Long Now Manual for Civilization, Fiction, science fiction, general, English literature, English Science fiction",,"Wesleyan University Press, Penguin Books, Limited, Cem Yayinevi, J.P. Tarcher, Brand: Important Books",https://openlibrary.org/works/OL3290739W,https://covers.openlibrary.org/b/id/911107-M.jpg,Open Library API
1937,And to think that I saw it on Mulberry Street,Dr. Seuss,4.2222223,18,0,"And to think that I saw it on Mulberry Street Dr. Seuss Children's stories, Fiction, Imagination, Juvenile fiction, Spanish language materials, Stories in rhyme, Children's fiction, Imagination, fiction, Children's picture books, Boys HarperCollins, Scholastic Paperbacks, The Vanguard press, HarperCollins Publishers (New Zealand), Random House Books for Young Readers","Children's stories, Fiction, Imagination, Juvenile fiction, Spanish language materials, Stories in rhyme, Children's fiction, Imagination, fiction, Children's picture books, Boys",,"HarperCollins, Scholastic Paperbacks, The Vanguard press, HarperCollins Publishers (New Zealand), Random House Books for Young Readers",https://openlibrary.org/works/OL1898303W,https://covers.openlibrary.org/b/id/5391016-M.jpg,Open Library API
1938,Rebecca,Daphne du Maurier,4.163265,49,0,"Rebecca Daphne du Maurier Married women, Cornwall (England : County), Remarriage, Remarried people, Fiction, Drama, Suspense fiction, Open Library Staff Picks, English fiction, Wives The Sun Dial Press, Little, Brown Book Group Limited, Guild Publishing, International Collectors Library, Plaza & Janes S.A.,Spain","Married women, Cornwall (England : County), Remarriage, Remarried people, Fiction, Drama, Suspense fiction, Open Library Staff Picks, English fiction, Wives",,"The Sun Dial Press, Little, Brown Book Group Limited, Guild Publishing, International Collectors Library, Plaza & Janes S.A.,Spain",https://openlibrary.org/works/OL36633W,https://covers.openlibrary.org/b/id/8238729-M.jpg,Open Library API
1938,Appointment with Death,Agatha Christie,3.6666667,15,0,"Appointment with Death Agatha Christie Belgians, Belgians in fiction, Fiction, Fiction inEnglish, Hercule Poirot (Fictitious character), Private investigators, Private investigators in fiction, Detective and mystery stories, English Detective and mystery stories, Americans La Nacion, Yuan jing chu ban gong si, Collins for the Crime Club, published for The Crime Club by Collins, Dell Publishing Company","Belgians, Belgians in fiction, Fiction, Fiction inEnglish, Hercule Poirot (Fictitious character), Private investigators, Private investigators in fiction, Detective and mystery stories, English Detective and mystery stories, Americans",,"La Nacion, Yuan jing chu ban gong si, Collins for the Crime Club, published for The Crime Club by Collins, Dell Publishing Company",https://openlibrary.org/works/OL471667W,https://covers.openlibrary.org/b/id/14561660-M.jpg,Open Library API
1938,Out of the Silent Planet,C. S. Lewis,4.0,32,0,"Out of the Silent Planet C. S. Lewis Linguists, Elwin Ransom (Fictitious character), Readers, Philologists, Science fiction, College teachers, Life on other planets, Fiction, Good and evil, Fantasy fiction Avon Pub. Co., John Lane, Blackstone Audiobooks, Turtleback Books Distributed by Demco Media, Scribner Classics","Linguists, Elwin Ransom (Fictitious character), Readers, Philologists, Science fiction, College teachers, Life on other planets, Fiction, Good and evil, Fantasy fiction",,"Avon Pub. Co., John Lane, Blackstone Audiobooks, Turtleback Books Distributed by Demco Media, Scribner Classics",https://openlibrary.org/works/OL71166W,https://covers.openlibrary.org/b/id/9321665-M.jpg,Open Library API
1938,La nausée,Jean-Paul Sartre,3.9545455,22,0,"La nausée Jean-Paul Sartre Existentialism, Fiction, Litterature francaise, Ecrivains, Romans, nouvelles, Psychanalyse, French novellas, Psychoanalysis, Self-hate (Psychology), Translations into English Rodopi, Editorial Sol 90, Losada/Argentina, Penguin Books, Limited, New Directions Publishing Corp.","Existentialism, Fiction, Litterature francaise, Ecrivains, Romans, nouvelles, Psychanalyse, French novellas, Psychoanalysis, Self-hate (Psychology), Translations into English",,"Rodopi, Editorial Sol 90, Losada/Argentina, Penguin Books, Limited, New Directions Publishing Corp.",https://openlibrary.org/works/OL1161171W,https://covers.openlibrary.org/b/id/9393973-M.jpg,Open Library API
1938,The reluctant dragon,"Kenneth Grahame, Jim Weiss, Ernest H. Shepard, Michael Hague",4.25,8,0,"The reluctant dragon Kenneth Grahame, Jim Weiss, Ernest H. Shepard, Michael Hague Fiction, Dragons, Juvenile fiction, Fairy tales, Fairy plays, Fantasy, Friendship, Compromise (Ethics), Children's fiction, Dragons, fiction Holt, Rinehart, and Winston, Tandem Library, Puffin, Andre Deutsch Ltd, The Well-Trained Mind Press","Fiction, Dragons, Juvenile fiction, Fairy tales, Fairy plays, Fantasy, Friendship, Compromise (Ethics), Children's fiction, Dragons, fiction",,"Holt, Rinehart, and Winston, Tandem Library, Puffin, Andre Deutsch Ltd, The Well-Trained Mind Press",https://openlibrary.org/works/OL69602W,https://covers.openlibrary.org/b/id/6557137-M.jpg,Open Library API
1938,The sword in the stone,T. H. White,4.2222223,9,0,"The sword in the stone T. H. White Adaptations, Arthurian romances, Britons, Children's stories, Classic Literature, Fiction, Folklore, Juvenile fiction, Kings and rulers, Knights and knighthood HarperCollins Publishers Canada, Limited, Mursia, COLLINS, HarperCollins Children's Books, Thomas T. Beeler Publisher","Adaptations, Arthurian romances, Britons, Children's stories, Classic Literature, Fiction, Folklore, Juvenile fiction, Kings and rulers, Knights and knighthood",,"HarperCollins Publishers Canada, Limited, Mursia, COLLINS, HarperCollins Children's Books, Thomas T. Beeler Publisher",https://openlibrary.org/works/OL1388027W,https://covers.openlibrary.org/b/id/12387482-M.jpg,Open Library API
1938,Brighton rock,Graham Greene,2.5,2,0,"Brighton rock Graham Greene Fiction, Gangsters, Organized crime, Psychopaths, Teenage boys, Fiction / General, Gangs, Fiction, suspense, England, fiction, Greene, graham, 1904-1991 William Heinemann Ltd, Penguin UK, Penguin Classics, Macmillan Collector's Library, Edito-Service","Fiction, Gangsters, Organized crime, Psychopaths, Teenage boys, Fiction / General, Gangs, Fiction, suspense, England, fiction, Greene, graham, 1904-1991",,"William Heinemann Ltd, Penguin UK, Penguin Classics, Macmillan Collector's Library, Edito-Service",https://openlibrary.org/works/OL106083W,https://covers.openlibrary.org/b/id/7899030-M.jpg,Open Library API
1938,The Code of the Woosters,P. G. Wodehouse,3.9230769,13,0,"The Code of the Woosters P. G. Wodehouse Bertie Wooster (Fictitious character), Open Library Staff Picks, Valets, Single men, Fiction, Classic Literature, Jeeves (Fictitious character), Jeeves (fictitious character), fiction, Wooster, bertie (fictitious character), fiction, Fiction, humorous The Audio Partners, Blackstone Audiobooks, Arrow, P. F. Collier, Simon and Schuster","Bertie Wooster (Fictitious character), Open Library Staff Picks, Valets, Single men, Fiction, Classic Literature, Jeeves (Fictitious character), Jeeves (fictitious character), fiction, Wooster, bertie (fictitious character), fiction, Fiction, humorous",,"The Audio Partners, Blackstone Audiobooks, Arrow, P. F. Collier, Simon and Schuster",https://openlibrary.org/works/OL1337126W,https://covers.openlibrary.org/b/id/254199-M.jpg,Open Library API
1938,A Blunt Instrument,Georgette Heyer,3.1666667,6,0,"A Blunt Instrument Georgette Heyer 1930s, Contemporary, Country homes, Detective and mystery stories, Fiction, Fiction in English, Investigation, Murder, Police, Suspense Panther, Poisoned Pen Press, Sourcebooks, Incorporated, Chivers, Chivers Audio Books","1930s, Contemporary, Country homes, Detective and mystery stories, Fiction, Fiction in English, Investigation, Murder, Police, Suspense",,"Panther, Poisoned Pen Press, Sourcebooks, Incorporated, Chivers, Chivers Audio Books",https://openlibrary.org/works/OL4092518W,https://covers.openlibrary.org/b/id/6924145-M.jpg,Open Library API
1938,The death of the heart,Elizabeth Bowen,4.3333335,3,0,"The death of the heart Elizabeth Bowen Fiction in English, Classic fiction, Young women, Fiction, Adolescence, Separation (Psychology), British and irish fiction (fictional works by one author), Fiction, general Penguin Classics, Vintage Books, Jonathan Cape, Penguin in association with Jonathan Cape, Penguin Books","Fiction in English, Classic fiction, Young women, Fiction, Adolescence, Separation (Psychology), British and irish fiction (fictional works by one author), Fiction, general",,"Penguin Classics, Vintage Books, Jonathan Cape, Penguin in association with Jonathan Cape, Penguin Books",https://openlibrary.org/works/OL724067W,https://covers.openlibrary.org/b/id/71487-M.jpg,Open Library API
1939,And Then There Were None,Agatha Christie,4.240964,166,0,"And Then There Were None Agatha Christie Roman policier, French language materials, Français (langue), Lectures et morceaux choisis, cyanide poisoning, chloral hydrate, potassium cyanide, Scotland Yard, coroners, message in a bottle Alfred Scherz Verlag, RosettaBooks, Jing xiao zhe Xing guang shu bao she, Independently published, Gallimard","Roman policier, French language materials, Français (langue), Lectures et morceaux choisis, cyanide poisoning, chloral hydrate, potassium cyanide, Scotland Yard, coroners, message in a bottle",,"Alfred Scherz Verlag, RosettaBooks, Jing xiao zhe Xing guang shu bao she, Independently published, Gallimard",https://openlibrary.org/works/OL471565W,https://covers.openlibrary.org/b/id/11172296-M.jpg,Open Library API
1939,The Grapes of Wrath,John Steinbeck,3.9252336,107,0,"The Grapes of Wrath John Steinbeck Labor camps, Depressions, Labor camps in literature, Classic Literature, Open Library Staff Picks, Pulitzer Prize Winner, Fiction, Migrant agricultural laborers in literature, award:pulitzer_prize=1940, open_syllabus_project Sel Yayıncılık, Lectorum Pubns Inc (J), Uitgeverij De lage landen, n.v., Cram Cassettes, J.G. FERGUSON PUBLISHING COMPANY","Labor camps, Depressions, Labor camps in literature, Classic Literature, Open Library Staff Picks, Pulitzer Prize Winner, Fiction, Migrant agricultural laborers in literature, award:pulitzer_prize=1940, open_syllabus_project",,"Sel Yayıncılık, Lectorum Pubns Inc (J), Uitgeverij De lage landen, n.v., Cram Cassettes, J.G. FERGUSON PUBLISHING COMPANY",https://openlibrary.org/works/OL23205W,https://covers.openlibrary.org/b/id/12715902-M.jpg,Open Library API
1939,The Once and Future King,T. H. White,4.090909,33,0,"The Once and Future King T. H. White Adaptations, Arthur,, Arthur, in fiction, Arthurian romances, Britons, Britons in fiction, English Fantasy fiction, English Historical fiction, Fantasy fiction, Fiction International Collectors Library, HarperCollins Publishers, Geleos, HarperCollins Publishers Limited, Independently Published","Adaptations, Arthur,, Arthur, in fiction, Arthurian romances, Britons, Britons in fiction, English Fantasy fiction, English Historical fiction, Fantasy fiction, Fiction",,"International Collectors Library, HarperCollins Publishers, Geleos, HarperCollins Publishers Limited, Independently Published",https://openlibrary.org/works/OL1388028W,https://covers.openlibrary.org/b/id/6630521-M.jpg,Open Library API
1939,Hercule Poirot's Christmas,Agatha Christie,4.0454545,22,0,"Hercule Poirot's Christmas Agatha Christie Hercule Poirot (Fictitious character), Private investigators, Murder, Christmas stories, Fiction, Investigadores privados, Navidad, Novela policíaca inglesa, Poirot, Hercule (Personaje literario), Ficción Collins for the Crime Club, Harpercollins, BOOKET, Dodd, Mead & Company, Wydaw. Dolnośląskie","Hercule Poirot (Fictitious character), Private investigators, Murder, Christmas stories, Fiction, Investigadores privados, Navidad, Novela policíaca inglesa, Poirot, Hercule (Personaje literario), Ficción",,"Collins for the Crime Club, Harpercollins, BOOKET, Dodd, Mead & Company, Wydaw. Dolnośląskie",https://openlibrary.org/works/OL471841W,https://covers.openlibrary.org/b/id/12855074-M.jpg,Open Library API
1939,The Big Sleep,Raymond Chandler,4.090909,22,0,"The Big Sleep Raymond Chandler Fiction, Philip Marlowe (Fictitious character), Private investigators, Detective and mystery stories, Women, General, Fiction, mystery & detective, hard-boiled, Marlowe, philip (fictitious character), fiction, California, fiction, Los angeles (calif.), fiction Chivers, Vintage Books, Vintage Crime/Black Lizard, Knopf Doubleday Publishing Group, ValdeBooks","Fiction, Philip Marlowe (Fictitious character), Private investigators, Detective and mystery stories, Women, General, Fiction, mystery & detective, hard-boiled, Marlowe, philip (fictitious character), fiction, California, fiction, Los angeles (calif.), fiction",,"Chivers, Vintage Books, Vintage Crime/Black Lizard, Knopf Doubleday Publishing Group, ValdeBooks",https://openlibrary.org/works/OL15400582W,https://covers.openlibrary.org/b/id/7268475-M.jpg,Open Library API
1939,Anne of Ingleside,Lucy Maud Montgomery,3.625,8,0,"Anne of Ingleside Lucy Maud Montgomery Children's fiction, Shirley, anne (fictitious character), fiction, Prince edward island, fiction, Family life, fiction, Marriage, fiction, Chang pian xiao shuo, Juvenile fiction, Country life, Islamic law McClelland and Stewart-Bantam, Québec Amérique, Independently Published, Sourcebooks, Incorporated, 可筑書房","Children's fiction, Shirley, anne (fictitious character), fiction, Prince edward island, fiction, Family life, fiction, Marriage, fiction, Chang pian xiao shuo, Juvenile fiction, Country life, Islamic law",,"McClelland and Stewart-Bantam, Québec Amérique, Independently Published, Sourcebooks, Incorporated, 可筑書房",https://openlibrary.org/works/OL77747W,https://covers.openlibrary.org/b/id/14640696-M.jpg,Open Library API
1939,The Enchanted Wood,Enid Blyton,4.25,16,0,"The Enchanted Wood Enid Blyton Children's stories, Magic, fiction, Children's fiction, Faraway tree (imaginary place), fiction, Magic, Juvenile fiction, Friendship, Premier's reading challenge (N.S.W.) grades 3-4, Forests and forestry, fiction, Tree houses, fiction George Newnes Limited, Egmont, eBookit.com, Budget Books, Red Fox","Children's stories, Magic, fiction, Children's fiction, Faraway tree (imaginary place), fiction, Magic, Juvenile fiction, Friendship, Premier's reading challenge (N.S.W.) grades 3-4, Forests and forestry, fiction, Tree houses, fiction",,"George Newnes Limited, Egmont, eBookit.com, Budget Books, Red Fox",https://openlibrary.org/works/OL1948444W,https://covers.openlibrary.org/b/id/14599599-M.jpg,Open Library API
1939,Sad Cypress,Agatha Christie,4.1,10,0,"Sad Cypress Agatha Christie Fiction, Hercule Poirot (Fictitious character), Private investigators, Detective and mystery stories, Historical Fiction, Mystery, Romance, Fiction, mystery & detective, general, Poirot, hercule (fictitious character), fiction, Private investigators, fiction BBC Audiobooks, FONTANA, BBC Physical Audio, Perfect Bound, HarperCollins Publishers Ltd","Fiction, Hercule Poirot (Fictitious character), Private investigators, Detective and mystery stories, Historical Fiction, Mystery, Romance, Fiction, mystery & detective, general, Poirot, hercule (fictitious character), fiction, Private investigators, fiction",,"BBC Audiobooks, FONTANA, BBC Physical Audio, Perfect Bound, HarperCollins Publishers Ltd",https://openlibrary.org/works/OL471870W,https://covers.openlibrary.org/b/id/6559532-M.jpg,Open Library API
1939,The confidential agent,Graham Greene,3.25,8,0,"The confidential agent Graham Greene Fiction, Spy Thrillers, Mystery and detective stories, Fiction, general, British and irish fiction (fictional works by one author), Continental european fiction (fictional works by one author) Penguin, Penguin books : in association with William Heinemann, Kustannusosakeyhtiö Tammi, Sun Dial Press, Chivers","Fiction, Spy Thrillers, Mystery and detective stories, Fiction, general, British and irish fiction (fictional works by one author), Continental european fiction (fictional works by one author)",,"Penguin, Penguin books : in association with William Heinemann, Kustannusosakeyhtiö Tammi, Sun Dial Press, Chivers",https://openlibrary.org/works/OL106076W,https://covers.openlibrary.org/b/id/97527-M.jpg,Open Library API
1939,Johnny Got His Gun,Dalton Trumbo,4.071429,14,0,"Johnny Got His Gun Dalton Trumbo Fiction, World War, 1914-1918, Disfigured persons, Disabled veterans, Psychological aspects of World War, 1914-1918, Veterans, Soldiers, People with disabilities, American fiction (fictional works by one author), Veterans, fiction Ace Star, Amereon Limited, Solin / Boréal, Carol Publishing Corporation, Citadel Press","Fiction, World War, 1914-1918, Disfigured persons, Disabled veterans, Psychological aspects of World War, 1914-1918, Veterans, Soldiers, People with disabilities, American fiction (fictional works by one author), Veterans, fiction",,"Ace Star, Amereon Limited, Solin / Boréal, Carol Publishing Corporation, Citadel Press",https://openlibrary.org/works/OL2269514W,https://covers.openlibrary.org/b/id/12719037-M.jpg,Open Library API
1940,The Long Winter,Laura Ingalls Wilder,4.0434785,23,0,"The Long Winter Laura Ingalls Wilder Blizzards, Juvenile fiction, Families, Frontier and pioneer life, Spanish language materials, Fiction, Frontier and pioneer life, fiction, Children's fiction, Social life and customs, Frontier and life Harpercollins, Flammarion, Agencja KRIS, harper& row, publishers, HarperCollins Publishers","Blizzards, Juvenile fiction, Families, Frontier and pioneer life, Spanish language materials, Fiction, Frontier and pioneer life, fiction, Children's fiction, Social life and customs, Frontier and life",,"Harpercollins, Flammarion, Agencja KRIS, harper& row, publishers, HarperCollins Publishers",https://openlibrary.org/works/OL1719759W,https://covers.openlibrary.org/b/id/4967658-M.jpg,Open Library API
1940,For Whom the Bell Tolls,Ernest Hemingway,3.64,25,0,"For Whom the Bell Tolls Ernest Hemingway Spain in fiction, Fiction, History, Spanish Civil War, Americans, open_syllabus_project, Guerrilla warfare, Foreign Participation, Novelas españolas, Military participation Zaklad Narodowy Imienia Ossolinskich, Princeton university press, Wan xiang shu dian, Penguin Books Ltd, Altin Kitaplar","Spain in fiction, Fiction, History, Spanish Civil War, Americans, open_syllabus_project, Guerrilla warfare, Foreign Participation, Novelas españolas, Military participation",,"Zaklad Narodowy Imienia Ossolinskich, Princeton university press, Wan xiang shu dian, Penguin Books Ltd, Altin Kitaplar",https://openlibrary.org/works/OL63009W,https://covers.openlibrary.org/b/id/2560810-M.jpg,Open Library API
1940,Sleeping Murder,Agatha Christie,4.142857,14,0,"Sleeping Murder Agatha Christie Fiction, Jane Marple (Fictitious character), Women detectives, Women detectives in fiction, Mystery, Large type books, English Detective and mystery stories, Translations into French, English literature, Fiction, mystery & detective, traditional DolnoÅ›lÄ…skie, HARPER COLLINS 1 PAP, The Audio Partners, HARPERCOLLINS, Librairie générale française","Fiction, Jane Marple (Fictitious character), Women detectives, Women detectives in fiction, Mystery, Large type books, English Detective and mystery stories, Translations into French, English literature, Fiction, mystery & detective, traditional",,"DolnoÅ›lÄ…skie, HARPER COLLINS 1 PAP, The Audio Partners, HARPERCOLLINS, Librairie générale française",https://openlibrary.org/works/OL472250W,https://covers.openlibrary.org/b/id/10247294-M.jpg,Open Library API
1940,The Corinthian,Georgette Heyer,4.428571,7,0,"The Corinthian Georgette Heyer Open Library Staff Picks, Fiction, Romance, Historical, Regency, Arranged marriage, fiction, Social life and customs, fiction, Nobility, fiction, Young women, fiction, Great Britain, fiction, Marriage, fiction, Man-woman relationships, fiction Sourcebooks, Incorporated, F.A. Thorpe Ulverscoft, Pan, Chivers Audio Books, Yestermorrow","Open Library Staff Picks, Fiction, Romance, Historical, Regency, Arranged marriage, fiction, Social life and customs, fiction, Nobility, fiction, Young women, fiction, Great Britain, fiction, Marriage, fiction, Man-woman relationships, fiction",,"Sourcebooks, Incorporated, F.A. Thorpe Ulverscoft, Pan, Chivers Audio Books, Yestermorrow",https://openlibrary.org/works/OL4092656W,https://covers.openlibrary.org/b/id/6941376-M.jpg,Open Library API
1940,The Heart is a Lonely Hunter,Carson McCullers,4.0869565,23,0,"The Heart is a Lonely Hunter Carson McCullers American fiction (fictional works by one author), Friendship, fiction, Georgia, fiction, Fiction, Teenage girls, Racism, Deaf, Suicide victims, Friendship, Allegories Bantam Books, Diogenes Verlag, Houghton Mifflin, Scherz & Goverts, Penguin Books, Limited","American fiction (fictional works by one author), Friendship, fiction, Georgia, fiction, Fiction, Teenage girls, Racism, Deaf, Suicide victims, Friendship, Allegories",,"Bantam Books, Diogenes Verlag, Houghton Mifflin, Scherz & Goverts, Penguin Books, Limited",https://openlibrary.org/works/OL11081469W,https://covers.openlibrary.org/b/id/394799-M.jpg,Open Library API
1940,The Quiet American,Graham Greene,3.952381,21,0,"The Quiet American Graham Greene Americans, British, Fiction, Fiction in English, German language books, Indochinese War, 1946-1954, Journalists, Politics and government, Triangles (Interpersonal relations), War correspondents Viking Press, Inostrannoĭ Literatury, Edito-Service S.A., Blackstone Audiobooks, heineman","Americans, British, Fiction, Fiction in English, German language books, Indochinese War, 1946-1954, Journalists, Politics and government, Triangles (Interpersonal relations), War correspondents",,"Viking Press, Inostrannoĭ Literatury, Edito-Service S.A., Blackstone Audiobooks, heineman",https://openlibrary.org/works/OL106081W,https://covers.openlibrary.org/b/id/6783126-M.jpg,Open Library API
1940,Flame of Diablo,Sara Craven,3.5,8,0,"Flame of Diablo Sara Craven Fiction, romance, contemporary fiction in english Thorndike Pr (Largeprint), Mills & B., Harlequin Enterprises ULC, Mills and Boon, Mills & Boon","Fiction, romance, contemporary fiction in english",,"Thorndike Pr (Largeprint), Mills & B., Harlequin Enterprises ULC, Mills and Boon, Mills & Boon",https://openlibrary.org/works/OL3467508W,https://covers.openlibrary.org/b/id/6896477-M.jpg,Open Library API
1940,The power and the Glory,Graham Greene,4.2727275,11,0,"The power and the Glory Graham Greene Anti-clericalism, Catholic Church, Catholics, Clergy, Fiction, Persecution, Social life and customs, Classics, Multicultural, Supsense Gyldendal, Viking press, Curley Pub., Lythway Press, Promexa","Anti-clericalism, Catholic Church, Catholics, Clergy, Fiction, Persecution, Social life and customs, Classics, Multicultural, Supsense",,"Gyldendal, Viking press, Curley Pub., Lythway Press, Promexa",https://openlibrary.org/works/OL106084W,https://covers.openlibrary.org/b/id/4345363-M.jpg,Open Library API
1940,"One, Two, Buckle My Shoe",Agatha Christie,3.7272727,11,0,"One, Two, Buckle My Shoe Agatha Christie Fiction, Hercule Poirot (Fictitious character), Private investigators, Chief Inspector Japp (Fictitious character), English Detective and mystery stories, Police, Mystery, Murder, Dentists, Crimes against Librairie Des Champs-Elysees, BBC Audiobooks, fontana books, HarperCollins Publishers Ltd, Planet Three Publishing Network","Fiction, Hercule Poirot (Fictitious character), Private investigators, Chief Inspector Japp (Fictitious character), English Detective and mystery stories, Police, Mystery, Murder, Dentists, Crimes against",,"Librairie Des Champs-Elysees, BBC Audiobooks, fontana books, HarperCollins Publishers Ltd, Planet Three Publishing Network",https://openlibrary.org/works/OL471702W,https://covers.openlibrary.org/b/id/14586349-M.jpg,Open Library API
1940,Sonnenfinsternis,Arthur Koestler,4.2,15,0,"Sonnenfinsternis Arthur Koestler Fiction, History, Moscow Trials, Moscow, Russia, 1936-1937, Political prisoners, Totalitarianism, Revolution, 1917-1921, Russia, Soviet union, fiction, Fiction, historical, Fiction, legal Destino, Zemorah, Bitan, Landsborough, Time, Inc, New American Library","Fiction, History, Moscow Trials, Moscow, Russia, 1936-1937, Political prisoners, Totalitarianism, Revolution, 1917-1921, Russia, Soviet union, fiction, Fiction, historical, Fiction, legal",,"Destino, Zemorah, Bitan, Landsborough, Time, Inc, New American Library",https://openlibrary.org/works/OL804246W,https://covers.openlibrary.org/b/id/368797-M.jpg,Open Library API
1941,Little Town on the Prairie,Laura Ingalls Wilder,3.8421052,19,0,"Little Town on the Prairie Laura Ingalls Wilder Families, Frontier and pioneer life, Family, Juvenile fiction, Family life, Fiction, Newbery Honor, Children's fiction, Frontier and pioneer life, fiction, South dakota, fiction Ueberreuter Verlag, Egmont Books Ltd, HarperCollins Children's Books, Harper & Brothers Publishers, Tandem Library","Families, Frontier and pioneer life, Family, Juvenile fiction, Family life, Fiction, Newbery Honor, Children's fiction, Frontier and pioneer life, fiction, South dakota, fiction",,"Ueberreuter Verlag, Egmont Books Ltd, HarperCollins Children's Books, Harper & Brothers Publishers, Tandem Library",https://openlibrary.org/works/OL1719805W,https://covers.openlibrary.org/b/id/49861-M.jpg,Open Library API
1941,Evil Under the Sun,Agatha Christie,3.68,25,0,"Evil Under the Sun Agatha Christie Hercule Poirot (Fictitious character), Private investigators, Detective and mystery stories, Open Library Staff Picks, Detectives, Fiction, Belgians, Mystery, English literature, Murder Wydawnictwo Hachette, Distributed by Workman Pub. Co., Independently Published, Collins for the Crime Club, Altin Kitaplar","Hercule Poirot (Fictitious character), Private investigators, Detective and mystery stories, Open Library Staff Picks, Detectives, Fiction, Belgians, Mystery, English literature, Murder",,"Wydawnictwo Hachette, Distributed by Workman Pub. Co., Independently Published, Collins for the Crime Club, Altin Kitaplar",https://openlibrary.org/works/OL472049W,https://covers.openlibrary.org/b/id/13671433-M.jpg,Open Library API
1941,N or M?,Agatha Christie,3.7272727,11,0,"N or M? Agatha Christie Fiction, Married people, Mystery, Private investigators, Tommy Beresford (Fictitious character), Tuppence Beresford (Fictitious character), Spy stories, Large type books, Fiction, mystery & detective, traditional, London (england), fiction Center Point Large Print, Putnam Adult, HARPER COLLINS PUBLICATION LTD, Lychnari, HarperCollins Publishers","Fiction, Married people, Mystery, Private investigators, Tommy Beresford (Fictitious character), Tuppence Beresford (Fictitious character), Spy stories, Large type books, Fiction, mystery & detective, traditional, London (england), fiction",,"Center Point Large Print, Putnam Adult, HARPER COLLINS PUBLICATION LTD, Lychnari, HarperCollins Publishers",https://openlibrary.org/works/OL472130W,https://covers.openlibrary.org/b/id/14589804-M.jpg,Open Library API
1941,Faro's Daughter,Georgette Heyer,4.375,8,0,"Faro's Daughter Georgette Heyer Fiction, Romance, Historical, Regency, Social life and customs, England, fiction, Fiction Mandarin, Sourcebooks, Incorporated, DoubleDay, Chivers Audio Books, Rowohlt","Fiction, Romance, Historical, Regency, Social life and customs, England, fiction, Fiction",,"Mandarin, Sourcebooks, Incorporated, DoubleDay, Chivers Audio Books, Rowohlt",https://openlibrary.org/works/OL4092555W,https://covers.openlibrary.org/b/id/7001467-M.jpg,Open Library API
1941,Curious George,"H. A. Rey, Margret Rey",4.04,25,0,"Curious George H. A. Rey, Margret Rey Monkeys, Curious George (Fictitious character), Readers, Spanish language, Fiction, Monos, Spanish language materials, Giraffe, Big books, Bilingual Tandem Library, HMH Books, Houghton Mifflin Company, Diogenes Verlag, Houghton Mifflin Co.","Monkeys, Curious George (Fictitious character), Readers, Spanish language, Fiction, Monos, Spanish language materials, Giraffe, Big books, Bilingual",,"Tandem Library, HMH Books, Houghton Mifflin Company, Diogenes Verlag, Houghton Mifflin Co.",https://openlibrary.org/works/OL2023849W,https://covers.openlibrary.org/b/id/6482322-M.jpg,Open Library API
1941,Paddle-to-the-Sea,Holling Clancy Holling,5.0,2,0,"Paddle-to-the-Sea Holling Clancy Holling Juvenile fiction, Fiction, Canoes and canoeing, Indians of North America, Children's fiction, Saint lawrence river, fiction, Great lakes (north america), fiction, collectionID:caldecotthonor40 Tandem Library, Perfection Learning Prebound, Houghton Mifflin, Audio Bookshelf, Blackstone Audiobooks","Juvenile fiction, Fiction, Canoes and canoeing, Indians of North America, Children's fiction, Saint lawrence river, fiction, Great lakes (north america), fiction, collectionID:caldecotthonor40",,"Tandem Library, Perfection Learning Prebound, Houghton Mifflin, Audio Bookshelf, Blackstone Audiobooks",https://openlibrary.org/works/OL4528062W,https://covers.openlibrary.org/b/id/7019882-M.jpg,Open Library API
1941,Death and the Dancing Footman,Ngaio Marsh,4.2,5,0,"Death and the Dancing Footman Ngaio Marsh Fiction, Fiction in English, Mystery, Police, Roderick Alleyn (Fictitious character), History, Detective and mystery stories, Fiction, mystery & detective, general, Alleyn, roderick (fictitious character), fiction, Fiction, mystery & detective, police procedural Little, Brown, Jove, HarperCollins Publishers Ltd, Ulverscroft, HarperCollins","Fiction, Fiction in English, Mystery, Police, Roderick Alleyn (Fictitious character), History, Detective and mystery stories, Fiction, mystery & detective, general, Alleyn, roderick (fictitious character), fiction, Fiction, mystery & detective, police procedural",,"Little, Brown, Jove, HarperCollins Publishers Ltd, Ulverscroft, HarperCollins",https://openlibrary.org/works/OL460819W,https://covers.openlibrary.org/b/id/184469-M.jpg,Open Library API
1941,Traitor's purse,Margery Allingham,3.25,4,0,"Traitor's purse Margery Allingham Fiction, Private investigators, Private investigators in fiction, Albert Campion (Fictitious character), Fiction in English, Campion, albert (fictitious character), fiction, Fiction, mystery & detective, general, Large type books, Fiction, mystery & detective, traditional, England, fiction Tuttle+publishing, Aeonian Pr, Carroll & Graf Publishers, Sun Dial Press, Chivers Press","Fiction, Private investigators, Private investigators in fiction, Albert Campion (Fictitious character), Fiction in English, Campion, albert (fictitious character), fiction, Fiction, mystery & detective, general, Large type books, Fiction, mystery & detective, traditional, England, fiction",,"Tuttle+publishing, Aeonian Pr, Carroll & Graf Publishers, Sun Dial Press, Chivers Press",https://openlibrary.org/works/OL2004315W,https://covers.openlibrary.org/b/id/823124-M.jpg,Open Library API
1941,Dragon Seed (Progress English),"Pearl S. Buck, Adam Verner, Ellen O'Connor",4.25,4,0,"Dragon Seed (Progress English) Pearl S. Buck, Adam Verner, Ellen O'Connor Peace, World War, 1939-1945, American Historical fiction, Fiction, Fiction in English, History, Families, Historical fiction, Family, Domestic fiction Methuen & Co LTD. London, Day, NXB Văn nghue, Cardinal, Moyer Bell Ltd.","Peace, World War, 1939-1945, American Historical fiction, Fiction, Fiction in English, History, Families, Historical fiction, Family, Domestic fiction",,"Methuen & Co LTD. London, Day, NXB Văn nghue, Cardinal, Moyer Bell Ltd.",https://openlibrary.org/works/OL1140131W,https://covers.openlibrary.org/b/id/3324534-M.jpg,Open Library API
1941,The last tycoon,F. Scott Fitzgerald,2.5,2,0,"The last tycoon F. Scott Fitzgerald Fiction, Facsimiles, Motion picture industry, American Manuscripts, Manuscripts, Fiction in English, American fiction, Man-woman relationships, American fiction (fictional works by one author), Motion picture industry, fiction Collier Books, Gallimard, Cambridge University Press, HarperCollins Publishers, Scrinber's","Fiction, Facsimiles, Motion picture industry, American Manuscripts, Manuscripts, Fiction in English, American fiction, Man-woman relationships, American fiction (fictional works by one author), Motion picture industry, fiction",,"Collier Books, Gallimard, Cambridge University Press, HarperCollins Publishers, Scrinber's",https://openlibrary.org/works/OL468451W,https://covers.openlibrary.org/b/id/5412044-M.jpg,Open Library API
1942,La Peste,Albert Camus,4.121212,33,0,"La Peste Albert Camus Fiction, Plague, Plague in literature, Epidemics, Peste bubónica, FICTION / Classics, FICTION / Psychological, FICTION / Literary, Continental european fiction (fictional works by one author), Medicine in Literature Brand: Paw Prints 2008-07-10, Hermes, Gallimard, Livre de Poche, Penguin Books Canada, Limited","Fiction, Plague, Plague in literature, Epidemics, Peste bubónica, FICTION / Classics, FICTION / Psychological, FICTION / Literary, Continental european fiction (fictional works by one author), Medicine in Literature",,"Brand: Paw Prints 2008-07-10, Hermes, Gallimard, Livre de Poche, Penguin Books Canada, Limited",https://openlibrary.org/works/OL1230715W,https://covers.openlibrary.org/b/id/13151272-M.jpg,Open Library API
1942,L’étranger,Albert Camus,4.0826445,121,0,"L’étranger Albert Camus Philosophical Novels, Murder, Fiction, Medicine in Literature, French, Novelas francesas, Asesinato, Ficción, Relatos de aventuras, Critique et interprétation Planeta DeAgostini, FREMEAUX, Editions Gallimard, Gallimard, Penguin Random House","Philosophical Novels, Murder, Fiction, Medicine in Literature, French, Novelas francesas, Asesinato, Ficción, Relatos de aventuras, Critique et interprétation",,"Planeta DeAgostini, FREMEAUX, Editions Gallimard, Gallimard, Penguin Random House",https://openlibrary.org/works/OL1230613W,https://covers.openlibrary.org/b/id/13151269-M.jpg,Open Library API
1942,Five Little Pigs,Agatha Christie,4.0,19,0,"Five Little Pigs Agatha Christie Hercule Poirot (Fictitious character), Private investigators, Detective and mystery stories, Open Library Staff Picks, Fiction, Mystery, Large type books, Murder, Investigation, False imprisonment Scherz, Ulverscroft, LIBRAIRIE DES CHAMPS ELYSEES, HarperCollins Publishers, Rba Libros","Hercule Poirot (Fictitious character), Private investigators, Detective and mystery stories, Open Library Staff Picks, Fiction, Mystery, Large type books, Murder, Investigation, False imprisonment",,"Scherz, Ulverscroft, LIBRAIRIE DES CHAMPS ELYSEES, HarperCollins Publishers, Rba Libros",https://openlibrary.org/works/OL471666W,https://covers.openlibrary.org/b/id/14578138-M.jpg,Open Library API
1942,Brave New World and Brave New World Revisited,Aldous Huxley,4.1190476,42,0,"Brave New World and Brave New World Revisited Aldous Huxley Fiction, Science Fiction, Family, Freedom, Collectivism, Genetic engineering, Totalitarianism, Brainwashing, Culture, Dystopias Flamingo (HarperCollins), Chatto & Windus, Harper & Row, Heron Books, Audio Renaissance","Fiction, Science Fiction, Family, Freedom, Collectivism, Genetic engineering, Totalitarianism, Brainwashing, Culture, Dystopias",,"Flamingo (HarperCollins), Chatto & Windus, Harper & Row, Heron Books, Audio Renaissance",https://openlibrary.org/works/OL64440W,https://covers.openlibrary.org/b/id/35568-M.jpg,Open Library API
1942,Five on a Treasure Island,Enid Blyton,4.318182,22,0,"Five on a Treasure Island Enid Blyton Children: Grades 4-6, Famous Five (Fictitious characters), Juvenile fiction, Children's fiction, Adventure and adventurers, fiction, famous five, kid's book, adventure, Translations from English, Children's stories, German Bertelsmann, München, Edito-Service, Weltbild Verlag, Juventud, Hodder and Stoughton","Children: Grades 4-6, Famous Five (Fictitious characters), Juvenile fiction, Children's fiction, Adventure and adventurers, fiction, famous five, kid's book, adventure, Translations from English, Children's stories, German",,"Bertelsmann, München, Edito-Service, Weltbild Verlag, Juventud, Hodder and Stoughton",https://openlibrary.org/works/OL1948704W,https://covers.openlibrary.org/b/id/14570937-M.jpg,Open Library API
1942,The Runaway Bunny,Margaret Wise Brown,4.071429,14,0,"The Runaway Bunny Margaret Wise Brown Madre e hijo, Picture books for children, Rabbits, Mothers, Specimens, Runaway children, Children'sstories, Mother and child in fiction, Fiction, Juvenile fiction Minnesota Humanities Center, Horupu Shuppan, Rayo, Flammarion, Turtleback Books Distributed by Demco Media","Madre e hijo, Picture books for children, Rabbits, Mothers, Specimens, Runaway children, Children'sstories, Mother and child in fiction, Fiction, Juvenile fiction",,"Minnesota Humanities Center, Horupu Shuppan, Rayo, Flammarion, Turtleback Books Distributed by Demco Media",https://openlibrary.org/works/OL151861W,https://covers.openlibrary.org/b/id/8743590-M.jpg,Open Library API
1942,The Moving Finger,Agatha Christie,3.7272727,11,0,"The Moving Finger Agatha Christie Fiction, Women detectives, Jane Marple (Fictitious character), Detective and mystery stories, English fiction, Marple, Jane (Fictitious characters), Mystery, Anonymous letters, Gossip, Large type books Collins for the Crime Club, Crime Club / Book Club, Edito-Service, Espasa, A. Mondadori","Fiction, Women detectives, Jane Marple (Fictitious character), Detective and mystery stories, English fiction, Marple, Jane (Fictitious characters), Mystery, Anonymous letters, Gossip, Large type books",,"Collins for the Crime Club, Crime Club / Book Club, Edito-Service, Espasa, A. Mondadori",https://openlibrary.org/works/OL471905W,https://covers.openlibrary.org/b/id/13672855-M.jpg,Open Library API
1942,Snow Treasure,Marie McSwigan,4.285714,7,0,"Snow Treasure Marie McSwigan Juvenile fiction, Fiction, Courage, World War, 1939-1945, History, Children's fiction, World war, 1939-1945, fiction, Norway, fiction, Adventure and adventurers, fiction Scholastic, Dutton's Children's Books, Novel Units, Tandem Library, Dutton Juvenile","Juvenile fiction, Fiction, Courage, World War, 1939-1945, History, Children's fiction, World war, 1939-1945, fiction, Norway, fiction, Adventure and adventurers, fiction",,"Scholastic, Dutton's Children's Books, Novel Units, Tandem Library, Dutton Juvenile",https://openlibrary.org/works/OL5844479W,https://covers.openlibrary.org/b/id/361623-M.jpg,Open Library API
1942,The Body in the Library,Agatha Christie,3.85,20,0,"The Body in the Library Agatha Christie Fiction, Mystery, Women detectives, Detective and mystery stories, Jane Marple (Fictitious character), Agatha Christie, Miss Marple, Series, British, Female HarperCollins UK, RBA Libros, M. Mizraḥi, Oscar Mondadori, HarperCollins Publishers and Blackstone Audio","Fiction, Mystery, Women detectives, Detective and mystery stories, Jane Marple (Fictitious character), Agatha Christie, Miss Marple, Series, British, Female",,"HarperCollins UK, RBA Libros, M. Mizraḥi, Oscar Mondadori, HarperCollins Publishers and Blackstone Audio",https://openlibrary.org/works/OL471610W,https://covers.openlibrary.org/b/id/12855259-M.jpg,Open Library API
1942,The Moon is Down,John Steinbeck,4.25,12,0,"The Moon is Down John Steinbeck War in fiction, Cities and towns in fiction, Literature, City and town life in fiction, Open Library Staff Picks, World War, 1939-1945 in fiction, Military occupation in fiction, Fiction, Drama, Military occupation The Viking press,New York, English Theatre Guild, Sun Dial Press., Shanghai chen guang chu ban she fa xing, Mondadori","War in fiction, Cities and towns in fiction, Literature, City and town life in fiction, Open Library Staff Picks, World War, 1939-1945 in fiction, Military occupation in fiction, Fiction, Drama, Military occupation",,"The Viking press,New York, English Theatre Guild, Sun Dial Press., Shanghai chen guang chu ban she fa xing, Mondadori",https://openlibrary.org/works/OL23200W,https://covers.openlibrary.org/b/id/8239628-M.jpg,Open Library API
1943,Le petit prince,Antoine de Saint-Exupéry,4.362832,226,0,"Le petit prince Antoine de Saint-Exupéry adventure, fantasy, friendship, love, childhood, loss, loneliness, Children's fiction, Friendship, fiction, Fantasy fiction Archeological Society of Virginia, Penguin Books, Limited, Yaba Yayınları, Beijing Daily, Maksat Kitap","adventure, fantasy, friendship, love, childhood, loss, loneliness, Children's fiction, Friendship, fiction, Fantasy fiction",,"Archeological Society of Virginia, Penguin Books, Limited, Yaba Yayınları, Beijing Daily, Maksat Kitap",https://openlibrary.org/works/OL10263W,https://covers.openlibrary.org/b/id/10708272-M.jpg,Open Library API
1943,The Fountainhead,Ayn Rand,3.7619047,42,0,"The Fountainhead Ayn Rand Fiction, Architects, Individualism, Man-woman relationships, Psychology, Philosophical literature, Object (Philosophy), Didactic fiction, Love stories, Objectivism (Philosophy) The Bobbs-Merrill Company, Plume, New American Library, Blackstone Audiobooks, Signet/New American Library","Fiction, Architects, Individualism, Man-woman relationships, Psychology, Philosophical literature, Object (Philosophy), Didactic fiction, Love stories, Objectivism (Philosophy)",,"The Bobbs-Merrill Company, Plume, New American Library, Blackstone Audiobooks, Signet/New American Library",https://openlibrary.org/works/OL731663W,https://covers.openlibrary.org/b/id/6767765-M.jpg,Open Library API
1943,Das Glasperlenspiel,Hermann Hesse,4.229885,87,0,"Das Glasperlenspiel Hermann Hesse Continental european fiction (fictional works by one author), Psychological games, Fiction, Enlightenment (Buddhism), Spiritual formation, Scholars, Fictional Works Publication Type, German fiction, Manners and Customs, Philosophical fiction Alianza Editorial, Fischer, Suhrkamp, Alianza, Harcourt Brace* Co","Continental european fiction (fictional works by one author), Psychological games, Fiction, Enlightenment (Buddhism), Spiritual formation, Scholars, Fictional Works Publication Type, German fiction, Manners and Customs, Philosophical fiction",,"Alianza Editorial, Fischer, Suhrkamp, Alianza, Harcourt Brace* Co",https://openlibrary.org/works/OL872724W,https://covers.openlibrary.org/b/id/1017235-M.jpg,Open Library API
1943,Schachnovelle,Stefan Zweig,3.967742,31,0,"Schachnovelle Stefan Zweig Chess, Chrestomathies and readers, Fiction, German language, Readers, German language, readers, Fiction, general, Criticism and interpretation, Chess players, Social isolation Yordam, Vicens Vives, Akil Çelen Kitaplar, Montecristo Publishing LLC, Bilgi Yayinevi","Chess, Chrestomathies and readers, Fiction, German language, Readers, German language, readers, Fiction, general, Criticism and interpretation, Chess players, Social isolation",,"Yordam, Vicens Vives, Akil Çelen Kitaplar, Montecristo Publishing LLC, Bilgi Yayinevi",https://openlibrary.org/works/OL28429W,https://covers.openlibrary.org/b/id/5548285-M.jpg,Open Library API
1943,A tree grows in Brooklyn,Betty Smith,4.357143,28,0,"A tree grows in Brooklyn Betty Smith Teenage girls, Girls, Fiction, Classic Literature, Poor families, Brooklyn (Nueva York, N.Y.), Muchachas adolescentes, Reading materials, Pobres, Spanish language Harper & Row, William Heinemann Ltd., Mandarin, Harper Perennial Modern Classics 2008, Yi lin chu ban she","Teenage girls, Girls, Fiction, Classic Literature, Poor families, Brooklyn (Nueva York, N.Y.), Muchachas adolescentes, Reading materials, Pobres, Spanish language",,"Harper & Row, William Heinemann Ltd., Mandarin, Harper Perennial Modern Classics 2008, Yi lin chu ban she",https://openlibrary.org/works/OL78359W,https://covers.openlibrary.org/b/id/14559662-M.jpg,Open Library API
1943,Perelandra,C. S. Lewis,3.5384614,13,0,"Perelandra C. S. Lewis Linguists, Elwin Ransom (Fictitious character), Open Library Staff Picks, Life on other planets, Philologists, Science fiction, College teachers, English Science fiction, Fiction, Good and evil Collier Books, Minotauro, Blackstone Audiobooks, Amereon Limited, HarperCollins Publishers Ltd","Linguists, Elwin Ransom (Fictitious character), Open Library Staff Picks, Life on other planets, Philologists, Science fiction, College teachers, English Science fiction, Fiction, Good and evil",,"Collier Books, Minotauro, Blackstone Audiobooks, Amereon Limited, HarperCollins Publishers Ltd",https://openlibrary.org/works/OL71163W,https://covers.openlibrary.org/b/id/9186044-M.jpg,Open Library API
1943,The magic Faraway Tree,Enid Blyton,4.095238,21,0,"The magic Faraway Tree Enid Blyton Children's stories, Children's fiction, Faraway tree (imaginary place), fiction, Fantasy fiction, magic, kid's book, Children: Grades 4-6, Enchanted Wood (Imaginary place), Juvenile fiction, Imagination in children Independently Published, Hachette Children's Group, Unknown Publisher, Egmont Books (UK), Egmont Books, Limited","Children's stories, Children's fiction, Faraway tree (imaginary place), fiction, Fantasy fiction, magic, kid's book, Children: Grades 4-6, Enchanted Wood (Imaginary place), Juvenile fiction, Imagination in children",,"Independently Published, Hachette Children's Group, Unknown Publisher, Egmont Books (UK), Egmont Books, Limited",https://openlibrary.org/works/OL1948587W,https://covers.openlibrary.org/b/id/14605635-M.jpg,Open Library API
1943,The long ships,Frans Gunnar Bengtsson,4.0,28,0,"The long ships Frans Gunnar Bengtsson Swedish fiction, Vikings, Fiction, Middle Ages, sea stories, historical fiction, Tenth century, Fiction, historical, general, Fiction, action & adventure, Roman historique suédois Edito-Service, dtv, Alfred A. Knopf, Buccaneer Books, P. A. Norstedt Soner Forlag","Swedish fiction, Vikings, Fiction, Middle Ages, sea stories, historical fiction, Tenth century, Fiction, historical, general, Fiction, action & adventure, Roman historique suédois",,"Edito-Service, dtv, Alfred A. Knopf, Buccaneer Books, P. A. Norstedt Soner Forlag",https://openlibrary.org/works/OL257663W,https://covers.openlibrary.org/b/id/8121157-M.jpg,Open Library API
1943,The Mystery of the Burnt Cottage,Enid Blyton,4.75,12,0,"The Mystery of the Burnt Cottage Enid Blyton Children's fiction, Mystery and detective stories, Adventure and adventurers, fiction, Children's stories, Juvenile fiction, Detective and mystery stories, Mystery fiction, Adventure stories, Dogs, fiction, Fire, fiction Egmont Childrens Books, Methuen Children's Books, Dragon, HarperCollins Publishers, Methuen","Children's fiction, Mystery and detective stories, Adventure and adventurers, fiction, Children's stories, Juvenile fiction, Detective and mystery stories, Mystery fiction, Adventure stories, Dogs, fiction, Fire, fiction",,"Egmont Childrens Books, Methuen Children's Books, Dragon, HarperCollins Publishers, Methuen",https://openlibrary.org/works/OL1948998W,https://covers.openlibrary.org/b/id/14603709-M.jpg,Open Library API
1943,Johnny Tremain,Esther Forbes,3.7857144,14,0,"Johnny Tremain Esther Forbes History, Juvenile fiction, Fiction, Social life and customs, Children's stories, Newbery Medal, Revolution, Study and teaching (Secondary), American Revolution (1775-1783) fast (OCoLC)fst01351668, American literature Houghton Mifflin, A Yearling Book, Buccaneer Books Inc, ABC-Clio, Prentice Hall College Div","History, Juvenile fiction, Fiction, Social life and customs, Children's stories, Newbery Medal, Revolution, Study and teaching (Secondary), American Revolution (1775-1783) fast (OCoLC)fst01351668, American literature",,"Houghton Mifflin, A Yearling Book, Buccaneer Books Inc, ABC-Clio, Prentice Hall College Div",https://openlibrary.org/works/OL2291764W,https://covers.openlibrary.org/b/id/282869-M.jpg,Open Library API
1944,Friday's Child,Georgette Heyer,4.8,10,0,"Friday's Child Georgette Heyer 1940s, Fiction, Romance, Historical, Regency, Great Britain, fiction Ulverscroft, Chivers, Sourcebooks, Incorporated, Thorndike Press, Pan Books","1940s, Fiction, Romance, Historical, Regency, Great Britain, fiction",,"Ulverscroft, Chivers, Sourcebooks, Incorporated, Thorndike Press, Pan Books",https://openlibrary.org/works/OL4092675W,https://covers.openlibrary.org/b/id/7002048-M.jpg,Open Library API
1944,Death Comes as the End,Agatha Christie,4.5,4,0,"Death Comes as the End Agatha Christie Fiction, Murder, Mystery, Social life and customs, Manners and customs, Detective and mystery stories, Large type books, Fiction, mystery & detective, traditional, Fiction, historical, Fiction, thrillers, general Collins for the Crime Club, Ulverscroft Special Collection, Harpercollins, Bantam Books, Inc., Dodd, Mead & Company","Fiction, Murder, Mystery, Social life and customs, Manners and customs, Detective and mystery stories, Large type books, Fiction, mystery & detective, traditional, Fiction, historical, Fiction, thrillers, general",,"Collins for the Crime Club, Ulverscroft Special Collection, Harpercollins, Bantam Books, Inc., Dodd, Mead & Company",https://openlibrary.org/works/OL471898W,https://covers.openlibrary.org/b/id/6486149-M.jpg,Open Library API
1944,Absent in the Spring,Agatha Christie,4.25,4,0,"Absent in the Spring Agatha Christie Fiction, Middle class women, Fiction, mystery & detective, general, Fiction, psychological, Fiction, general, English literature, Young women Fontana, Arbor House Pub Co, HarperCollins Publishers, HarperCollins Publishers Ltd, Arbor House","Fiction, Middle class women, Fiction, mystery & detective, general, Fiction, psychological, Fiction, general, English literature, Young women",,"Fontana, Arbor House Pub Co, HarperCollins Publishers, HarperCollins Publishers Ltd, Arbor House",https://openlibrary.org/works/OL472688W,https://covers.openlibrary.org/b/id/12824428-M.jpg,Open Library API
1944,The Hundred Dresses,"Eleanor Estes, Louis Slobodkin, Jim Stelljes, Louis Slobodkin, Estes",4.214286,28,0,"The Hundred Dresses Eleanor Estes, Louis Slobodkin, Jim Stelljes, Louis Slobodkin, Estes Fiction, Juvenile works, Juvenile fiction, Juvenile audience, friendship, School fiction, Poles in the United States, social isolation, bullying, fashion design Harcourt Brace Jovanovich, Tandem Library, Sagebrush Education Resources, HarperCollins Publishers, Rebound by Sagebrush","Fiction, Juvenile works, Juvenile fiction, Juvenile audience, friendship, School fiction, Poles in the United States, social isolation, bullying, fashion design",,"Harcourt Brace Jovanovich, Tandem Library, Sagebrush Education Resources, HarperCollins Publishers, Rebound by Sagebrush",https://openlibrary.org/works/OL78547W,https://covers.openlibrary.org/b/id/10703361-M.jpg,Open Library API
1944,Towards Zero,Agatha Christie,4.625,8,0,"Towards Zero Agatha Christie Fiction, Police, Superintendent Battle (Fictitious character), Detective and mystery stories, Detectives, Large type books, Translations into Indonesian, English fiction, English literature, Fiction, mystery & detective, general Blakiston Co.; distributed by Dodd, Mead, New York, Berkley Pub Group, PT Gramedia, The Audio Partners, Mystery Masters, Bantam Books","Fiction, Police, Superintendent Battle (Fictitious character), Detective and mystery stories, Detectives, Large type books, Translations into Indonesian, English fiction, English literature, Fiction, mystery & detective, general",,"Blakiston Co.; distributed by Dodd, Mead, New York, Berkley Pub Group, PT Gramedia, The Audio Partners, Mystery Masters, Bantam Books",https://openlibrary.org/works/OL472328W,https://covers.openlibrary.org/b/id/13666304-M.jpg,Open Library API
1944,Green for danger,Christianna Brand,4.0,2,0,"Green for danger Christianna Brand Inspector Cockrill (Fictitious character), Police, Fiction, Large type books, Fiction, mystery & detective, traditional, Cockrill, inspector (fictitious character), fiction, England, fiction, Fiction in English, Blitz Poisoned Pen Press, Chivers, Chivers Audio Books, Bantam Doubleday Dell, Dodd Mead, 1944","Inspector Cockrill (Fictitious character), Police, Fiction, Large type books, Fiction, mystery & detective, traditional, Cockrill, inspector (fictitious character), fiction, England, fiction, Fiction in English, Blitz",,"Poisoned Pen Press, Chivers, Chivers Audio Books, Bantam Doubleday Dell, Dodd Mead, 1944",https://openlibrary.org/works/OL4463259W,https://covers.openlibrary.org/b/id/542628-M.jpg,Open Library API
1944,Lille pige med svovlstikkerne,"Hans Christian Andersen, Bill Bowler",4.3,10,0,"Lille pige med svovlstikkerne Hans Christian Andersen, Bill Bowler Fairy tales, Juvenile fiction, Folklore, denmark, Folklore, Poverty, Death, Readers, Children, Social conditions, Christmas stories Siena Publishing, Intishārāt-i Qadyānī, Oxford University Press, Grupo Anaya Comercial, Turtleback Books Distributed by Demco Media","Fairy tales, Juvenile fiction, Folklore, denmark, Folklore, Poverty, Death, Readers, Children, Social conditions, Christmas stories",,"Siena Publishing, Intishārāt-i Qadyānī, Oxford University Press, Grupo Anaya Comercial, Turtleback Books Distributed by Demco Media",https://openlibrary.org/works/OL25525W,https://covers.openlibrary.org/b/id/446553-M.jpg,Open Library API
1944,The Island of Adventure,Enid Blyton,3.6666667,6,0,"The Island of Adventure Enid Blyton Children's stories, Islands, Juvenile fiction, Abandoned mines, Tunnels, Adventure and adventurers, Underwater tunnels, Fiction, Treasure troves, Adventure stories Macmillan Children's, ARMADA, HarperCollins Publishers Limited, Armada, Independently Published","Children's stories, Islands, Juvenile fiction, Abandoned mines, Tunnels, Adventure and adventurers, Underwater tunnels, Fiction, Treasure troves, Adventure stories",,"Macmillan Children's, ARMADA, HarperCollins Publishers Limited, Armada, Independently Published",https://openlibrary.org/works/OL1948161W,https://covers.openlibrary.org/b/id/14596605-M.jpg,Open Library API
1944,細雪 (Sasameyuki),谷崎潤一郎,4.0,1,0,"細雪 (Sasameyuki) 谷崎潤一郎 Fiction, Literature, Sisters, Japanese fiction, Translations into English, Texts, Novel, Japanese, Near and far eastern fiction (fictional works by one author), Japan, fiction Tanizaki Jun'ichirō, Penguin Publishing Group, Perigee Books, Secker & Warburg, Berkley Publishing Corp.","Fiction, Literature, Sisters, Japanese fiction, Translations into English, Texts, Novel, Japanese, Near and far eastern fiction (fictional works by one author), Japan, fiction",,"Tanizaki Jun'ichirō, Penguin Publishing Group, Perigee Books, Secker & Warburg, Berkley Publishing Corp.",https://openlibrary.org/works/OL668682W,https://covers.openlibrary.org/b/id/417785-M.jpg,Open Library API
1944,Gouverneurs de la rosée,Jacques Roumain,4.0,1,0,"Gouverneurs de la rosée Jacques Roumain Haitian fiction, Love stories, French fiction, Fiction, Fiction, general, Liberty, Peace Sine nomine, Temps Actuels, Les Editeurs Français Reunis, Les Editeurs Francais Réunis, ENAG","Haitian fiction, Love stories, French fiction, Fiction, Fiction, general, Liberty, Peace",,"Sine nomine, Temps Actuels, Les Editeurs Français Reunis, Les Editeurs Francais Réunis, ENAG",https://openlibrary.org/works/OL953426W,https://covers.openlibrary.org/b/id/275191-M.jpg,Open Library API
1945,Animal Farm,George Orwell,4.1514087,568,0,"Animal Farm George Orwell British and Irish fiction (fictional works by one author), political satire, classic, animal drama, Fiction, political, English literature: literary criticism, For National Curriculum Key Stage 4 & GCSE, Fiction, satire, English literature, Fiction Posev, Signet (1946), Nāṣanal Bukk St̲āḷ, Penguin Books in association with Secker & Warburg, Para meus estudos","British and Irish fiction (fictional works by one author), political satire, classic, animal drama, Fiction, political, English literature: literary criticism, For National Curriculum Key Stage 4 & GCSE, Fiction, satire, English literature, Fiction",,"Posev, Signet (1946), Nāṣanal Bukk St̲āḷ, Penguin Books in association with Secker & Warburg, Para meus estudos",https://openlibrary.org/works/OL1168007W,https://covers.openlibrary.org/b/id/11261770-M.jpg,Open Library API
1945,The Pearl,John Steinbeck,3.5555556,54,0,"The Pearl John Steinbeck American fiction (fictional works by one author), Open Library Staff Picks, Avaricia, Buceadores de perlas, Family, Fishers, Men, Fiction, Parábolas, Avarice Sel Yayıncılık, Kustannusosakeyhtiö Tammi, Gyldendal, Penguin Random House, Gallimard","American fiction (fictional works by one author), Open Library Staff Picks, Avaricia, Buceadores de perlas, Family, Fishers, Men, Fiction, Parábolas, Avarice",,"Sel Yayıncılık, Kustannusosakeyhtiö Tammi, Gyldendal, Penguin Random House, Gallimard",https://openlibrary.org/works/OL7966118W,https://covers.openlibrary.org/b/id/2523104-M.jpg,Open Library API
1945,Foundation and Empire,Isaac Asimov,4.114865,148,0,"Foundation and Empire Isaac Asimov Fiction, Psychohistory, Life on other planets, American Science fiction, Science Fiction, Fiction, science fiction, general, Trantorian empire (imaginary place), fiction, American literature, Vie extraterrestre, Romans, nouvelles Doubleday & Company, W. Heyne, Plaza & Janés Editores, Avon, Random House Publishing Group","Fiction, Psychohistory, Life on other planets, American Science fiction, Science Fiction, Fiction, science fiction, general, Trantorian empire (imaginary place), fiction, American literature, Vie extraterrestre, Romans, nouvelles",,"Doubleday & Company, W. Heyne, Plaza & Janés Editores, Avon, Random House Publishing Group",https://openlibrary.org/works/OL46224W,https://covers.openlibrary.org/b/id/9300695-M.jpg,Open Library API
1945,Stuart Little,E. B. White,3.5,28,0,"Stuart Little E. B. White Voyages and travels, Mice, Juvenile fiction, JUVENILE FICTION / Social Themes / Friendship, JUVENILE FICTION / Animals / Mice, Hamsters, Guinea Pigs, Fiction, JUVENILE FICTION / Classics, Determination (Personality trait), Size perception, Friendship Alfaguara, Neuf, Turtleback Books Distributed by Demco Media, Diogenes Verlage, Chivers Press","Voyages and travels, Mice, Juvenile fiction, JUVENILE FICTION / Social Themes / Friendship, JUVENILE FICTION / Animals / Mice, Hamsters, Guinea Pigs, Fiction, JUVENILE FICTION / Classics, Determination (Personality trait), Size perception, Friendship",,"Alfaguara, Neuf, Turtleback Books Distributed by Demco Media, Diogenes Verlage, Chivers Press",https://openlibrary.org/works/OL483385W,https://covers.openlibrary.org/b/id/10522876-M.jpg,Open Library API
1945,The Catcher in the Rye,"J. D. Salinger, Shao jia yun",3.5918367,392,0,"The Catcher in the Rye J. D. Salinger, Shao jia yun fictional works, Runaway teenagers, Fiction, Adolescence, teenage boys, Runaway teenagers in literature, Brothers and sisters, Emotionally disturbed teenage boys, Preparatory schools, Open Library Staff Picks Gui zhou ta xue chu ban she, Grupo Anaya Comercial, Little, Brown and Co., Little, Brown, Laffont","fictional works, Runaway teenagers, Fiction, Adolescence, teenage boys, Runaway teenagers in literature, Brothers and sisters, Emotionally disturbed teenage boys, Preparatory schools, Open Library Staff Picks",,"Gui zhou ta xue chu ban she, Grupo Anaya Comercial, Little, Brown and Co., Little, Brown, Laffont",https://openlibrary.org/works/OL3335245W,https://covers.openlibrary.org/b/id/9273490-M.jpg,Open Library API
1945,Cannery Row,John Steinbeck,4.3125,32,0,"Cannery Row John Steinbeck Community life, Fiction, Open Library Staff Picks, Marine biologists, American fiction, Reading Level-Grade 11, Reading Level-Grade 10, Reading Level-Grade 12, Monterey (calif.), fiction, American fiction (fictional works by one author) The Viking press, William Heinemann Ltd., Sel Yayincilik, Van Holkema & Warendorf, Penguin Random House","Community life, Fiction, Open Library Staff Picks, Marine biologists, American fiction, Reading Level-Grade 11, Reading Level-Grade 10, Reading Level-Grade 12, Monterey (calif.), fiction, American fiction (fictional works by one author)",,"The Viking press, William Heinemann Ltd., Sel Yayincilik, Van Holkema & Warendorf, Penguin Random House",https://openlibrary.org/works/OL23199W,https://covers.openlibrary.org/b/id/100939-M.jpg,Open Library API
1945,Pippi Långstrump,Astrid Lindgren,3.6,25,0,"Pippi Långstrump Astrid Lindgren Internet Archive Wishlist, Humorous stories, Adapted for Television, Friendship, Juvenile fiction, TV Movies, Cheerfulness, Films, Orphans, Fiction Nasza Księgarnia, Verlag Friedrich Oetinger, CNL, Carlsen Verlag Gmbh, Hachette","Internet Archive Wishlist, Humorous stories, Adapted for Television, Friendship, Juvenile fiction, TV Movies, Cheerfulness, Films, Orphans, Fiction",,"Nasza Księgarnia, Verlag Friedrich Oetinger, CNL, Carlsen Verlag Gmbh, Hachette",https://openlibrary.org/works/OL14872925W,https://covers.openlibrary.org/b/id/11452342-M.jpg,Open Library API
1945,Sparkling Cyanide,Agatha Christie,3.9166667,12,0,"Sparkling Cyanide Agatha Christie Fiction in Spanish, Murder, Rosemary, Fiction, Detective and mystery stories, Mystery fiction, Large type books, Nightclubs, Cocktails, Investigation HarperCollins UK, HarperCollins Publishers and Blackstone Audio, Librairie des Champs Elysées, Editorial Molino, Perfection Learning","Fiction in Spanish, Murder, Rosemary, Fiction, Detective and mystery stories, Mystery fiction, Large type books, Nightclubs, Cocktails, Investigation",,"HarperCollins UK, HarperCollins Publishers and Blackstone Audio, Librairie des Champs Elysées, Editorial Molino, Perfection Learning",https://openlibrary.org/works/OL471983W,https://covers.openlibrary.org/b/id/10249704-M.jpg,Open Library API
1945,Ficciones,Jorge Luis Borges,4.3421054,38,0,"Ficciones Jorge Luis Borges Anachronisms, speculative fiction, subjective idealism, duodecimals, aneurysms, adjectives, hermeticism, philanthropy, cabala, persecution Emecé Editores, A.A. Knopf, LUMEN, Globo, Orion Publishing Group, Limited","Anachronisms, speculative fiction, subjective idealism, duodecimals, aneurysms, adjectives, hermeticism, philanthropy, cabala, persecution",,"Emecé Editores, A.A. Knopf, LUMEN, Globo, Orion Publishing Group, Limited",https://openlibrary.org/works/OL110971W,https://covers.openlibrary.org/b/id/10832290-M.jpg,Open Library API
1945,Brideshead Revisited,Evelyn Waugh,3.9375,16,0,"Brideshead Revisited Evelyn Waugh Catholics, Family, Family chronicles, Fiction, Friendship, Male friendship, Man-woman relationships, Men, Upper class, Upper class families Albatross, Reader's Union with Chapman and Hall, Penguin Books, Limited, Chapman & Hall, BSG-PRESS","Catholics, Family, Family chronicles, Fiction, Friendship, Male friendship, Man-woman relationships, Men, Upper class, Upper class families",,"Albatross, Reader's Union with Chapman and Hall, Penguin Books, Limited, Chapman & Hall, BSG-PRESS",https://openlibrary.org/works/OL5721394W,https://covers.openlibrary.org/b/id/2560441-M.jpg,Open Library API
1946,Dandelion Wine,Ray Bradbury,4.3076925,26,0,"Dandelion Wine Ray Bradbury Fiction, Boys, City and town life, Translations into Russian, Science fiction, American, American Science fiction, Illinois, fiction, Fiction, coming of age, Bildungsromans, American Fantasy fiction Easton Press, Granada, HarperCollins Publishers, HarperCollins Publishers Limited, Avon Books","Fiction, Boys, City and town life, Translations into Russian, Science fiction, American, American Science fiction, Illinois, fiction, Fiction, coming of age, Bildungsromans, American Fantasy fiction",,"Easton Press, Granada, HarperCollins Publishers, HarperCollins Publishers Limited, Avon Books",https://openlibrary.org/works/OL103118W,https://covers.openlibrary.org/b/id/14831327-M.jpg,Open Library API
1946,The Hollow,Agatha Christie,3.6666667,9,0,"The Hollow Agatha Christie Fiction, Hercule Poirot (Fictitious character), Private investigators, Murder, Mystery, Private investigators in fiction, murder mystery, Large type books, Socialites, Investigation French, Harpercollins, BOOKET, Oscar Gialli Mondadori, Center Point Publishing","Fiction, Hercule Poirot (Fictitious character), Private investigators, Murder, Mystery, Private investigators in fiction, murder mystery, Large type books, Socialites, Investigation",,"French, Harpercollins, BOOKET, Oscar Gialli Mondadori, Center Point Publishing",https://openlibrary.org/works/OL472526W,https://covers.openlibrary.org/b/id/13679064-M.jpg,Open Library API
1946,The House on the Borderland,William Hope Hodgson,4.0,7,0,"The House on the Borderland William Hope Hodgson Classic Literature, Fiction, Horror, Science Fiction, Fiction, science fiction, general, Fiction, fantasy, general, Ireland, fiction, Fiction, visionary & metaphysical, Fiction, horror, English Fantasy fiction Manor Books, Echo Library, Carroll & Graf Publishers, Coppens & Frenks. Publishers, Brand: Wildside Press","Classic Literature, Fiction, Horror, Science Fiction, Fiction, science fiction, general, Fiction, fantasy, general, Ireland, fiction, Fiction, visionary & metaphysical, Fiction, horror, English Fantasy fiction",,"Manor Books, Echo Library, Carroll & Graf Publishers, Coppens & Frenks. Publishers, Brand: Wildside Press",https://openlibrary.org/works/OL810402W,https://covers.openlibrary.org/b/id/542561-M.jpg,Open Library API
1946,Slan,"A. E. van Vogt, Oliver Wyman, Kevin J. Anderson",3.4,5,0,"Slan A. E. van Vogt, Oliver Wyman, Kevin J. Anderson Fiction, Science Fiction, Fiction, science fiction, general, award:retro_hugo, American Science fiction Arkham House, Blackstone Audiobooks, Simon and Schuster, Ballantine Books, Amereon Limited","Fiction, Science Fiction, Fiction, science fiction, general, award:retro_hugo, American Science fiction",,"Arkham House, Blackstone Audiobooks, Simon and Schuster, Ballantine Books, Amereon Limited",https://openlibrary.org/works/OL8404014W,https://covers.openlibrary.org/b/id/5543912-M.jpg,Open Library API
1946,The Reluctant Widow,Georgette Heyer,4.125,8,0,"The Reluctant Widow Georgette Heyer Fiction, Romance, Historical, Regency, Mystery, fiction, Social life and customs, Widows, fiction, Ingles (lingua), Literatura inglesa, Large type books, Great Britain, George III, 1760-1820, Love stories, fiction W. Heinemann ltd., Pan Books, Putnam, Arrow, Rowohlt","Fiction, Romance, Historical, Regency, Mystery, fiction, Social life and customs, Widows, fiction, Ingles (lingua), Literatura inglesa, Large type books, Great Britain, George III, 1760-1820, Love stories, fiction",,"W. Heinemann ltd., Pan Books, Putnam, Arrow, Rowohlt",https://openlibrary.org/works/OL4092660W,https://covers.openlibrary.org/b/id/7002066-M.jpg,Open Library API
1946,На Дрини ћуприја (Na Drini ćuprija),Ivo Andrić,4.1666665,6,0,"На Дрини ћуприја (Na Drini ćuprija) Ivo Andrić Historic bridges, History, Fiction, Fiction, historical, general, Bosnia and hercegovina, fiction, Continental european fiction (fictional works by one author), Historic bridges in fiction, Slavic philology, Slavic literature The Harvill Press, Ullstein, ""Prosveta,"", Ren min wen xue chu ban she, U̇ndu̇su̇ten-u̇ Keblel-u̇n Qoriy-a","Historic bridges, History, Fiction, Fiction, historical, general, Bosnia and hercegovina, fiction, Continental european fiction (fictional works by one author), Historic bridges in fiction, Slavic philology, Slavic literature",,"The Harvill Press, Ullstein, ""Prosveta,"", Ren min wen xue chu ban she, U̇ndu̇su̇ten-u̇ Keblel-u̇n Qoriy-a",https://openlibrary.org/works/OL258416W,https://covers.openlibrary.org/b/id/914685-M.jpg,Open Library API
1946,The Skylark of Space,Edward E. Smith,3.6666667,3,0,"The Skylark of Space Edward E. Smith Fiction, science fiction, space opera, Fiction, Space flight, Space ships, American Science fiction, Science Fiction, British Science fiction, Space flight -- Fiction, Space ships -- Fiction, Fiction, science fiction, general Xuân Thu, Liese. Outside The Box, Andreas, Pulp-Lit Productions, Wildside Press, Armchair Fiction & Music","Fiction, science fiction, space opera, Fiction, Space flight, Space ships, American Science fiction, Science Fiction, British Science fiction, Space flight -- Fiction, Space ships -- Fiction, Fiction, science fiction, general",,"Xuân Thu, Liese. Outside The Box, Andreas, Pulp-Lit Productions, Wildside Press, Armchair Fiction & Music",https://openlibrary.org/works/OL2685476W,https://covers.openlibrary.org/b/id/5540850-M.jpg,Open Library API
1946,The folk of the Faraway Tree,Enid Blyton,4.4444447,9,0,"The folk of the Faraway Tree Enid Blyton Children's fiction, Fantasy fiction, Faraway tree (imaginary place), fiction, Children's stories, Juvenile fiction, Magic, Imaginary places, Adventure stories, Friendship, Magic, fiction Hamlyn young books, Egmont Childrens Books, Happy Time Books, Random House UK, Molino RBA","Children's fiction, Fantasy fiction, Faraway tree (imaginary place), fiction, Children's stories, Juvenile fiction, Magic, Imaginary places, Adventure stories, Friendship, Magic, fiction",,"Hamlyn young books, Egmont Childrens Books, Happy Time Books, Random House UK, Molino RBA",https://openlibrary.org/works/OL1948581W,https://covers.openlibrary.org/b/id/14600089-M.jpg,Open Library API
1946,All the King's Men,Robert Penn Warren,4.2,5,0,"All the King's Men Robert Penn Warren Drama, Fiction, Political corruption, Politicians, Politicians in fiction, Pulitzer Prize Winner, Southern States in fiction, award:pulitzer_prize=1947, award:pulitzer_prize=fiction, Political fiction Bantam Books, Random House, Harcourt Brace Jovanovich, ""OLMA-Press"", Eyre and Spottiswoode","Drama, Fiction, Political corruption, Politicians, Politicians in fiction, Pulitzer Prize Winner, Southern States in fiction, award:pulitzer_prize=1947, award:pulitzer_prize=fiction, Political fiction",,"Bantam Books, Random House, Harcourt Brace Jovanovich, ""OLMA-Press"", Eyre and Spottiswoode",https://openlibrary.org/works/OL14858283W,https://covers.openlibrary.org/b/id/112218-M.jpg,Open Library API
1946,Five Go Off in a Caravan,Enid Blyton,4.5,4,0,"Five Go Off in a Caravan Enid Blyton Children's stories, Large type books, Juvenile fiction, Famous Five (Fictitious characters), Circus, Cinco famosos (Personajes literarios), Novela juvenil, Aventuras, Adventure stories, Criminals Hodder Children's Books, Chivers Audio Books, Hodder & Stoughton Limited, Hodder Children's, Chivers Press","Children's stories, Large type books, Juvenile fiction, Famous Five (Fictitious characters), Circus, Cinco famosos (Personajes literarios), Novela juvenil, Aventuras, Adventure stories, Criminals",,"Hodder Children's Books, Chivers Audio Books, Hodder & Stoughton Limited, Hodder Children's, Chivers Press",https://openlibrary.org/works/OL1948675W,https://covers.openlibrary.org/b/id/14608017-M.jpg,Open Library API
1947,Goodnight Moon,Margaret Wise Brown,4.0434785,69,0,"Goodnight Moon Margaret Wise Brown Children's fiction, Picture books, Bedtime, fiction, Rabbits, fiction, Literature and fiction, juvenile, Rabbits, Stories in rhyme, Juvenile fiction, Moon in fiction, Board books Two Hoots, HarperCollins Publishers, Universe Publishing, HARPER & ROW, PUBLISHERS, Harper Collins Publishers","Children's fiction, Picture books, Bedtime, fiction, Rabbits, fiction, Literature and fiction, juvenile, Rabbits, Stories in rhyme, Juvenile fiction, Moon in fiction, Board books",,"Two Hoots, HarperCollins Publishers, Universe Publishing, HARPER & ROW, PUBLISHERS, Harper Collins Publishers",https://openlibrary.org/works/OL151798W,https://covers.openlibrary.org/b/id/35556-M.jpg,Open Library API
1947,Mrs. Piggle-Wiggle,"Betty MacDonald, Alexandra Boiger",4.0833335,12,0,"Mrs. Piggle-Wiggle Betty MacDonald, Alexandra Boiger Humorous stories, Behavior, Fiction, Human behavior, Conduct of life, Juvenile fiction, Human behavior in fiction, Mrs. Piggle-Wiggle (Fictitious character), Behavior in fiction, Farm life, fiction Vermilion Labs DBA Bookroo, HarperCollins Childrens Books, Scholastic, HarperTrophy, J.B. Lippincott","Humorous stories, Behavior, Fiction, Human behavior, Conduct of life, Juvenile fiction, Human behavior in fiction, Mrs. Piggle-Wiggle (Fictitious character), Behavior in fiction, Farm life, fiction",,"Vermilion Labs DBA Bookroo, HarperCollins Childrens Books, Scholastic, HarperTrophy, J.B. Lippincott",https://openlibrary.org/works/OL273761W,https://covers.openlibrary.org/b/id/6807372-M.jpg,Open Library API
1947,The Labours of Hercules,Agatha Christie,4.375,8,0,"The Labours of Hercules Agatha Christie Fiction, Hercule Poirot (Fictitious character), Private investigators, English Detective and mystery stories, Private investigators in fiction, Mystery, Large type books, Fiction, mystery & detective, general, Poirot, hercule (fictitious character), fiction, English literature Center Point Large Print, G.K. Hall, Putnam Adult, Published for the Crime Club by Collins, HarperCollins Publishers","Fiction, Hercule Poirot (Fictitious character), Private investigators, English Detective and mystery stories, Private investigators in fiction, Mystery, Large type books, Fiction, mystery & detective, general, Poirot, hercule (fictitious character), fiction, English literature",,"Center Point Large Print, G.K. Hall, Putnam Adult, Published for the Crime Club by Collins, HarperCollins Publishers",https://openlibrary.org/works/OL471948W,https://covers.openlibrary.org/b/id/10247192-M.jpg,Open Library API
1947,Doctor Faustus,Thomas Mann,4.2,10,0,"Doctor Faustus Thomas Mann Fiction, History, Composers, German language materials, Entstehung des Doktor Faustus (Mann, Thomas), Political fiction, Continental european fiction (fictional works by one author), Germany, fiction, Fiction, political, Fiction, historical Edhasa, Vintage Books, Everyman, Fischer Taschenbuch Verlag, Secker and Warburg","Fiction, History, Composers, German language materials, Entstehung des Doktor Faustus (Mann, Thomas), Political fiction, Continental european fiction (fictional works by one author), Germany, fiction, Fiction, political, Fiction, historical",,"Edhasa, Vintage Books, Everyman, Fischer Taschenbuch Verlag, Secker and Warburg",https://openlibrary.org/works/OL14867080W,https://covers.openlibrary.org/b/id/3976241-M.jpg,Open Library API
1947,Stone soup,Marcia Brown,4.4666667,15,0,"Stone soup Marcia Brown Folklore, Soups, Spanish language, Picture books, Vocabulary, Readers, Juvenile fiction, Fiction, Novela juvenil, Juvenile literature Atheneum Books for Young Readers, Qing lin guo ji chu ban gu fen you xian gong si, Live Oak Media, Atheneum, Simon & Schuster Children's Publishing","Folklore, Soups, Spanish language, Picture books, Vocabulary, Readers, Juvenile fiction, Fiction, Novela juvenil, Juvenile literature",,"Atheneum Books for Young Readers, Qing lin guo ji chu ban gu fen you xian gong si, Live Oak Media, Atheneum, Simon & Schuster Children's Publishing",https://openlibrary.org/works/OL1672346W,https://covers.openlibrary.org/b/id/429038-M.jpg,Open Library API
1947,The Dream Within,Barbara Cartland,4.0,8,0,"The Dream Within Barbara Cartland Fiction, Romance, Historical Éd. J'ai lu, Jove/HBJ, Jove, Papyros Graphic Arts, Pyramid Books","Fiction, Romance, Historical",,"Éd. J'ai lu, Jove/HBJ, Jove, Papyros Graphic Arts, Pyramid Books",https://openlibrary.org/works/OL137163W,https://covers.openlibrary.org/b/id/6666354-M.jpg,Open Library API
1947,Sentiero dei nidi di ragno,Italo Calvino,4.0,6,0,"Sentiero dei nidi di ragno Italo Calvino World War, 1939-1945, Fiction, World war, 1939-1945, fiction, Fiction, historical, general, Italy, fiction, Continental european fiction (fictional works by one author), Fiction, war & military, Fiction, coming of age, Guerrillas, Underground movements Beacon Press, Minŭmsa, Shi pao wen hua chʻu pan chʻi yeh yu hsien kung ssu, raju, Garzanti Italian","World War, 1939-1945, Fiction, World war, 1939-1945, fiction, Fiction, historical, general, Italy, fiction, Continental european fiction (fictional works by one author), Fiction, war & military, Fiction, coming of age, Guerrillas, Underground movements",,"Beacon Press, Minŭmsa, Shi pao wen hua chʻu pan chʻi yeh yu hsien kung ssu, raju, Garzanti Italian",https://openlibrary.org/works/OL15348W,https://covers.openlibrary.org/b/id/676567-M.jpg,Open Library API
1947,Alla vi barn i Bullerbyn,Astrid Lindgren,3.2,5,0,"Alla vi barn i Bullerbyn Astrid Lindgren Children's fiction, Children, fiction, Family, fiction, Sweden, fiction, Przyjaźń, Rodzina, Sąsiedztwo (socjologia), Uczniowie, Cities and towns, fiction Viking Press, Oxford University Press, Egmont Childrens Books, Puffin Books, Methuen","Children's fiction, Children, fiction, Family, fiction, Sweden, fiction, Przyjaźń, Rodzina, Sąsiedztwo (socjologia), Uczniowie, Cities and towns, fiction",,"Viking Press, Oxford University Press, Egmont Childrens Books, Puffin Books, Methuen",https://openlibrary.org/works/OL14872860W,https://covers.openlibrary.org/b/id/2203363-M.jpg,Open Library API
1947,4th of July,"James Patterson, Maxine Paetro",3.75,12,0,"4th of July James Patterson, Maxine Paetro Fiction, Police, Serial murders, Trials (Police misconduct), Policewomen, Police shootings, Half Moon Bay (Calif.), Women detectives, Female friendship, California BCA, Grand Central Publishing, Warner Vision Books, Little, Brown & Co., Little, Brown and Co.","Fiction, Police, Serial murders, Trials (Police misconduct), Policewomen, Police shootings, Half Moon Bay (Calif.), Women detectives, Female friendship, California",,"BCA, Grand Central Publishing, Warner Vision Books, Little, Brown & Co., Little, Brown and Co.",https://openlibrary.org/works/OL167168W,https://covers.openlibrary.org/b/id/2786155-M.jpg,Open Library API
1947,The twenty-one balloons,"William Pène Du Bois, John McDonough",4.181818,11,0,"The twenty-one balloons William Pène Du Bois, John McDonough Ballooning, Balloons, Eruption, 1883, Fiction, Historical fiction, Hot air balloons, Inventions, Juvenile fiction, Krakatoa (Indonesia), Newbery Medal Viking Press, Live Oak Media, The Viking Press, Puffin Books, Penguin USA, Inc.","Ballooning, Balloons, Eruption, 1883, Fiction, Historical fiction, Hot air balloons, Inventions, Juvenile fiction, Krakatoa (Indonesia), Newbery Medal",,"Viking Press, Live Oak Media, The Viking Press, Puffin Books, Penguin USA, Inc.",https://openlibrary.org/works/OL5279534W,https://covers.openlibrary.org/b/id/7273786-M.jpg,Open Library API
1948,The Bell Jar,Sylvia Plath,4.223881,67,0,"The Bell Jar Sylvia Plath women college students, summer, Classics, Literature, Psychology, Feminism, Novel, Poetry, Mental Health, American Faber, Edhasa, Easton Press, Turtleback Books Distributed by Demco Media, Bt Bound","women college students, summer, Classics, Literature, Psychology, Feminism, Novel, Poetry, Mental Health, American",,"Faber, Edhasa, Easton Press, Turtleback Books Distributed by Demco Media, Bt Bound",https://openlibrary.org/works/OL1865528W,https://covers.openlibrary.org/b/id/8477115-M.jpg,Open Library API
1948,El túnel,Ernesto Sabato,4.135135,37,0,"El túnel Ernesto Sabato Spanish fiction, Spanish language, Spanish language books, Written Spanish, Modern fiction, Obsessive-compulsive disorder, Relationship addiction, Painters, Pintores, Conducta compulsiva SysPrint, FisicalBook, Ballantine Books, Emecé, Planeta","Spanish fiction, Spanish language, Spanish language books, Written Spanish, Modern fiction, Obsessive-compulsive disorder, Relationship addiction, Painters, Pintores, Conducta compulsiva",,"SysPrint, FisicalBook, Ballantine Books, Emecé, Planeta",https://openlibrary.org/works/OL617847W,https://covers.openlibrary.org/b/id/5517733-M.jpg,Open Library API
1948,人間失格,太宰 治,4.116667,120,0,"人間失格 太宰 治 Fiction, Near and far eastern fiction (fictional works by one author), Literature, Men, Comic books, strips, Anxiety, Social life and customs, Comics & graphic novels, manga, general, Youth, Suicide Estação Liberdade, China Friendship Publishing Company, Modern Press, PHP Kenkyūjo, Tuttle Publishing","Fiction, Near and far eastern fiction (fictional works by one author), Literature, Men, Comic books, strips, Anxiety, Social life and customs, Comics & graphic novels, manga, general, Youth, Suicide",,"Estação Liberdade, China Friendship Publishing Company, Modern Press, PHP Kenkyūjo, Tuttle Publishing",https://openlibrary.org/works/OL3923952W,https://covers.openlibrary.org/b/id/13190147-M.jpg,Open Library API
1948,I Capture the Castle,Dodie Smith,4.5555553,9,0,"I Capture the Castle Dodie Smith Fiction, Castles, Fiction, family life, Fiction, coming of age, Fiction, humorous, England, fiction, Fiction, romance, historical, Diary fiction, Fiction, humorous, general, Poverty Little, Brown Book Group Limited, The Audio Partners, Turtleback Books Distributed by Demco Media, Audible Studios on Brilliance Audio, A Wyatt Book for St. Martin's Press","Fiction, Castles, Fiction, family life, Fiction, coming of age, Fiction, humorous, England, fiction, Fiction, romance, historical, Diary fiction, Fiction, humorous, general, Poverty",,"Little, Brown Book Group Limited, The Audio Partners, Turtleback Books Distributed by Demco Media, Audible Studios on Brilliance Audio, A Wyatt Book for St. Martin's Press",https://openlibrary.org/works/OL1518582W,https://covers.openlibrary.org/b/id/5080686-M.jpg,Open Library API
1948,Triplanetary,"Edward E. Smith, E. E. Smith, Edward E. Smith, E E Doc Smith, Edward Elmer  Smith",3.75,8,0,"Triplanetary Edward E. Smith, E. E. Smith, Edward E. Smith, E E Doc Smith, Edward Elmer  Smith Fiction, general, Science fiction, Juvenile literature, American Science fiction, Fiction, sagas, Fiction, science fiction, space opera, Scientists, fiction, Fiction, Human-alien encounters, Space warfare Spastic Cat Press, Old Earth Books, IndyPublish, Books In Motion, Cosmos","Fiction, general, Science fiction, Juvenile literature, American Science fiction, Fiction, sagas, Fiction, science fiction, space opera, Scientists, fiction, Fiction, Human-alien encounters, Space warfare",,"Spastic Cat Press, Old Earth Books, IndyPublish, Books In Motion, Cosmos",https://openlibrary.org/works/OL2685469W,https://covers.openlibrary.org/b/id/4627686-M.jpg,Open Library API
1948,My father's dragon,Ruth Stiles Gannett,4.5,8,0,"My father's dragon Ruth Stiles Gannett Fiction, Dragons, Animals, Juvenile fiction, Children's stories, Islands, Slavery, Cats, Rescues, Accelerated Reader Collins, Buccaneer Books, Independently Published, Radom House, Kids Listen","Fiction, Dragons, Animals, Juvenile fiction, Children's stories, Islands, Slavery, Cats, Rescues, Accelerated Reader",,"Collins, Buccaneer Books, Independently Published, Radom House, Kids Listen",https://openlibrary.org/works/OL2688555W,https://covers.openlibrary.org/b/id/255052-M.jpg,Open Library API
1948,The Franchise Affair (Inspector Alan Grant #3),Josephine Tey,3.625,8,0,"The Franchise Affair (Inspector Alan Grant #3) Josephine Tey Fiction, mystery, Large type books, Kidnapping, Fiction, mystery & detective, general, England, fiction, Crime, fiction, Fiction, mystery & detective, traditional, Grant, alan, inspector (fictitious character), fiction, Great britain, fiction Nelson, Chivers Press, Sahi Kitap, Hoja de lata, Thorndike Press","Fiction, mystery, Large type books, Kidnapping, Fiction, mystery & detective, general, England, fiction, Crime, fiction, Fiction, mystery & detective, traditional, Grant, alan, inspector (fictitious character), fiction, Great britain, fiction",,"Nelson, Chivers Press, Sahi Kitap, Hoja de lata, Thorndike Press",https://openlibrary.org/works/OL80946W,https://covers.openlibrary.org/b/id/14104-M.jpg,Open Library API
1948,Blueberries for Sal,Robert McCloskey,4.25,16,0,"Blueberries for Sal Robert McCloskey Bears, Berries, Blueberries, Fiction, Juvenile fiction, Mothers, Picture books, Picture books for children, Juvenle fiction, Parent and child Tandem Library, Viking Press, Perfection Learning Prebound, Corimbo, Er shi yi shi ji chu ban she","Bears, Berries, Blueberries, Fiction, Juvenile fiction, Mothers, Picture books, Picture books for children, Juvenle fiction, Parent and child",,"Tandem Library, Viking Press, Perfection Learning Prebound, Corimbo, Er shi yi shi ji chu ban she",https://openlibrary.org/works/OL4638387W,https://covers.openlibrary.org/b/id/11307420-M.jpg,Open Library API
1948,Taken at the Flood,Agatha Christie,3.4166667,12,0,"Taken at the Flood Agatha Christie Hercule Poirot (Fictitious character), Fiction, Mystery, Large type books, Private investigators, Translations from English, German Detective and mystery stories, England, fiction, Poirot, hercule (fictitious character), fiction, Fiction, mystery & detective, traditional Yuan jing chu ban gong si, Dell, Champs-Elysees, Fontana/Collins, HarperCollins Publishers and Blackstone Audio","Hercule Poirot (Fictitious character), Fiction, Mystery, Large type books, Private investigators, Translations from English, German Detective and mystery stories, England, fiction, Poirot, hercule (fictitious character), fiction, Fiction, mystery & detective, traditional",,"Yuan jing chu ban gong si, Dell, Champs-Elysees, Fontana/Collins, HarperCollins Publishers and Blackstone Audio",https://openlibrary.org/works/OL472279W,https://covers.openlibrary.org/b/id/13670254-M.jpg,Open Library API
1948,Space Cadet,Robert A. Heinlein,4.25,8,0,"Space Cadet Robert A. Heinlein Science fiction, Juvenile fiction, American Science fiction, Space warfare, Fiction, Large type books, Guerre spatiale, Romans, nouvelles, Fiction, science fiction, general, Russian language Thorndike Press, Lübbe, ZAO TSentrpoligraf, Orb Books, Ballantine","Science fiction, Juvenile fiction, American Science fiction, Space warfare, Fiction, Large type books, Guerre spatiale, Romans, nouvelles, Fiction, science fiction, general, Russian language",,"Thorndike Press, Lübbe, ZAO TSentrpoligraf, Orb Books, Ballantine",https://openlibrary.org/works/OL59710W,https://covers.openlibrary.org/b/id/14632239-M.jpg,Open Library API
1949,Nineteen Eighty-Four,George Orwell,4.300248,403,0,"Nineteen Eighty-Four George Orwell futurology, censorship, surveillance, rebels, sting operations, historical negationism, memory holes, thoughtcrime, Outer Party, resistance movements Chiltern, ENWISE, Fark Yayınları, Penguin Books in association with Secker & Warburg, Mestas Ediciones","futurology, censorship, surveillance, rebels, sting operations, historical negationism, memory holes, thoughtcrime, Outer Party, resistance movements",,"Chiltern, ENWISE, Fark Yayınları, Penguin Books in association with Secker & Warburg, Mestas Ediciones",https://openlibrary.org/works/OL1168083W,https://covers.openlibrary.org/b/id/9267242-M.jpg,Open Library API
1949,Arabella,Georgette Heyer,4.5,14,0,"Arabella Georgette Heyer Fiction, Romance, Historical, Regency, Social life and customs, fiction, Mate selection, fiction, Inheritance and succession, fiction, Man-woman relationships, fiction Amereon Ltd, Chivers Audio Books, The Book Club, Verlag, Publicaciones y Ediciones Salamandra, S.A.","Fiction, Romance, Historical, Regency, Social life and customs, fiction, Mate selection, fiction, Inheritance and succession, fiction, Man-woman relationships, fiction",,"Amereon Ltd, Chivers Audio Books, The Book Club, Verlag, Publicaciones y Ediciones Salamandra, S.A.",https://openlibrary.org/works/OL4092683W,https://covers.openlibrary.org/b/id/75718-M.jpg,Open Library API
1949,Crooked House,Agatha Christie,4.2727275,11,0,"Crooked House Agatha Christie Mystery, Fiction, Jane Marple (Fictitious character), Large type books, Women detectives, Murder, Investigation, Detective and mystery stories, Drama, Radio plays Collins for the Crime Club, RBA LIBROS, Harpercollins, Planeta-Agostini, Fontana/Collins","Mystery, Fiction, Jane Marple (Fictitious character), Large type books, Women detectives, Murder, Investigation, Detective and mystery stories, Drama, Radio plays",,"Collins for the Crime Club, RBA LIBROS, Harpercollins, Planeta-Agostini, Fontana/Collins",https://openlibrary.org/works/OL471891W,https://covers.openlibrary.org/b/id/14570595-M.jpg,Open Library API
1949,Earth abides,George Rippey Stewart,3.95,20,0,"Earth abides George Rippey Stewart Disasters, Fiction, Plague, Fiction, general, Fiction in English, Science Fiction, Long Now Manual for Civilization, sociology, ecological novel, Fiction, science fiction, general Б. г., Houghton Mifflin Harcourt Publishing Company, Science Fiction Book Club, Gollancz, Houghton Mifflin","Disasters, Fiction, Plague, Fiction, general, Fiction in English, Science Fiction, Long Now Manual for Civilization, sociology, ecological novel, Fiction, science fiction, general",,"Б. г., Houghton Mifflin Harcourt Publishing Company, Science Fiction Book Club, Gollancz, Houghton Mifflin",https://openlibrary.org/works/OL2321336W,https://covers.openlibrary.org/b/id/8310472-M.jpg,Open Library API
1949,Farmer Giles of Ham,J.R.R. Tolkien,4.0,7,0,"Farmer Giles of Ham J.R.R. Tolkien English Fantasy fiction, Fiction, Fantasy, Fairy tales, Children's stories, Dragons, Children's fiction, Fantasy fiction, Dragons, fiction, Fiction, fantasy, general Gallimard Jeunesse, George Allen & Unwin Ltd., Houghton Mifflin (Juv), Chivers, HarperCollins Audio","English Fantasy fiction, Fiction, Fantasy, Fairy tales, Children's stories, Dragons, Children's fiction, Fantasy fiction, Dragons, fiction, Fiction, fantasy, general",,"Gallimard Jeunesse, George Allen & Unwin Ltd., Houghton Mifflin (Juv), Chivers, HarperCollins Audio",https://openlibrary.org/works/OL27517W,https://covers.openlibrary.org/b/id/9158606-M.jpg,Open Library API
1949,Red Planet,Robert A. Heinlein,3.8888888,9,0,"Red Planet Robert A. Heinlein Mars (Planet), Fiction, Science fiction, Life on other planets, Human-alien encounters, Martians, Boys, Juvenile fiction, Space colonies, Fiction, science fiction, general Blackstone Audio, Inc., Gollancz, Del Rey Books, Robert Hale, Charles Scribner's Sons","Mars (Planet), Fiction, Science fiction, Life on other planets, Human-alien encounters, Martians, Boys, Juvenile fiction, Space colonies, Fiction, science fiction, general",,"Blackstone Audio, Inc., Gollancz, Del Rey Books, Robert Hale, Charles Scribner's Sons",https://openlibrary.org/works/OL59723W,https://covers.openlibrary.org/b/id/13148670-M.jpg,Open Library API
1949,Sexus,Henry Miller,4.0,4,0,"Sexus Henry Miller Biography, New york (n.y.), fiction, American fiction (fictional works by one author), Authors, fiction, Fiction, Sexual behavior, Social conditions, Sex, Fiction, biographical, Man-woman relationships Longanesi, Flamingo, Dar Al Mada, Deutscher Bücherbund, Christian Bourgois","Biography, New york (n.y.), fiction, American fiction (fictional works by one author), Authors, fiction, Fiction, Sexual behavior, Social conditions, Sex, Fiction, biographical, Man-woman relationships",,"Longanesi, Flamingo, Dar Al Mada, Deutscher Bücherbund, Christian Bourgois",https://openlibrary.org/works/OL261865W,https://covers.openlibrary.org/b/id/13106915-M.jpg,Open Library API
1949,Upper Fourth at Malory Towers,Enid Blyton,4.25,8,0,"Upper Fourth at Malory Towers Enid Blyton Schools, fiction, Students, fiction, Children's fiction, Juvenile fiction, Boarding schools, School attendance, fiction, Boarding schools, fiction, Malory Towers (Imaginary place), Mädchen, Internat Egmont, Hodder, Atlantic Book Publishing Co, Dean, Schneider Buch","Schools, fiction, Students, fiction, Children's fiction, Juvenile fiction, Boarding schools, School attendance, fiction, Boarding schools, fiction, Malory Towers (Imaginary place), Mädchen, Internat",,"Egmont, Hodder, Atlantic Book Publishing Co, Dean, Schneider Buch",https://openlibrary.org/works/OL1948398W,https://covers.openlibrary.org/b/id/14597066-M.jpg,Open Library API
1949,Brat Farrar,Josephine Tey,4.285714,7,0,"Brat Farrar Josephine Tey Condensed books, English language, Fiction, Impersonation, Impostors and imposture, Inheritance and succession, Readers, Large type books, Fiction, mystery & detective, general, Missing persons, fiction Penguin Books, Limited, Brand: Bentley Pub, Chivers Press, Pocket Books, Pan Pb #X293","Condensed books, English language, Fiction, Impersonation, Impostors and imposture, Inheritance and succession, Readers, Large type books, Fiction, mystery & detective, general, Missing persons, fiction",,"Penguin Books, Limited, Brand: Bentley Pub, Chivers Press, Pocket Books, Pan Pb #X293",https://openlibrary.org/works/OL80945W,https://covers.openlibrary.org/b/id/425058-M.jpg,Open Library API
1949,Olivia,Dorothy Bussy,4.6666665,3,0,"Olivia Dorothy Bussy Lesbians, Fiction, Fiction, coming of age, Paris (france), fiction, Lesbians, fiction, Teachers, fiction, Teacher-student relationships, Lesbian youth, Lesbian teachers, School principals Penguin, Penguin Publishing Group, MERCURE DE FRAN, Baldini & Castoldi, Stock","Lesbians, Fiction, Fiction, coming of age, Paris (france), fiction, Lesbians, fiction, Teachers, fiction, Teacher-student relationships, Lesbian youth, Lesbian teachers, School principals",,"Penguin, Penguin Publishing Group, MERCURE DE FRAN, Baldini & Castoldi, Stock",https://openlibrary.org/works/OL3378758W,https://covers.openlibrary.org/b/id/13818430-M.jpg,Open Library API
1950,The Foundation Trilogy,Isaac Asimov,4.203125,64,0,"The Foundation Trilogy Isaac Asimov American Science fiction, Fiction, Psychohistory, Science fiction, Life on other planets, Prophecies, Fiction, science fiction, general, Abenteuer, Science-Fiction-Literatur, Weltraum Alamut, Sidgwick & Jackson, Mondadori, Doubleday & Company, Círculo de Lectores","American Science fiction, Fiction, Psychohistory, Science fiction, Life on other planets, Prophecies, Fiction, science fiction, general, Abenteuer, Science-Fiction-Literatur, Weltraum",,"Alamut, Sidgwick & Jackson, Mondadori, Doubleday & Company, Círculo de Lectores",https://openlibrary.org/works/OL46390W,https://covers.openlibrary.org/b/id/6502517-M.jpg,Open Library API
1950,The Return of the King,J.R.R. Tolkien,4.443396,106,0,"The Return of the King J.R.R. Tolkien Elves, Hobbits, The Lord of the Rings, hope, fear, magic, Fiction, Fantasy, English Fantasy fiction, Juvenile fiction Guild Publishing, Tascabili Bompiani, Algoritam, Editions Gallimard, Harper Collins","Elves, Hobbits, The Lord of the Rings, hope, fear, magic, Fiction, Fantasy, English Fantasy fiction, Juvenile fiction",,"Guild Publishing, Tascabili Bompiani, Algoritam, Editions Gallimard, Harper Collins",https://openlibrary.org/works/OL27455W,https://covers.openlibrary.org/b/id/14627062-M.jpg,Open Library API
1950,"The Lion, the Witch and the Wardrobe",C. S. Lewis,4.132231,121,0,"The Lion, the Witch and the Wardrobe C. S. Lewis the Blitz, fauns, Turkish Delight, lions, English Children's stories, Fantasy & Magic, Action & Adventure, Classics, juvenile works, English Fantasy fiction Geoffrey Bles, Media Rodzina, Harper Collins, HarperCollins Canada, Limited, HarperCollins Publishers","the Blitz, fauns, Turkish Delight, lions, English Children's stories, Fantasy & Magic, Action & Adventure, Classics, juvenile works, English Fantasy fiction",,"Geoffrey Bles, Media Rodzina, Harper Collins, HarperCollins Canada, Limited, HarperCollins Publishers",https://openlibrary.org/works/OL71037W,https://covers.openlibrary.org/b/id/8441376-M.jpg,Open Library API
1950,The Martian Chronicles,Ray Bradbury,4.093458,107,0,"The Martian Chronicles Ray Bradbury American Science fiction, Ciencia-ficción, Drama, English Language Short stories, Ficción, Fiction, Interplanetary voyages, Translations into Russian, Bibliography, Science fiction Libros del Zorro Rojo, Blackstone Pub, PlanetaLector, Jin ri shi jie she, Corgi","American Science fiction, Ciencia-ficción, Drama, English Language Short stories, Ficción, Fiction, Interplanetary voyages, Translations into Russian, Bibliography, Science fiction",,"Libros del Zorro Rojo, Blackstone Pub, PlanetaLector, Jin ri shi jie she, Corgi",https://openlibrary.org/works/OL103134W,https://covers.openlibrary.org/b/id/9346537-M.jpg,Open Library API
1950,Les Robots,Isaac Asimov,4.252747,182,0,"Les Robots Isaac Asimov smear campaigns, supercomputers, computers, Frankenstein complex, hyperspace, heisenbugs, asteroids, Shahada, space stations, space-based solar power Fiction, Voyager, Editions 84, Dennis Dobson, Arnoldo Mondadori Editore","smear campaigns, supercomputers, computers, Frankenstein complex, hyperspace, heisenbugs, asteroids, Shahada, space stations, space-based solar power",,"Fiction, Voyager, Editions 84, Dennis Dobson, Arnoldo Mondadori Editore",https://openlibrary.org/works/OL46241W,https://covers.openlibrary.org/b/id/12385229-M.jpg,Open Library API
1950,Pebble in the Sky,Isaac Asimov,4.1153846,26,0,"Pebble in the Sky Isaac Asimov Fiction in English, American Science fiction, Science fiction, Dystopias, Time travel, Fiction, Fiction, science fiction, general, Space and time, Romans, nouvelles, American Fantasy fiction Fawcett, Heyne Verlag, Mao tou ying chu ban, Sidgwick and Jackson, Grafton","Fiction in English, American Science fiction, Science fiction, Dystopias, Time travel, Fiction, Fiction, science fiction, general, Space and time, Romans, nouvelles, American Fantasy fiction",,"Fawcett, Heyne Verlag, Mao tou ying chu ban, Sidgwick and Jackson, Grafton",https://openlibrary.org/works/OL46402W,https://covers.openlibrary.org/b/id/6550102-M.jpg,Open Library API
1950,In Name Only,Roberta Leigh,3.090909,22,0,"In Name Only Roberta Leigh Fiction Falcon Press, Harlequin Books, Mills & Boon, Harlequin",Fiction,,"Falcon Press, Harlequin Books, Mills & Boon, Harlequin",https://openlibrary.org/works/OL4342659W,https://covers.openlibrary.org/b/id/8065138-M.jpg,Open Library API
1950,The Grand Sophy,Georgette Heyer,4.125,8,0,"The Grand Sophy Georgette Heyer Fiction, Romance, Historical, Regency, Social life and customs, fiction, Large type books, Great Britain, fiction, Ingles (lingua), Literatura inglesa, Literature and fiction, romance, Families, fiction, Aristocracy (Social class), fiction, Young women,  fiction Mandarin, Thorndike Press, ISIS Audio Books, Sourcebooks, Incorporated, The Book Club","Fiction, Romance, Historical, Regency, Social life and customs, fiction, Large type books, Great Britain, fiction, Ingles (lingua), Literatura inglesa, Literature and fiction, romance, Families, fiction, Aristocracy (Social class), fiction, Young women,  fiction",,"Mandarin, Thorndike Press, ISIS Audio Books, Sourcebooks, Incorporated, The Book Club",https://openlibrary.org/works/OL4092680W,https://covers.openlibrary.org/b/id/7002387-M.jpg,Open Library API
1950,Welcome to the Monkey House,Kurt Vonnegut,4.1764708,17,0,"Welcome to the Monkey House Kurt Vonnegut American Science fiction, Short stories, American, American Short stories, Fiction, Science fiction, American, Short stories, American fiction (fictional works by one author), Fiction, short stories (single author) Dial Press Trade Paperbacks, Bt Bound, Mai tian chu ban yu xian gong si, Books On Tape, The Dial Press","American Science fiction, Short stories, American, American Short stories, Fiction, Science fiction, American, Short stories, American fiction (fictional works by one author), Fiction, short stories (single author)",,"Dial Press Trade Paperbacks, Bt Bound, Mai tian chu ban yu xian gong si, Books On Tape, The Dial Press",https://openlibrary.org/works/OL98480W,https://covers.openlibrary.org/b/id/239796-M.jpg,Open Library API
1950,A Murder Is Announced,Agatha Christie,4.2272725,22,0,"A Murder Is Announced Agatha Christie Fiction, Mystery, Agatha Christie, Miss Marple, Series, British, Amateur, Detective, Classic, Literature Fontana, Collins, AudioGO, The Audio Partners, Collins for the Crime Club, Harpercollins","Fiction, Mystery, Agatha Christie, Miss Marple, Series, British, Amateur, Detective, Classic, Literature",,"Fontana, Collins, AudioGO, The Audio Partners, Collins for the Crime Club, Harpercollins",https://openlibrary.org/works/OL471771W,https://covers.openlibrary.org/b/id/14578204-M.jpg,Open Library API
1951,Foundation,Isaac Asimov,4.1070232,299,0,"Foundation Isaac Asimov Psychohistory, Open Library Staff Picks, Life on other planets, Fiction, Science Fiction, Long Now Manual for Civilization, Prophecy, Historians, Robots, Fiction, science fiction, general Doubleday Bantam, Doubleday Books, Harper. 1 Paperback(s), Turtleback Books Distributed by Demco Media, Ballantine Books","Psychohistory, Open Library Staff Picks, Life on other planets, Fiction, Science Fiction, Long Now Manual for Civilization, Prophecy, Historians, Robots, Fiction, science fiction, general",,"Doubleday Bantam, Doubleday Books, Harper. 1 Paperback(s), Turtleback Books Distributed by Demco Media, Ballantine Books",https://openlibrary.org/works/OL46125W,https://covers.openlibrary.org/b/id/14612610-M.jpg,Open Library API
1951,"The Stars, Like Dust",Isaac Asimov,3.5185184,27,0,"The Stars, Like Dust Isaac Asimov Science fiction, Space colonies, Imperialism, Manned space flight, Fiction, Fiction, science fiction, action & adventure, Fiction, science fiction, general fiction, Long Now Manual for Civilization, American Science fiction Del Rey/Ballantine Books, HarperVoyager, Ithaki Yayinlari, Blackstone Publishing, J'AI LU","Science fiction, Space colonies, Imperialism, Manned space flight, Fiction, Fiction, science fiction, action & adventure, Fiction, science fiction, general fiction, Long Now Manual for Civilization, American Science fiction",,"Del Rey/Ballantine Books, HarperVoyager, Ithaki Yayinlari, Blackstone Publishing, J'AI LU",https://openlibrary.org/works/OL46399W,https://covers.openlibrary.org/b/id/6565338-M.jpg,Open Library API
1951,Prince Caspian,C. S. Lewis,3.9285715,98,0,"Prince Caspian C. S. Lewis Fantasy, Narnia (fictional place), Princes, Juvenile fiction, Good and evil, Fiction, Ships, Juvenile, Fairy tales, Fantasy fiction Unknown Publisher, Media Rodzina, Collier Books, A. Betz, Index","Fantasy, Narnia (fictional place), Princes, Juvenile fiction, Good and evil, Fiction, Ships, Juvenile, Fairy tales, Fantasy fiction",,"Unknown Publisher, Media Rodzina, Collier Books, A. Betz, Index",https://openlibrary.org/works/OL71069W,https://covers.openlibrary.org/b/id/45897-M.jpg,Open Library API
1951,The Day of the Triffids,"John Wyndham, Marcel Battin, Cover by Andy Bridge",4.0487804,41,0,"The Day of the Triffids John Wyndham, Marcel Battin, Cover by Andy Bridge Blind, English Fantasy fiction, Translations into Russian, Science Fiction & Fantasy, Horror, Fiction in English, Fiction, Meteorites, Science fiction, Fantasy fiction, English AST, Fawcett, ""Sudostroenie"", The Easton Press, Penguin Classic","Blind, English Fantasy fiction, Translations into Russian, Science Fiction & Fantasy, Horror, Fiction in English, Fiction, Meteorites, Science fiction, Fantasy fiction, English",,"AST, Fawcett, ""Sudostroenie"", The Easton Press, Penguin Classic",https://openlibrary.org/works/OL1911336W,https://covers.openlibrary.org/b/id/535027-M.jpg,Open Library API
1951,The Illustrated Man,Ray Bradbury,4.1025643,39,0,"The Illustrated Man Ray Bradbury American Science fiction, Science fiction, English Short stories, Tattooing, Magic, Storytelling, American Fantasy fiction, American Horror stories, Fiction, Prejudice Booket, Panther Books, Voyager, Perfection Learning Prebound, Panther","American Science fiction, Science fiction, English Short stories, Tattooing, Magic, Storytelling, American Fantasy fiction, American Horror stories, Fiction, Prejudice",,"Booket, Panther Books, Voyager, Perfection Learning Prebound, Panther",https://openlibrary.org/works/OL103128W,https://covers.openlibrary.org/b/id/9345484-M.jpg,Open Library API
1951,Mrs. McGinty's Dead,Agatha Christie,3.5555556,9,0,"Mrs. McGinty's Dead Agatha Christie Fiction, Hercule Poirot (Fictitious character), Private investigators, Detective and mystery stories, English Detective and mystery stories, Mystery, Large type books, Fiction, mystery & detective, general, Private investigators, fiction, Poirot, hercule (fictitious character), fiction Yuan jing chu ban gong si, Collins for the Crime Club, AudioGO Ltd., Harpercollins, Harper Collins","Fiction, Hercule Poirot (Fictitious character), Private investigators, Detective and mystery stories, English Detective and mystery stories, Mystery, Large type books, Fiction, mystery & detective, general, Private investigators, fiction, Poirot, hercule (fictitious character), fiction",,"Yuan jing chu ban gong si, Collins for the Crime Club, AudioGO Ltd., Harpercollins, Harper Collins",https://openlibrary.org/works/OL472044W,https://covers.openlibrary.org/b/id/10249324-M.jpg,Open Library API
1951,The Demolished Man,Alfred Bester,3.7619047,21,0,"The Demolished Man Alfred Bester American Science fiction, Hugo Award Winner, award:hugo_award=1953, award:hugo_award=novel, Fiction, science fiction, general, Science fiction, Businessmen, Fiction Science Fiction Book Club, Sidgwick & Jackson, Pocket Books, Literary Licensing, LLC, Garland Pub.","American Science fiction, Hugo Award Winner, award:hugo_award=1953, award:hugo_award=novel, Fiction, science fiction, general, Science fiction, Businessmen, Fiction",,"Science Fiction Book Club, Sidgwick & Jackson, Pocket Books, Literary Licensing, LLC, Garland Pub.",https://openlibrary.org/works/OL16027965W,https://covers.openlibrary.org/b/id/6874573-M.jpg,Open Library API
1951,The Quiet Gentleman,Georgette Heyer,4.571429,7,0,"The Quiet Gentleman Georgette Heyer Fiction, Romance, Historical, Regency, Large print books, Triangles (Interpersonal relations), fiction, Brothers, fiction, Aristocracy (Social class), fiction, England, fiction, Family life, fiction, Man-woman relationships, fiction Sourcebooks, Incorporated, Pan, Chivers Audio Books, William Heinemann, Thorndike Press","Fiction, Romance, Historical, Regency, Large print books, Triangles (Interpersonal relations), fiction, Brothers, fiction, Aristocracy (Social class), fiction, England, fiction, Family life, fiction, Man-woman relationships, fiction",,"Sourcebooks, Incorporated, Pan, Chivers Audio Books, William Heinemann, Thorndike Press",https://openlibrary.org/works/OL4092684W,https://covers.openlibrary.org/b/id/7002404-M.jpg,Open Library API
1951,The Daughter of Time,Josephine Tey,3.4444444,9,0,"The Daughter of Time Josephine Tey Alan Grant (Fictitious character), Fiction, Police, Kings and rulers, History, Hospitals, Polia, Large type books, Detective and mystery stories, Libel and slander Mandarin, Scribner, Macmillan Collector's Library, Berkley Publishing, Buccaneer Books","Alan Grant (Fictitious character), Fiction, Police, Kings and rulers, History, Hospitals, Polia, Large type books, Detective and mystery stories, Libel and slander",,"Mandarin, Scribner, Macmillan Collector's Library, Berkley Publishing, Buccaneer Books",https://openlibrary.org/works/OL80947W,https://covers.openlibrary.org/b/id/6485299-M.jpg,Open Library API
1951,Three by Heinlein,Robert A. Heinlein,3.5454545,11,0,"Three by Heinlein Robert A. Heinlein American Science fiction DENOEL, Doubleday, AG Kult, Masadah, New English Library",American Science fiction,,"DENOEL, Doubleday, AG Kult, Masadah, New English Library",https://openlibrary.org/works/OL59699W,https://covers.openlibrary.org/b/id/14631502-M.jpg,Open Library API
1952,Charlotte's Web,E. B. White,4.031401,414,0,"Charlotte's Web E. B. White Farm life, Animals, Juvenile fiction, Domestic animals, Fantasy, Spiders, Fiction, Friendship, Swine, juvenile works Editorial Noguer, Lian jing chu ban shi ye gu fen you xian gong si, (Oliver & Boyd), Hōsei Daigaku Shuppankyoku, Lectorum Publications","Farm life, Animals, Juvenile fiction, Domestic animals, Fantasy, Spiders, Fiction, Friendship, Swine, juvenile works",,"Editorial Noguer, Lian jing chu ban shi ye gu fen you xian gong si, (Oliver & Boyd), Hōsei Daigaku Shuppankyoku, Lectorum Publications",https://openlibrary.org/works/OL483391W,https://covers.openlibrary.org/b/id/8461797-M.jpg,Open Library API
1952,Player Piano,Kurt Vonnegut,3.7586207,29,0,"Player Piano Kurt Vonnegut Fiction, Classic Literature, Mystery, Science Fiction & Fantasy, Utopias, Computers, Science fiction, Machinery, Engineers, Long Now Manual for Civilization Science Fiction Book Club, Caterman., Avon Books, Wilhelm Heyne, Dell Publishing Co.","Fiction, Classic Literature, Mystery, Science Fiction & Fantasy, Utopias, Computers, Science fiction, Machinery, Engineers, Long Now Manual for Civilization",,"Science Fiction Book Club, Caterman., Avon Books, Wilhelm Heyne, Dell Publishing Co.",https://openlibrary.org/works/OL98484W,https://covers.openlibrary.org/b/id/280246-M.jpg,Open Library API
1952,The Old Man and the Sea,Ernest Hemingway,3.8991227,228,0,"The Old Man and the Sea Ernest Hemingway American Sea stories, Male friendship, Fishers, Fiction, Ameriška književnost, American fiction, Ancianos, Open Library Staff Picks, Fishing stories, Pescadores Scribner?, G K Hall & Co, Foreign Languages Pub. House, Rowohlt, Reinbek, Penguin Books, Limited","American Sea stories, Male friendship, Fishers, Fiction, Ameriška književnost, American fiction, Ancianos, Open Library Staff Picks, Fishing stories, Pescadores",,"Scribner?, G K Hall & Co, Foreign Languages Pub. House, Rowohlt, Reinbek, Penguin Books, Limited",https://openlibrary.org/works/OL63073W,https://covers.openlibrary.org/b/id/463307-M.jpg,Open Library API
1952,The Price of Salt,Patricia Highsmith,4.5555553,27,0,"The Price of Salt Patricia Highsmith collectionID:Sleazy_pulp, Fiction, Lesbians, Lesbian romance novel, Lesbian love story, Divorce, Child custody, Road trip, Fiction, action & adventure, Social conditions Little, Brown Book Group Limited, Macfadden-Bartell Corp., Can Yayinlari, Tascabili Bompiani, Naiad Press","collectionID:Sleazy_pulp, Fiction, Lesbians, Lesbian romance novel, Lesbian love story, Divorce, Child custody, Road trip, Fiction, action & adventure, Social conditions",,"Little, Brown Book Group Limited, Macfadden-Bartell Corp., Can Yayinlari, Tascabili Bompiani, Naiad Press",https://openlibrary.org/works/OL59448W,https://covers.openlibrary.org/b/id/250778-M.jpg,Open Library API
1952,The Currents of Space,Isaac Asimov,3.8,15,0,"The Currents of Space Isaac Asimov Science fiction, Fiction, science fiction, general, sci-fi, science, space, currents, American Science fiction, Life on other planets, Fiction, Conformity Librairie Des Champs-Elysees/Le Masque Science Fiction, New American Library, Doubleday & Company, Raincoast, Signet","Science fiction, Fiction, science fiction, general, sci-fi, science, space, currents, American Science fiction, Life on other planets, Fiction, Conformity",,"Librairie Des Champs-Elysees/Le Masque Science Fiction, New American Library, Doubleday & Company, Raincoast, Signet",https://openlibrary.org/works/OL46385W,https://covers.openlibrary.org/b/id/14616014-M.jpg,Open Library API
1952,They Do It with Mirrors,Agatha Christie,4.3333335,9,0,"They Do It with Mirrors Agatha Christie Fiction, Jane Marple (Fictitious character), Women detectives, Detective and mystery stories, Mystery, Marple, jane (fictitious character), fiction, England, fiction, Fiction, mystery & detective, general, English literature, Fiction, mystery & detective, traditional The Audio Partners, Al-Ajyal, Harpercollins, Bantam Books, Inc., HARPER COLLINS 0 PUB","Fiction, Jane Marple (Fictitious character), Women detectives, Detective and mystery stories, Mystery, Marple, jane (fictitious character), fiction, England, fiction, Fiction, mystery & detective, general, English literature, Fiction, mystery & detective, traditional",,"The Audio Partners, Al-Ajyal, Harpercollins, Bantam Books, Inc., HARPER COLLINS 0 PUB",https://openlibrary.org/works/OL471871W,https://covers.openlibrary.org/b/id/10249524-M.jpg,Open Library API
1952,Invisible Man,Ralph Ellison,4.0526314,19,0,"Invisible Man Ralph Ellison Fiction, African American men, African Americans, Race relations, National Book Award Winner, award:national_book_award=1953, award:national_book_award=fiction, open_syllabus_project, Long Now Manual for Civilization, Social conditions Vintage Books, Knopf Doubleday Publishing Group, Penguin Random House Grupo Editorial, Independently Published, Modern Library","Fiction, African American men, African Americans, Race relations, National Book Award Winner, award:national_book_award=1953, award:national_book_award=fiction, open_syllabus_project, Long Now Manual for Civilization, Social conditions",,"Vintage Books, Knopf Doubleday Publishing Group, Penguin Random House Grupo Editorial, Independently Published, Modern Library",https://openlibrary.org/works/OL495470W,https://covers.openlibrary.org/b/id/998256-M.jpg,Open Library API
1952,Go Tell It on the Mountain,James Baldwin,3.6153846,13,0,"Go Tell It on the Mountain James Baldwin African americans, fiction, American fiction (fictional works by one author), Fiction, general, African American families, Racism, Fiction, Religion, African American men, African Americans, Blind, books and reading Dial Press Trade Paperback, A Signet Book/The New American Library, Signet 1138, Dial Press Trade Paperbacks, Dell Pub.","African americans, fiction, American fiction (fictional works by one author), Fiction, general, African American families, Racism, Fiction, Religion, African American men, African Americans, Blind, books and reading",,"Dial Press Trade Paperback, A Signet Book/The New American Library, Signet 1138, Dial Press Trade Paperbacks, Dell Pub.",https://openlibrary.org/works/OL228705W,https://covers.openlibrary.org/b/id/97426-M.jpg,Open Library API
1952,The Space Merchants,"Frederik Pohl, Cyril M. Kornbluth",4.714286,7,0,"The Space Merchants Frederik Pohl, Cyril M. Kornbluth Science fiction, consumerism, overpopulation, terraformation, shanghaiing, fiction, Fiction, science fiction, general Penguin, Ballantine Books, St. Martin's Press, Goodchild, Orion Publishing Group, Limited","Science fiction, consumerism, overpopulation, terraformation, shanghaiing, fiction, Fiction, science fiction, general",,"Penguin, Ballantine Books, St. Martin's Press, Goodchild, Orion Publishing Group, Limited",https://openlibrary.org/works/OL60943W,https://covers.openlibrary.org/b/id/8405532-M.jpg,Open Library API
1952,Childhood’s End,Arthur C. Clarke,3.9230769,26,0,"Childhood’s End Arthur C. Clarke Human-alien encounters, Fiction, Science fiction, Long Now Manual for Civilization, Human evolution, Fiction, science fiction, general, Human-Alien encounter, Reading Level-Grade 7, Reading Level-Grade 9, Reading Level-Grade 8 Audible, Editora Aleph, Minotauro, Ballantine Books, MINOTAURO","Human-alien encounters, Fiction, Science fiction, Long Now Manual for Civilization, Human evolution, Fiction, science fiction, general, Human-Alien encounter, Reading Level-Grade 7, Reading Level-Grade 9, Reading Level-Grade 8",,"Audible, Editora Aleph, Minotauro, Ballantine Books, MINOTAURO",https://openlibrary.org/works/OL17415W,https://covers.openlibrary.org/b/id/210200-M.jpg,Open Library API
1953,The Caves of Steel,Isaac Asimov,4.3076925,26,0,"The Caves of Steel Isaac Asimov Robots, Fiction, Fiction, science fiction, hard science fiction, Fiction, mystery & detective, general, Interplanetary voyages, Murder, American literature, American Science fiction, Science fiction, Overpopulation Bantam Books, Science Fiction Book Club, Easton Press, Tandem Library, Tian di chu ban she","Robots, Fiction, Fiction, science fiction, hard science fiction, Fiction, mystery & detective, general, Interplanetary voyages, Murder, American literature, American Science fiction, Science fiction, Overpopulation",,"Bantam Books, Science Fiction Book Club, Easton Press, Tandem Library, Tian di chu ban she",https://openlibrary.org/works/OL46401W,https://covers.openlibrary.org/b/id/13790511-M.jpg,Open Library API
1953,Fahrenheit 451,Ray Bradbury,3.983908,435,0,"Fahrenheit 451 Ray Bradbury Mechanical Hound, girl next door, Long Now Manual for Civilization, Terrorismo estatal, Censura, Novela, Totalitarismo, science fiction, political fiction, satire Collins Educational, Laguna, Txalaparta, S.L., Del Rey, κδόσεις Γρηγόρη","Mechanical Hound, girl next door, Long Now Manual for Civilization, Terrorismo estatal, Censura, Novela, Totalitarismo, science fiction, political fiction, satire",,"Collins Educational, Laguna, Txalaparta, S.L., Del Rey, κδόσεις Γρηγόρη",https://openlibrary.org/works/OL103123W,https://covers.openlibrary.org/b/id/12993656-M.jpg,Open Library API
1953,After the Funeral,Agatha Christie,4.1764708,17,0,"After the Funeral Agatha Christie Fiction, Mystery, Hercule Poirot (Fictitious character), Private investigators, Belgians, Mystery and detective stories, England, fiction, Fiction, mystery & detective, traditional, Private investigators, fiction, Belgium, fiction Harpercollins, Bantam Books, Inc., Columna CAT, HarperCollins Publishers and Blackstone Audio, Molino","Fiction, Mystery, Hercule Poirot (Fictitious character), Private investigators, Belgians, Mystery and detective stories, England, fiction, Fiction, mystery & detective, traditional, Private investigators, fiction, Belgium, fiction",,"Harpercollins, Bantam Books, Inc., Columna CAT, HarperCollins Publishers and Blackstone Audio, Molino",https://openlibrary.org/works/OL471943W,https://covers.openlibrary.org/b/id/12996535-M.jpg,Open Library API
1953,The Silver Chair,C. S. Lewis,4.0,31,0,"The Silver Chair C. S. Lewis Fiction, Juvenile Fiction, Science Fiction & Fantasy, Children: Grades 2-3, Imaginary Voyages, Magic, Princes, Fantasy fiction, Children's stories, English, Captives Unknown Publisher, ABC-CLIO Ltd, Media Rodzina, Collier Books, Diamond books","Fiction, Juvenile Fiction, Science Fiction & Fantasy, Children: Grades 2-3, Imaginary Voyages, Magic, Princes, Fantasy fiction, Children's stories, English, Captives",,"Unknown Publisher, ABC-CLIO Ltd, Media Rodzina, Collier Books, Diamond books",https://openlibrary.org/works/OL71078W,https://covers.openlibrary.org/b/id/6950992-M.jpg,Open Library API
1953,Casino Royale,Ian Fleming,3.65,40,0,"Casino Royale Ian Fleming British, Fiction, Fiction in English, Intelligence officers, Secret service, Bond, James (Fictitious character) -- Fiction, Intelligence service, Fiction, thrillers, espionage, Bond, james (fictitious character), fiction, Spy stories Reef Audio, New American Library, Blackstone Audiobooks, Signet Books, Coronet","British, Fiction, Fiction in English, Intelligence officers, Secret service, Bond, James (Fictitious character) -- Fiction, Intelligence service, Fiction, thrillers, espionage, Bond, james (fictitious character), fiction, Spy stories",,"Reef Audio, New American Library, Blackstone Audiobooks, Signet Books, Coronet",https://openlibrary.org/works/OL85753W,https://covers.openlibrary.org/b/id/5540820-M.jpg,Open Library API
1953,Second Foundation,Isaac Asimov,4.367647,136,0,"Second Foundation Isaac Asimov Fiction, Psychohistory, Life on other planets, Science fiction, Fiction, science fiction, general, American literature, Psychological fiction, Vie extraterrestre, Romans, nouvelles, Psychohistoire Plaza & Janés, Ballantine Books, Mondadori, Penguin Random House, Gnome Press","Fiction, Psychohistory, Life on other planets, Science fiction, Fiction, science fiction, general, American literature, Psychological fiction, Vie extraterrestre, Romans, nouvelles, Psychohistoire",,"Plaza & Janés, Ballantine Books, Mondadori, Penguin Random House, Gnome Press",https://openlibrary.org/works/OL46309W,https://covers.openlibrary.org/b/id/9261324-M.jpg,Open Library API
1953,The First Four Years,Laura Ingalls Wilder,3.6666667,18,0,"The First Four Years Laura Ingalls Wilder Juvenile nonfiction, Frontier and pioneer life, Family life, Juvenile fiction, Fiction, Children's stories, Children's fiction, South dakota, fiction, Frontier and pioneer life, fiction, Farm life, fiction HarperCollins Publishers, Scholastic, HarperCollins Publishers Limited, Independently Published, Editions du Chat perché : Flammarion","Juvenile nonfiction, Frontier and pioneer life, Family life, Juvenile fiction, Fiction, Children's stories, Children's fiction, South dakota, fiction, Frontier and pioneer life, fiction, Farm life, fiction",,"HarperCollins Publishers, Scholastic, HarperCollins Publishers Limited, Independently Published, Editions du Chat perché : Flammarion",https://openlibrary.org/works/OL1719798W,https://covers.openlibrary.org/b/id/30796-M.jpg,Open Library API
1953,Junky,"William S. Burroughs, Oliver Harris",3.909091,22,0,"Junky William S. Burroughs, Oliver Harris Drug addicts, Heroin abuse, Fiction, Drug use, Homosexuals in Fiction, Biography, Continental european fiction (fictional works by one author), Drug abuse, Fiction in English, Heroin Altikirkbes, Bruce & Watson, New English Library, Pierre Belfond, Bruguera","Drug addicts, Heroin abuse, Fiction, Drug use, Homosexuals in Fiction, Biography, Continental european fiction (fictional works by one author), Drug abuse, Fiction in English, Heroin",,"Altikirkbes, Bruce & Watson, New English Library, Pierre Belfond, Bruguera",https://openlibrary.org/works/OL258131W,https://covers.openlibrary.org/b/id/109160-M.jpg,Open Library API
1953,A Pocket Full of Rye,Agatha Christie,4.3846154,13,0,"A Pocket Full of Rye Agatha Christie Ficción, Fiction, Jane Marple (Fictitious character), Marple, Jane (Personaje literario), Novela de misterio, Women detectives, English Detective and mystery stories, Large type books, Murder, Investigation Scherz, Yüan jing chu ban shi yeh gong si, Livre de Poche, Ulverscroft, Pocket Book","Ficción, Fiction, Jane Marple (Fictitious character), Marple, Jane (Personaje literario), Novela de misterio, Women detectives, English Detective and mystery stories, Large type books, Murder, Investigation",,"Scherz, Yüan jing chu ban shi yeh gong si, Livre de Poche, Ulverscroft, Pocket Book",https://openlibrary.org/works/OL472619W,https://covers.openlibrary.org/b/id/14591386-M.jpg,Open Library API
1953,A Kiss Before Dying,Ira Levin,3.2,5,0,"A Kiss Before Dying Ira Levin Serial murders in fiction, Detective and mystery stories, Fiction, Fiction, mystery & detective, general, Fiction, crime, Serial murders, Fiction, psychological, Crime, fiction, Fiction, suspense, Pregnancy, fiction Pegasus Books, Little, Brown Book Group Limited, Goldmann Verlag, New American Library, Simon and Schuster","Serial murders in fiction, Detective and mystery stories, Fiction, Fiction, mystery & detective, general, Fiction, crime, Serial murders, Fiction, psychological, Crime, fiction, Fiction, suspense, Pregnancy, fiction",,"Pegasus Books, Little, Brown Book Group Limited, Goldmann Verlag, New American Library, Simon and Schuster",https://openlibrary.org/works/OL28321W,https://covers.openlibrary.org/b/id/9294500-M.jpg,Open Library API
1954,The Fellowship of the Ring,J.R.R. Tolkien,4.352941,391,0,"The Fellowship of the Ring J.R.R. Tolkien Elves, Dwarves, evil, fear, hope, young adult fiction, Ficción, Ficción fantástica inglesa, Fantastic fiction, The Lord of the Rings Lian jing chu ban shi ye gu fen you xian gong si, The Random House Publishing Group, Klett-Cotta, Planeta Colombiana Editorial, Trabe","Elves, Dwarves, evil, fear, hope, young adult fiction, Ficción, Ficción fantástica inglesa, Fantastic fiction, The Lord of the Rings",,"Lian jing chu ban shi ye gu fen you xian gong si, The Random House Publishing Group, Klett-Cotta, Planeta Colombiana Editorial, Trabe",https://openlibrary.org/works/OL27513W,https://covers.openlibrary.org/b/id/14627060-M.jpg,Open Library API
1954,The Naked Sun,Isaac Asimov,3.9545455,22,0,"The Naked Sun Isaac Asimov Fiction, Science fiction, Robots, Robots in fiction, Fiction, science fiction, hard science fiction, Fiction, mystery & detective, general, American literature, Fiction, science fiction, general, American Science fiction, Murder Ediciones Roca, LANCER BOOKS INC, J'ai lu / Science-fiction, MLBD, Heyne Verlag","Fiction, Science fiction, Robots, Robots in fiction, Fiction, science fiction, hard science fiction, Fiction, mystery & detective, general, American literature, Fiction, science fiction, general, American Science fiction, Murder",,"Ediciones Roca, LANCER BOOKS INC, J'ai lu / Science-fiction, MLBD, Heyne Verlag",https://openlibrary.org/works/OL46398W,https://covers.openlibrary.org/b/id/6542967-M.jpg,Open Library API
1954,I am Legend,Richard Matheson,4.2083335,24,0,"I am Legend Richard Matheson Fiction, horror, Fiction, science fiction, general, Vampires, fiction, Vampires, Fiction, Epidemics, Human experimentation in medicine, Zombies, Romans, nouvelles, American Science fiction Éditions Denoël, Mondadori, Folio, RosettaBooks, Brand: Booket","Fiction, horror, Fiction, science fiction, general, Vampires, fiction, Vampires, Fiction, Epidemics, Human experimentation in medicine, Zombies, Romans, nouvelles, American Science fiction",,"Éditions Denoël, Mondadori, Folio, RosettaBooks, Brand: Booket",https://openlibrary.org/works/OL11374287W,https://covers.openlibrary.org/b/id/911109-M.jpg,Open Library API
1954,The Horse and His Boy,C. S. Lewis,3.9135802,81,0,"The Horse and His Boy C. S. Lewis Fantasy, Children's fiction, Allegory, Aventures, Magie, Frères et soeurs, Roman pour la jeunesse, Chevaux, Narnia (Lieu imaginaire), Romans, nouvelles, etc. pour la jeunesse Unknown Publisher, Geoffrey Bles, Media Rodzina, Editions Gallimard, Harper Collins","Fantasy, Children's fiction, Allegory, Aventures, Magie, Frères et soeurs, Roman pour la jeunesse, Chevaux, Narnia (Lieu imaginaire), Romans, nouvelles, etc. pour la jeunesse",,"Unknown Publisher, Geoffrey Bles, Media Rodzina, Editions Gallimard, Harper Collins",https://openlibrary.org/works/OL71058W,https://covers.openlibrary.org/b/id/9184792-M.jpg,Open Library API
1954,The Lord of the Rings,J.R.R. Tolkien,4.4814816,108,0,"The Lord of the Rings J.R.R. Tolkien The Lord of the Rings, Fiction, Ficción, English Fantasy fiction, Ficción fantástica inglesa, Fantasy fiction, Open Library Staff Picks, Middle Earth (Imaginary place), Fiction, fantasy, epic, Middle earth (imaginary place), fiction Guild Publishing, Harper Collins, Ballantine Books, HarperCollins Canada, Limited, Gallimard","The Lord of the Rings, Fiction, Ficción, English Fantasy fiction, Ficción fantástica inglesa, Fantasy fiction, Open Library Staff Picks, Middle Earth (Imaginary place), Fiction, fantasy, epic, Middle earth (imaginary place), fiction",,"Guild Publishing, Harper Collins, Ballantine Books, HarperCollins Canada, Limited, Gallimard",https://openlibrary.org/works/OL27448W,https://covers.openlibrary.org/b/id/14625765-M.jpg,Open Library API
1954,The Two Towers,J.R.R. Tolkien,4.3656387,227,0,"The Two Towers J.R.R. Tolkien Ents, Orcs, hobbits, magic, Ficción fantástica inglesa, Ficción, translations into Spanish, readers for new literates, The Lord of the Rings, English Fantasy fiction BALLANTINE BOOKS @, Klett-Cotta, Planeta Colombiana Editorial, Bard, Texto Online","Ents, Orcs, hobbits, magic, Ficción fantástica inglesa, Ficción, translations into Spanish, readers for new literates, The Lord of the Rings, English Fantasy fiction",,"BALLANTINE BOOKS @, Klett-Cotta, Planeta Colombiana Editorial, Bard, Texto Online",https://openlibrary.org/works/OL27479W,https://covers.openlibrary.org/b/id/14627564-M.jpg,Open Library API
1954,Lord of the Flies,William Golding,3.6735752,386,0,"Lord of the Flies William Golding fiction, relationships, adventure, morality, survival, childhood, children, boys, ethics, castaway Berkley Publishing Group, Lythway P., Kai jin wen hua shi yeh gong si, Planeta DeAgostini, Círculo de Lectores","fiction, relationships, adventure, morality, survival, childhood, children, boys, ethics, castaway",,"Berkley Publishing Group, Lythway P., Kai jin wen hua shi yeh gong si, Planeta DeAgostini, Círculo de Lectores",https://openlibrary.org/works/OL455327W,https://covers.openlibrary.org/b/id/8684447-M.jpg,Open Library API
1954,Alanna,Tamora Pierce,4.3333335,42,0,"Alanna Tamora Pierce Fiction, Song of the Lioness, Tortall, Knights and knighthood, Sex role, Knights and knighthood in fiction, Sex role in fiction, Alanna (Fictitious character : Pierce), Juvenile fiction, Fantasy fiction Turtleback Books, Borzoi Sprinters, Arena, Random House, Atheneum Books for Young Readers","Fiction, Song of the Lioness, Tortall, Knights and knighthood, Sex role, Knights and knighthood in fiction, Sex role in fiction, Alanna (Fictitious character : Pierce), Juvenile fiction, Fantasy fiction",,"Turtleback Books, Borzoi Sprinters, Arena, Random House, Atheneum Books for Young Readers",https://openlibrary.org/works/OL29286W,https://covers.openlibrary.org/b/id/9256278-M.jpg,Open Library API
1954,Live and let die,Ian Fleming,3.5333333,15,0,"Live and let die Ian Fleming British, Fiction, Fiction in English, Intelligence officers, James Bond (Fictitious character), Intelligence service, Fiction, espionage, Bond, james (fictitious character), fiction, Large type books, Fiction, thrillers, espionage Signet / NAL, Ian Fleming Publications, Ltd. and Blackstone Audio, Penguin Random House, MJF Books, Lao Dong","British, Fiction, Fiction in English, Intelligence officers, James Bond (Fictitious character), Intelligence service, Fiction, espionage, Bond, james (fictitious character), fiction, Large type books, Fiction, thrillers, espionage",,"Signet / NAL, Ian Fleming Publications, Ltd. and Blackstone Audio, Penguin Random House, MJF Books, Lao Dong",https://openlibrary.org/works/OL85746W,https://covers.openlibrary.org/b/id/109570-M.jpg,Open Library API
1954,The Toll-Gate,Georgette Heyer,4.25,8,0,"The Toll-Gate Georgette Heyer Fiction, Romance, Historical, Regency, Great Britain, fiction, England, fiction, Social life and customs, fiction, England in fiction, Love stories, English fiction, Fiction, religious, Chicago (ill.), fiction, Large print books Harpercollins (Mm), Dtv, Mandarin, W. Heinemann, PAN","Fiction, Romance, Historical, Regency, Great Britain, fiction, England, fiction, Social life and customs, fiction, England in fiction, Love stories, English fiction, Fiction, religious, Chicago (ill.), fiction, Large print books",,"Harpercollins (Mm), Dtv, Mandarin, W. Heinemann, PAN",https://openlibrary.org/works/OL4092608W,https://covers.openlibrary.org/b/id/76224-M.jpg,Open Library API
1955,The Magician's Nephew,C. S. Lewis,4.0185184,108,0,"The Magician's Nephew C. S. Lewis Fantasy, Juvenile fiction, Cartoons and comics, Fiction, Fairy tales, Narnia (Imaginary place), Reading list, Magic, Romance norte americano, Fantasy fiction Media Rodzina, Harper Collins, HarperCollins Canada, Limited, HarperCollins Publishers, Simon & Schuster Children's Publishing","Fantasy, Juvenile fiction, Cartoons and comics, Fiction, Fairy tales, Narnia (Imaginary place), Reading list, Magic, Romance norte americano, Fantasy fiction",,"Media Rodzina, Harper Collins, HarperCollins Canada, Limited, HarperCollins Publishers, Simon & Schuster Children's Publishing",https://openlibrary.org/works/OL71042W,https://covers.openlibrary.org/b/id/1072931-M.jpg,Open Library API
1955,The End of Eternity,Isaac Asimov,4.352941,17,0,"The End of Eternity Isaac Asimov Time travel, Fiction, Fiction in English, Science fiction, Fiction, science fiction, general, Large type books, Science-fiction, American Science fiction, Themes, Alternate history Ballantine Books, Martínez Roca, Fawcett,  Orbis, Mondadori","Time travel, Fiction, Fiction in English, Science fiction, Fiction, science fiction, general, Large type books, Science-fiction, American Science fiction, Themes, Alternate history",,"Ballantine Books, Martínez Roca, Fawcett,  Orbis, Mondadori",https://openlibrary.org/works/OL46108W,https://covers.openlibrary.org/b/id/6622699-M.jpg,Open Library API
1955,Harold and the Purple Crayon,Crockett Johnson,4.4210525,19,0,"Harold and the Purple Crayon Crockett Johnson Animals, Children's Books/Baby-Preschool, Fiction, Fantasy, Crayon drawing, Crayons, Spanish language materials, Crayones, Juvenile fiction, Ficción juvenil Harper & Row, Bloomsbury Publishing PLC, HarperFestival, Santillana Ediciones, Alfaguara","Animals, Children's Books/Baby-Preschool, Fiction, Fantasy, Crayon drawing, Crayons, Spanish language materials, Crayones, Juvenile fiction, Ficción juvenil",,"Harper & Row, Bloomsbury Publishing PLC, HarperFestival, Santillana Ediciones, Alfaguara",https://openlibrary.org/works/OL3544186W,https://covers.openlibrary.org/b/id/50758-M.jpg,Open Library API
1955,Tunnel in the sky,Robert A. Heinlein,4.181818,11,0,"Tunnel in the sky Robert A. Heinlein society, Survival, political, Interplanetary voyages, Fiction, Science fiction, adventure, space travel, Juvenile fiction, Long Now Manual for Civilization Ballantine Books (Mm), Pocket Books, Pan, The Crowood Press, Robert Hale Ltd","society, Survival, political, Interplanetary voyages, Fiction, Science fiction, adventure, space travel, Juvenile fiction, Long Now Manual for Civilization",,"Ballantine Books (Mm), Pocket Books, Pan, The Crowood Press, Robert Hale Ltd",https://openlibrary.org/works/OL59712W,https://covers.openlibrary.org/b/id/14630892-M.jpg,Open Library API
1955,The Chrysalids,John Wyndham,4.3333335,9,0,"The Chrysalids John Wyndham Fiction, Science Fiction, Post-Apocolyptic Life, Mutation (Biology), Telepathy, FICTION / Dystopian, FICTION / Science Fiction / Apocalyptic & Post-Apocalyptic, Fiction, science fiction, general, Fiction, general, Science fiction, fantasy, horror Nelson Thornes Ltd, Penguin Books in association with Joseph, New York Review Books, Penguin Books, Limited (UK), Charnwood","Fiction, Science Fiction, Post-Apocolyptic Life, Mutation (Biology), Telepathy, FICTION / Dystopian, FICTION / Science Fiction / Apocalyptic & Post-Apocalyptic, Fiction, science fiction, general, Fiction, general, Science fiction, fantasy, horror",,"Nelson Thornes Ltd, Penguin Books in association with Joseph, New York Review Books, Penguin Books, Limited (UK), Charnwood",https://openlibrary.org/works/OL1911334W,https://covers.openlibrary.org/b/id/6669244-M.jpg,Open Library API
1955,Pedro Páramo,Juan Rulfo,4.137931,29,0,"Pedro Páramo Juan Rulfo Ficción, Fiction, Readers, Spanish language, Translations into Irish, Jalisco (México), Peasants, Campesinos, Fiction, family life, Mexico, fiction Pataki, Plaza & Janes Editories Sa, Editorial Rm Rio Panuko, Suhrkamp, Ediciones Cátedra","Ficción, Fiction, Readers, Spanish language, Translations into Irish, Jalisco (México), Peasants, Campesinos, Fiction, family life, Mexico, fiction",,"Pataki, Plaza & Janes Editories Sa, Editorial Rm Rio Panuko, Suhrkamp, Ediciones Cátedra",https://openlibrary.org/works/OL1731119W,https://covers.openlibrary.org/b/id/5419076-M.jpg,Open Library API
1955,The Talented Mr. Ripley,Patricia Highsmith,4.117647,17,0,"The Talented Mr. Ripley Patricia Highsmith Criminals, fiction, Great britain, fiction, Italy, fiction, Ripley, tom (fictitious character), fiction, Fiction, mystery & detective, general, Fiction, psychological, Serial murders, fiction, American Detective and mystery stories, Criminals, Detective and mystery stories, American Little, Brown Book Group Limited, Tascabili Bompiani, Audible Studios on Brilliance Audio, Amfora (SPb.), Editorial Anagrama","Criminals, fiction, Great britain, fiction, Italy, fiction, Ripley, tom (fictitious character), fiction, Fiction, mystery & detective, general, Fiction, psychological, Serial murders, fiction, American Detective and mystery stories, Criminals, Detective and mystery stories, American",,"Little, Brown Book Group Limited, Tascabili Bompiani, Audible Studios on Brilliance Audio, Amfora (SPb.), Editorial Anagrama",https://openlibrary.org/works/OL59434W,https://covers.openlibrary.org/b/id/2198258-M.jpg,Open Library API
1955,Beezus and Ramona,Beverly Cleary,4.111111,27,0,"Beezus and Ramona Beverly Cleary readers, chapter books, JUVENILE FICTION, Humorous Stories, Animals, Classics, Action & Adventure, transportation, realistic fiction, juvenile works Oxford University Press, Doubleday Books, HarperCollins Publishers, William Morrow and Company, Avon Books","readers, chapter books, JUVENILE FICTION, Humorous Stories, Animals, Classics, Action & Adventure, transportation, realistic fiction, juvenile works",,"Oxford University Press, Doubleday Books, HarperCollins Publishers, William Morrow and Company, Avon Books",https://openlibrary.org/works/OL151996W,https://covers.openlibrary.org/b/id/9404116-M.jpg,Open Library API
1955,Bath Tangle,Georgette Heyer,3.4285715,7,0,"Bath Tangle Georgette Heyer Fiction, Romance, Historical, Regency, Stepdaughters, fiction, Open Library Chivers, Penguin Random House, Ulverscroft, William Heinemann Ltd, Thorndike Pr","Fiction, Romance, Historical, Regency, Stepdaughters, fiction, Open Library",,"Chivers, Penguin Random House, Ulverscroft, William Heinemann Ltd, Thorndike Pr",https://openlibrary.org/works/OL4092688W,https://covers.openlibrary.org/b/id/42987-M.jpg,Open Library API
1955,The October Country,Ray Bradbury,4.428571,7,0,"The October Country Ray Bradbury Fantasy fiction, American, Horror tales, American, American Science fiction, American Fantasy fiction, American Horror tales, English Short stories, Fiction, science fiction, short stories, Fiction, fantasy, short stories, Fiction, fantasy, collections & anthologies Panther, Wm. Morrow, Ballantine, Recorded Books, Inc. and Blackstone Publishing, denoel, Paris","Fantasy fiction, American, Horror tales, American, American Science fiction, American Fantasy fiction, American Horror tales, English Short stories, Fiction, science fiction, short stories, Fiction, fantasy, short stories, Fiction, fantasy, collections & anthologies",,"Panther, Wm. Morrow, Ballantine, Recorded Books, Inc. and Blackstone Publishing, denoel, Paris",https://openlibrary.org/works/OL103198W,https://covers.openlibrary.org/b/id/14828135-M.jpg,Open Library API
1956,Giovanni's Room,James Baldwin,4.2222223,36,0,"Giovanni's Room James Baldwin Race relations, African Americans, Psychology, Afro-Americans, Giovanni, Nikki, Fiction, Americans in fiction, Americans, Sexual behavior, Homosexuality in fiction Penguin Group UK, Laurel, AudioGO, Doubleday Books, Blackstone Audiobooks","Race relations, African Americans, Psychology, Afro-Americans, Giovanni, Nikki, Fiction, Americans in fiction, Americans, Sexual behavior, Homosexuality in fiction",,"Penguin Group UK, Laurel, AudioGO, Doubleday Books, Blackstone Audiobooks",https://openlibrary.org/works/OL228702W,https://covers.openlibrary.org/b/id/97395-M.jpg,Open Library API
1956,The Last Battle,C. S. Lewis,3.8630137,73,0,"The Last Battle C. S. Lewis Juvenile Fiction, Science Fiction & Fantasy, Fiction, Fantasy, Children's fiction, Narnia (imaginary place), fiction, Fantasy fiction, Juvenile, Narnia (Imaginary place), Magic Media Rodzina, Collier Books, Index, Fontana Lions, Rayo","Juvenile Fiction, Science Fiction & Fantasy, Fiction, Fantasy, Children's fiction, Narnia (imaginary place), fiction, Fantasy fiction, Juvenile, Narnia (Imaginary place), Magic",,"Media Rodzina, Collier Books, Index, Fontana Lions, Rayo",https://openlibrary.org/works/OL71124W,https://covers.openlibrary.org/b/id/6529226-M.jpg,Open Library API
1956,The Stars My Destination,Alfred Bester,3.9166667,24,0,"The Stars My Destination Alfred Bester Science fiction, Literature and science, Adventure stories, Fiction, science fiction, general, Astronauts, Fiction, Redemption, Retribution, American Science fiction, Twenty-fifth century Independently Published, Gregg Press, F. Watts, iPicturebooks, Berkley Pub. Corp.","Science fiction, Literature and science, Adventure stories, Fiction, science fiction, general, Astronauts, Fiction, Redemption, Retribution, American Science fiction, Twenty-fifth century",,"Independently Published, Gregg Press, F. Watts, iPicturebooks, Berkley Pub. Corp.",https://openlibrary.org/works/OL1819353W,https://covers.openlibrary.org/b/id/911114-M.jpg,Open Library API
1956,Train to Pakistan,Khushwant Singh,3.8125,16,0,"Train to Pakistan Khushwant Singh Political violence, History, Fiction, India, fiction, Fiction, historical, Pakistan, fiction, Fiction, political, Pictorial works, Fiction, historical, general, Political refugees South Asia Books, Greenwood Press, Grove Press, Penguin , Time Books International","Political violence, History, Fiction, India, fiction, Fiction, historical, Pakistan, fiction, Fiction, political, Pictorial works, Fiction, historical, general, Political refugees",,"South Asia Books, Greenwood Press, Grove Press, Penguin , Time Books International",https://openlibrary.org/works/OL318479W,https://covers.openlibrary.org/b/id/568646-M.jpg,Open Library API
1956,Breakfast at Tiffany's,Truman Capote,3.875,16,0,"Breakfast at Tiffany's Truman Capote American Short stories, Manners and customs, Fiction, Social life and customs, Translations into Russian, American fiction, Gay men, Interpersonal relations, Gay authors, Young women Keter, Random House, Penguin Books, Limited, TERRA, Amereon Ltd","American Short stories, Manners and customs, Fiction, Social life and customs, Translations into Russian, American fiction, Gay men, Interpersonal relations, Gay authors, Young women",,"Keter, Random House, Penguin Books, Limited, TERRA, Amereon Ltd",https://openlibrary.org/works/OL1992167W,https://covers.openlibrary.org/b/id/100108-M.jpg,Open Library API
1956,The Silver Sword,Ian Serraillier,3.9,20,0,"The Silver Sword Ian Serraillier Juvenile fiction, Civilians in War, Fiction, Children's fiction, Refugees, fiction, Warsaw (poland), fiction, World war, 1939-1945, fiction, Children's stories, English fiction, World War, 1939-1945 Oxford University Press, Chivers North America, S.G. Phillips, Scholastic Paperbacks, Penguin Random House","Juvenile fiction, Civilians in War, Fiction, Children's fiction, Refugees, fiction, Warsaw (poland), fiction, World war, 1939-1945, fiction, Children's stories, English fiction, World War, 1939-1945",,"Oxford University Press, Chivers North America, S.G. Phillips, Scholastic Paperbacks, Penguin Random House",https://openlibrary.org/works/OL4628121W,https://covers.openlibrary.org/b/id/383863-M.jpg,Open Library API
1956,Harry the Dirty Dog,Gene Zion,4.3,20,0,"Harry the Dirty Dog Gene Zion Cleanliness, Juvenile fiction, Dogs, Spanish language materials, Fiction, Hygiene, Children's fiction, Dogs, fiction, Picture books, Harry (Fictitious character : Zion) The Bodley Head, Scholastic, Perfection Learning Prebound, Turtleback Books, HarperFestival","Cleanliness, Juvenile fiction, Dogs, Spanish language materials, Fiction, Hygiene, Children's fiction, Dogs, fiction, Picture books, Harry (Fictitious character : Zion)",,"The Bodley Head, Scholastic, Perfection Learning Prebound, Turtleback Books, HarperFestival",https://openlibrary.org/works/OL1973379W,https://covers.openlibrary.org/b/id/24282-M.jpg,Open Library API
1956,Dead Man's Folly,Agatha Christie,3.8,10,0,"Dead Man's Folly Agatha Christie Fiction, Historical Fiction, Mystery, Romance, Hercule Poirot (Fictitious character), Private investigators, Private investigators in fiction, Belgians, Belgians in fiction, Ariadne Oliver (Fictitious character) Librairie des Champs-Élysées., Literary Express, Inc., Harpercollins, Fontana/Collins, HarperCollins Publishers and Blackstone Audio","Fiction, Historical Fiction, Mystery, Romance, Hercule Poirot (Fictitious character), Private investigators, Private investigators in fiction, Belgians, Belgians in fiction, Ariadne Oliver (Fictitious character)",,"Librairie des Champs-Élysées., Literary Express, Inc., Harpercollins, Fontana/Collins, HarperCollins Publishers and Blackstone Audio",https://openlibrary.org/works/OL471713W,https://covers.openlibrary.org/b/id/6985969-M.jpg,Open Library API
1956,Double Star,Robert A. Heinlein,3.9333334,15,0,"Double Star Robert A. Heinlein Hugo Award Winner, award:hugo_award=1956, award:hugo_award=novel, American Science fiction, Fiction, science fiction, general, Children's fiction, Science fiction, Long Now Manual for Civilization Grafton, Gollancz, Arc Manor, Blackstone Audio, Doubleday","Hugo Award Winner, award:hugo_award=1956, award:hugo_award=novel, American Science fiction, Fiction, science fiction, general, Children's fiction, Science fiction, Long Now Manual for Civilization",,"Grafton, Gollancz, Arc Manor, Blackstone Audio, Doubleday",https://openlibrary.org/works/OL59715W,https://covers.openlibrary.org/b/id/14632131-M.jpg,Open Library API
1956,The City and the Stars,Arthur C. Clarke,5.0,3,0,"The City and the Stars Arthur C. Clarke English Science fiction, Fiction, Fiction in English, Life on other planets, Conformity, Fiction, science fiction, general Aleph, Yestermorrow Inc, Corgi Books, Science Fiction Book Club, Signet Books","English Science fiction, Fiction, Fiction in English, Life on other planets, Conformity, Fiction, science fiction, general",,"Aleph, Yestermorrow Inc, Corgi Books, Science Fiction Book Club, Signet Books",https://openlibrary.org/works/OL17400W,https://covers.openlibrary.org/b/id/5540971-M.jpg,Open Library API
1957,4:50 from Paddington,Agatha Christie,3.9565217,23,0,"4:50 from Paddington Agatha Christie Fiction, Mystery, Jane Marple (Fictitious character), Fiction, mystery & detective, general, Marple, jane (fictitious character), fiction, English literature, English language, Fiction, mystery & detective, traditional, Murder, Investigation Collins for the Crime Club, Planeta DeAgostini, HARPER COLLINS 0 PUB, Collins, Fontana Books, Thorpe","Fiction, Mystery, Jane Marple (Fictitious character), Fiction, mystery & detective, general, Marple, jane (fictitious character), fiction, English literature, English language, Fiction, mystery & detective, traditional, Murder, Investigation",,"Collins for the Crime Club, Planeta DeAgostini, HARPER COLLINS 0 PUB, Collins, Fontana Books, Thorpe",https://openlibrary.org/works/OL471500W,https://covers.openlibrary.org/b/id/13151352-M.jpg,Open Library API
1957,Stars Through the Mist,Betty Neels,3.8666666,15,0,"Stars Through the Mist Betty Neels Fiction, Romance, Contemporary, Nurses, fiction, Surgeons, fiction Harlequin Mills & Boon, Limited, Harlequin Books, Harlequin Mills and Boon, Thorndike Press, New York","Fiction, Romance, Contemporary, Nurses, fiction, Surgeons, fiction",,"Harlequin Mills & Boon, Limited, Harlequin Books, Harlequin Mills and Boon, Thorndike Press, New York",https://openlibrary.org/works/OL3457886W,https://covers.openlibrary.org/b/id/221872-M.jpg,Open Library API
1957,How the Grinch Stole Christmas!,"Dr. Seuss, Rik Mayall",4.1320753,53,0,"How the Grinch Stole Christmas! Dr. Seuss, Rik Mayall Christmas stories.sh, Pictorial works, Juvenile fiction, Children's stories.sh, Christmas stories, Christmas, Behavior, fiction, Christmas, fiction, Children's fiction, Stories in rhyme Random House BFYR, Penguin Random House, HarperCollins Publishers Limited, Bolchazy-Carducci Publishers, HARPER COLL CHILDREN","Christmas stories.sh, Pictorial works, Juvenile fiction, Children's stories.sh, Christmas stories, Christmas, Behavior, fiction, Christmas, fiction, Children's fiction, Stories in rhyme",,"Random House BFYR, Penguin Random House, HarperCollins Publishers Limited, Bolchazy-Carducci Publishers, HARPER COLL CHILDREN",https://openlibrary.org/works/OL261169W,https://covers.openlibrary.org/b/id/12055-M.jpg,Open Library API
1957,All Else Confusion,Betty Neels,3.3125,16,0,"All Else Confusion Betty Neels Fiction, Romance, Contemporary, Man-woman relationships, fiction, Emotional abuse, fiction Harlequin, Harlequin Enterprises, Limited, harlequin, Chivers, Mills and Boon","Fiction, Romance, Contemporary, Man-woman relationships, fiction, Emotional abuse, fiction",,"Harlequin, Harlequin Enterprises, Limited, harlequin, Chivers, Mills and Boon",https://openlibrary.org/works/OL3457643W,https://covers.openlibrary.org/b/id/218734-M.jpg,Open Library API
1957,Forever,Judy Blume,3.8333333,6,0,"Forever Judy Blume homosexuality, birth control, Fiction, Fiction in English, New Jersey in fiction, Teenagers in fiction, Family life, Family life in fiction, Sexual behavior, History MACMILLAN CHILDREN'S BOOKS, Star, Simon & Schuster Books for Young Readers, Gollancz, Pan Horizons","homosexuality, birth control, Fiction, Fiction in English, New Jersey in fiction, Teenagers in fiction, Family life, Family life in fiction, Sexual behavior, History",,"MACMILLAN CHILDREN'S BOOKS, Star, Simon & Schuster Books for Young Readers, Gollancz, Pan Horizons",https://openlibrary.org/works/OL1838409W,https://covers.openlibrary.org/b/id/8588054-M.jpg,Open Library API
1957,On The Road,Jack Kerouac,3.5411766,85,0,"On The Road Jack Kerouac Beat generation, Fiction, Autobiographical fiction, Beat generation in literature, History and criticism, American Autobiographical fiction, Literature, Classic Literature, Beat generation -- Fiction, Beats (Persons) Pearson Education, Limited, Oscar Mondadori, Caedmon, Paw Prints 2008-07-10, Zemorah-Bitan","Beat generation, Fiction, Autobiographical fiction, Beat generation in literature, History and criticism, American Autobiographical fiction, Literature, Classic Literature, Beat generation -- Fiction, Beats (Persons)",,"Pearson Education, Limited, Oscar Mondadori, Caedmon, Paw Prints 2008-07-10, Zemorah-Bitan",https://openlibrary.org/works/OL65906W,https://covers.openlibrary.org/b/id/34655-M.jpg,Open Library API
1957,On the Beach,Nevil Shute,3.75,8,0,"On the Beach Nevil Shute Atomic Bomb, English Science fiction, Fiction, Literature, Nuclear warfare, Roman, Juvenile fiction, United States, United States. Navy, Fiction, science fiction, general Text Publishing Company, Bantam Books, Pearson Education Australia, Butterworth-Heinemann, Knopf Doubleday Publishing Group","Atomic Bomb, English Science fiction, Fiction, Literature, Nuclear warfare, Roman, Juvenile fiction, United States, United States. Navy, Fiction, science fiction, general",,"Text Publishing Company, Bantam Books, Pearson Education Australia, Butterworth-Heinemann, Knopf Doubleday Publishing Group",https://openlibrary.org/works/OL2779754W,https://covers.openlibrary.org/b/id/997896-M.jpg,Open Library API
1957,The Moon for Lavinia,Betty Neels,4.0,10,0,"The Moon for Lavinia Betty Neels Fiction, Romance, Contemporary, Nurses, fiction, Netherlands, fiction, Doctor Nurse romance, fiction Magna Large Print Books, Thorndike Press, Harlequin Enterprises ULC, Mills & Boon, Harlequin Enterprises, Limited","Fiction, Romance, Contemporary, Nurses, fiction, Netherlands, fiction, Doctor Nurse romance, fiction",,"Magna Large Print Books, Thorndike Press, Harlequin Enterprises ULC, Mills & Boon, Harlequin Enterprises, Limited",https://openlibrary.org/works/OL3458063W,https://covers.openlibrary.org/b/id/221695-M.jpg,Open Library API
1957,Citizen of the Galaxy,Robert A. Heinlein,4.0,14,0,"Citizen of the Galaxy Robert A. Heinlein Science fiction, Translations into Russian, Space flight -- Fiction, Slaves, Interplanetary voyages, Fiction, science fiction, general, American Science fiction, Child slaves, Fiction, Beggars Ace Books, ""Severo-zapad"", Sin Limites, Hale, Puffin Books","Science fiction, Translations into Russian, Space flight -- Fiction, Slaves, Interplanetary voyages, Fiction, science fiction, general, American Science fiction, Child slaves, Fiction, Beggars",,"Ace Books, ""Severo-zapad"", Sin Limites, Hale, Puffin Books",https://openlibrary.org/works/OL59679W,https://covers.openlibrary.org/b/id/14631510-M.jpg,Open Library API
1957,The Cat in the Hat,"Dr. Seuss, Simon Mugford",4.1121497,107,0,"The Cat in the Hat Dr. Seuss, Simon Mugford Nonsense verses, Children's stories, American, Readers, Juvenile fiction, Spanish literature, Poetry, Children's literature, Spanish, Latin language materials Keter, Twentieth Century-Fox Home Video, HarperCollins Children's, Farlag ""ʻEśrim ṿe-arbe"", HarperCollins","Nonsense verses, Children's stories, American, Readers, Juvenile fiction, Spanish literature, Poetry, Children's literature, Spanish, Latin language materials",,"Keter, Twentieth Century-Fox Home Video, HarperCollins Children's, Farlag ""ʻEśrim ṿe-arbe"", HarperCollins",https://openlibrary.org/works/OL1898309W,https://covers.openlibrary.org/b/id/11342-M.jpg,Open Library API
1958,Things Fall Apart,Chinua Achebe,3.9213483,89,0,"Things Fall Apart Chinua Achebe 20th century literature, Christianity, masculinity, British colonialism, LANGUAGE & LITERARY STUDIES, CONTEMPORARY FICTION, literature, Race relations, Men, British Drmc Mrd, Brand: Anchor Canada, Présence africaine, Sine nomine, Recorded Books","20th century literature, Christianity, masculinity, British colonialism, LANGUAGE & LITERARY STUDIES, CONTEMPORARY FICTION, literature, Race relations, Men, British",,"Drmc Mrd, Brand: Anchor Canada, Présence africaine, Sine nomine, Recorded Books",https://openlibrary.org/works/OL891786W,https://covers.openlibrary.org/b/id/12816943-M.jpg,Open Library API
1958,The Tell-Tale Heart,Edgar Allan Poe,4.203704,54,0,"The Tell-Tale Heart Edgar Allan Poe Asesinato, Cuentos de terror estadounidenses, Ficción, American Horror tales, American literature, Children's fiction, Classic Literature, Crime, Crime fiction, Crime in fiction Jamestown Pubns, Mojo Press, Dreamscape Media, LLC, Audiocite, Liese. Outside The Box, Andreas","Asesinato, Cuentos de terror estadounidenses, Ficción, American Horror tales, American literature, Children's fiction, Classic Literature, Crime, Crime fiction, Crime in fiction",,"Jamestown Pubns, Mojo Press, Dreamscape Media, LLC, Audiocite, Liese. Outside The Box, Andreas",https://openlibrary.org/works/OL41059W,https://covers.openlibrary.org/b/id/11851436-M.jpg,Open Library API
1958,Have Spacesuit--Will Travel,Robert A. Heinlein,3.8888888,18,0,"Have Spacesuit--Will Travel Robert A. Heinlein Interplanetary voyages, Fiction, Science fiction, Fiction, science fiction, general, American Science fiction, Children's fiction, Outer space, fiction, Long Now Manual for Civilization Blackstone Audiobooks, Del Rey/Ballantine Books, Pocket Books, Blackstone Audio, Metis Yayincilik","Interplanetary voyages, Fiction, Science fiction, Fiction, science fiction, general, American Science fiction, Children's fiction, Outer space, fiction, Long Now Manual for Civilization",,"Blackstone Audiobooks, Del Rey/Ballantine Books, Pocket Books, Blackstone Audio, Metis Yayincilik",https://openlibrary.org/works/OL59727W,https://covers.openlibrary.org/b/id/13148668-M.jpg,Open Library API
1958,Nine Coaches Waiting,Mary Stewart,4.2727275,11,0,"Nine Coaches Waiting Mary Stewart Fiction, historical, general, Fiction, romance, general, Fiction, Governesses, romance, mystery, France, fiction, Fiction, romance, suspense, Fiction, gothic, English fiction Ulverscroft Large Print, Fawcett, Hodder, William Morrow & Co, Chicago Review Press","Fiction, historical, general, Fiction, romance, general, Fiction, Governesses, romance, mystery, France, fiction, Fiction, romance, suspense, Fiction, gothic, English fiction",,"Ulverscroft Large Print, Fawcett, Hodder, William Morrow & Co, Chicago Review Press",https://openlibrary.org/works/OL213266W,https://covers.openlibrary.org/b/id/777961-M.jpg,Open Library API
1958,Venetia,Georgette Heyer,4.3076925,13,0,"Venetia Georgette Heyer Fiction, Rimance, Historical, Regency, Country life, fiction, Family secrets, fiction, Single women, fiction, Great Britain, fiction, England, fiction, Family life, fiction, Man-woman relationships, fiction, Upper class, fiction, Country life Chivers Press, HQN, G.P. Putnam's Sons, Jove, Berkely","Fiction, Rimance, Historical, Regency, Country life, fiction, Family secrets, fiction, Single women, fiction, Great Britain, fiction, England, fiction, Family life, fiction, Man-woman relationships, fiction, Upper class, fiction, Country life",,"Chivers Press, HQN, G.P. Putnam's Sons, Jove, Berkely",https://openlibrary.org/works/OL4092681W,https://covers.openlibrary.org/b/id/75724-M.jpg,Open Library API
1958,Methuselah's children,Robert A. Heinlein,3.7,10,0,"Methuselah's children Robert A. Heinlein Longevity, Fiction, American Science fiction, Fiction in English, Fiction, science fiction, general, Long, lazarus (fictitious character), fiction, Novel℗ʺla, Cie  ncia-ficcio, Long Now Manual for Civilization New American Library, Wilhelm Goldmann Verlag, The Crowood Press, Gnome Press, Roc","Longevity, Fiction, American Science fiction, Fiction in English, Fiction, science fiction, general, Long, lazarus (fictitious character), fiction, Novel℗ʺla, Cie  ncia-ficcio, Long Now Manual for Civilization",,"New American Library, Wilhelm Goldmann Verlag, The Crowood Press, Gnome Press, Roc",https://openlibrary.org/works/OL59726W,https://covers.openlibrary.org/b/id/14632198-M.jpg,Open Library API
1958,The Cat in the Hat Comes Back,Dr. Seuss,3.5416667,24,0,"The Cat in the Hat Comes Back Dr. Seuss Dr. Seuss, Cat in the Hat, Children's, Books, Stories, Fiction, Rhymes, Rhyming, Play, Alphabet Keter, Houghton Mifflin (Juv), Yuan liu chu ban gong si, Lectorum Publications, Incorporated, Perfection Learning","Dr. Seuss, Cat in the Hat, Children's, Books, Stories, Fiction, Rhymes, Rhyming, Play, Alphabet",,"Keter, Houghton Mifflin (Juv), Yuan liu chu ban gong si, Lectorum Publications, Incorporated, Perfection Learning",https://openlibrary.org/works/OL261147W,https://covers.openlibrary.org/b/id/11344-M.jpg,Open Library API
1958,Confessions of a Mask,"三島由紀夫, Meredith Weatherby",3.9,10,0,"Confessions of a Mask 三島由紀夫, Meredith Weatherby Japanese Fiction, Gay men, English fiction, Translations from Japanese, Translations into English, Fiction, Near and far eastern fiction (fictional works by one author), Gay men, fiction, Fiction, biographical, Fiction, lgbtq+, gay Peter Owen Ltd, Penguin Classics, New Directions], Shinchōsha, Kawade Shobō","Japanese Fiction, Gay men, English fiction, Translations from Japanese, Translations into English, Fiction, Near and far eastern fiction (fictional works by one author), Gay men, fiction, Fiction, biographical, Fiction, lgbtq+, gay",,"Peter Owen Ltd, Penguin Classics, New Directions], Shinchōsha, Kawade Shobō",https://openlibrary.org/works/OL1845165W,https://covers.openlibrary.org/b/id/597870-M.jpg,Open Library API
1958,Our Man in Havana,Graham Greene,3.3076923,13,0,"Our Man in Havana Graham Greene Fiction, Intelligence service, Black Comedy, Working class, Secret service, Large type books, Havana (cuba), fiction, Fiction, humorous, general, Fiction, thrillers, espionage, British and irish fiction (fictional works by one author) Laffont, Лениздат, Uitgeverij Contact, Ebsco Publishing, Macmillan Collector's Library","Fiction, Intelligence service, Black Comedy, Working class, Secret service, Large type books, Havana (cuba), fiction, Fiction, humorous, general, Fiction, thrillers, espionage, British and irish fiction (fictional works by one author)",,"Laffont, Лениздат, Uitgeverij Contact, Ebsco Publishing, Macmillan Collector's Library",https://openlibrary.org/works/OL106074W,https://covers.openlibrary.org/b/id/15130107-M.jpg,Open Library API
1958,The Agony and the Ecstasy,Irving Stone,4.0833335,12,0,"The Agony and the Ecstasy Irving Stone Fiction, Artists, Biography, Biographical fiction, American fiction (fictional works by one author), Artists, fiction, Italy, fiction, Fiction, general, Michelangelo Buonarroti, 1475-1564 -- Fiction, Powieści Czytelnik, New American Library, Emecé, Arrow, Signet Books","Fiction, Artists, Biography, Biographical fiction, American fiction (fictional works by one author), Artists, fiction, Italy, fiction, Fiction, general, Michelangelo Buonarroti, 1475-1564 -- Fiction, Powieści",,"Czytelnik, New American Library, Emecé, Arrow, Signet Books",https://openlibrary.org/works/OL112002W,https://covers.openlibrary.org/b/id/7234641-M.jpg,Open Library API
1959,The Haunting of Hill House,Shirley Jackson,3.9605262,76,0,"The Haunting of Hill House Shirley Jackson Haunted houses, Fiction, Large type books, Casas embrujadas, Cuentos de terror, Ficción, Gothic revival (Literature), Horror tales, Novela gótica, Novela psicológica Diogenes Verlag, Blackstone Audio, Inc., Corgi Childrens, Penguin Books, Limited, Corgi","Haunted houses, Fiction, Large type books, Casas embrujadas, Cuentos de terror, Ficción, Gothic revival (Literature), Horror tales, Novela gótica, Novela psicológica",,"Diogenes Verlag, Blackstone Audio, Inc., Corgi Childrens, Penguin Books, Limited, Corgi",https://openlibrary.org/works/OL3171069W,https://covers.openlibrary.org/b/id/4289014-M.jpg,Open Library API
1959,The Eyes of the Dragon,Stephen King,4.296296,27,0,"The Eyes of the Dragon Stephen King suspense, horror, epic fantasy, Fantasy, Fiction, Thriller, Princes, Dragons, Wizards, Horror fiction Little, Brown Book Group Limited, Suma de Letras, OOO Izdatel'stvo AST, Guild Publishing, New American Library","suspense, horror, epic fantasy, Fantasy, Fiction, Thriller, Princes, Dragons, Wizards, Horror fiction",,"Little, Brown Book Group Limited, Suma de Letras, OOO Izdatel'stvo AST, Guild Publishing, New American Library",https://openlibrary.org/works/OL81602W,https://covers.openlibrary.org/b/id/8524085-M.jpg,Open Library API
1959,Starship Troopers,Robert A. Heinlein,3.8225806,62,0,"Starship Troopers Robert A. Heinlein Fiction, Hugo Award Winner, Science fiction, Space warfare, award:hugo_award=1960, award:hugo_award=novel, Long Now Manual for Civilization, Large type books, Fiction, science fiction, action & adventure, Fiction, science fiction, general Ediciones Roca, New American Library, Berkley Publishing Corporation, NEL Books, Hodder & Stoughton General Division","Fiction, Hugo Award Winner, Science fiction, Space warfare, award:hugo_award=1960, award:hugo_award=novel, Long Now Manual for Civilization, Large type books, Fiction, science fiction, action & adventure, Fiction, science fiction, general",,"Ediciones Roca, New American Library, Berkley Publishing Corporation, NEL Books, Hodder & Stoughton General Division",https://openlibrary.org/works/OL59740W,https://covers.openlibrary.org/b/id/14630746-M.jpg,Open Library API
1959,The Sirens of Titan,Kurt Vonnegut,3.8333333,12,0,"The Sirens of Titan Kurt Vonnegut Ciencia-ficción, Classic Literature, Fiction, Mystery, Science Fiction & Fantasy, Science fiction, American fiction (fictional works by one author), Fiction, science fiction, general Houghton Mifflin, Gollancz, Tandem Library, Hodder Paperbacks, VGSF","Ciencia-ficción, Classic Literature, Fiction, Mystery, Science Fiction & Fantasy, Science fiction, American fiction (fictional works by one author), Fiction, science fiction, general",,"Houghton Mifflin, Gollancz, Tandem Library, Hodder Paperbacks, VGSF",https://openlibrary.org/works/OL98485W,https://covers.openlibrary.org/b/id/1364468-M.jpg,Open Library API
1959,A Separate Peace,John Knowles,3.6875,16,0,"A Separate Peace John Knowles Boys, Death, Preparatory schools, Friendship, Preparatory school students, Fiction, World War, 1939-1945, World War (1939-1945) fast (OCoLC)fst01180924, New hampshire, fiction, Friendship, fiction Simon & Schuster, Limited, Bantam Books, Recorded Books, Inc., Secker and Warburg, Dell Publishing Co","Boys, Death, Preparatory schools, Friendship, Preparatory school students, Fiction, World War, 1939-1945, World War (1939-1945) fast (OCoLC)fst01180924, New hampshire, fiction, Friendship, fiction",,"Simon & Schuster, Limited, Bantam Books, Recorded Books, Inc., Secker and Warburg, Dell Publishing Co",https://openlibrary.org/works/OL267913W,https://covers.openlibrary.org/b/id/10628378-M.jpg,Open Library API
1959,Cat Among the Pigeons,Agatha Christie,4.0,14,0,"Cat Among the Pigeons Agatha Christie Fiction, Mystery, Boarding schools, Detective and mystery stories, Hercule Poirot (Fictitious character), Private investigators, Poirot, hercule (fictitious character), fiction, Fiction, mystery & detective, traditional, England, fiction, Fiction, mystery & detective, general Le Livre de Poche, Yuan jing chu ban gong si, Harpercollins, Harper Collins, Dodd, Mead & Company","Fiction, Mystery, Boarding schools, Detective and mystery stories, Hercule Poirot (Fictitious character), Private investigators, Poirot, hercule (fictitious character), fiction, Fiction, mystery & detective, traditional, England, fiction, Fiction, mystery & detective, general",,"Le Livre de Poche, Yuan jing chu ban gong si, Harpercollins, Harper Collins, Dodd, Mead & Company",https://openlibrary.org/works/OL471641W,https://covers.openlibrary.org/b/id/12852588-M.jpg,Open Library API
1959,The Unknown Ajax,Georgette Heyer,4.75,8,0,"The Unknown Ajax Georgette Heyer 1950s, Fiction, Romance, Historical, Regency, Love stories, fiction, Fiction in English, Aristocracy (Social class), fiction, Inheritance and succession,  fiction, Fiction, romance, suspense, Great Britain, fiction, London (England), fiction, Fiction, romance, historical, regency & georgian HarperCollins Publishers (Mm), William Heinemann, Putnam, Ace Books, Harlequin Enterprises, Limited","1950s, Fiction, Romance, Historical, Regency, Love stories, fiction, Fiction in English, Aristocracy (Social class), fiction, Inheritance and succession,  fiction, Fiction, romance, suspense, Great Britain, fiction, London (England), fiction, Fiction, romance, historical, regency & georgian",,"HarperCollins Publishers (Mm), William Heinemann, Putnam, Ace Books, Harlequin Enterprises, Limited",https://openlibrary.org/works/OL4092673W,https://covers.openlibrary.org/b/id/221685-M.jpg,Open Library API
1959,The Magic World,Edith Nesbit,3.3333333,3,0,"The Magic World Edith Nesbit Magic, Children's stories, English, Short stories, Fiction, Children's fiction, Fantasy fiction, Magic, fiction, Fiction, general Independently published, The Perfect Library, Coward-McCann, West Margin Press, Mayflower Books","Magic, Children's stories, English, Short stories, Fiction, Children's fiction, Fantasy fiction, Magic, fiction, Fiction, general",,"Independently published, The Perfect Library, Coward-McCann, West Margin Press, Mayflower Books",https://openlibrary.org/works/OL7984948W,https://covers.openlibrary.org/b/id/2970137-M.jpg,Open Library API
1959,Naked Lunch,"William S. Burroughs, William Burroughs",3.7619047,21,0,"Naked Lunch William S. Burroughs, William Burroughs Drug Use, Heroin, Drug addicts, Recovering addicts, Fiction, Autobiography, Beat Generation, War on Drugs, English language, Alienation (Social psychology) HarperPerennial, The Olympia Press, Ballantine Books, Grove, London. Fourth Estate","Drug Use, Heroin, Drug addicts, Recovering addicts, Fiction, Autobiography, Beat Generation, War on Drugs, English language, Alienation (Social psychology)",,"HarperPerennial, The Olympia Press, Ballantine Books, Grove, London. Fourth Estate",https://openlibrary.org/works/OL258134W,https://covers.openlibrary.org/b/id/9788627-M.jpg,Open Library API
1959,My side of the mountain,Jean Craighead George,4.142857,42,0,"My side of the mountain Jean Craighead George Supervivencia (accidentes de aviación, naufragios, etc.), Falcons, Spanish language materials, Fiction, Juvenile literature, Self-reliance, Literatura juvenil, Vida montañesa, Autodependencia, Survival Scholastic, Dutton/Penguin, Penguin Putnam, scholastic, Perfection Learning Prebound","Supervivencia (accidentes de aviación, naufragios, etc.), Falcons, Spanish language materials, Fiction, Juvenile literature, Self-reliance, Literatura juvenil, Vida montañesa, Autodependencia, Survival",,"Scholastic, Dutton/Penguin, Penguin Putnam, scholastic, Perfection Learning Prebound",https://openlibrary.org/works/OL111900W,https://covers.openlibrary.org/b/id/108669-M.jpg,Open Library API
1960,To Kill a Mockingbird,Harper Lee,4.123077,260,0,"To Kill a Mockingbird Harper Lee fiction, fiction classics, contemporary fiction, racial segregation, mob mentality, Southern Gothic, southern life, racial injustice, class, courage Sel Yayıncılık, HarperLuxe, William A. Thomas Braille Bookstore, ZETA BOLSILLO, Perennial Classics","fiction, fiction classics, contemporary fiction, racial segregation, mob mentality, Southern Gothic, southern life, racial injustice, class, courage",,"Sel Yayıncılık, HarperLuxe, William A. Thomas Braille Bookstore, ZETA BOLSILLO, Perennial Classics",https://openlibrary.org/works/OL3140822W,https://covers.openlibrary.org/b/id/14351077-M.jpg,Open Library API
1960,The Mirror Crack'd from Side to Side,Agatha Christie,4.4444447,18,0,"The Mirror Crack'd from Side to Side Agatha Christie Fiction, Mystery, Jane Marple (Fictitious character), Women detectives in fiction, Women detectives, Romance Ingles, Crime & mystery, England, fiction, Marple, jane (fictitious character), fiction, Fiction, mystery & detective, traditional Scherz, Ming yüan chu ban she, Livre de Poche, HarperCollins Publishers, HarperCollins Publishers Limited","Fiction, Mystery, Jane Marple (Fictitious character), Women detectives in fiction, Women detectives, Romance Ingles, Crime & mystery, England, fiction, Marple, jane (fictitious character), fiction, Fiction, mystery & detective, traditional",,"Scherz, Ming yüan chu ban she, Livre de Poche, HarperCollins Publishers, HarperCollins Publishers Limited",https://openlibrary.org/works/OL471990W,https://covers.openlibrary.org/b/id/10561150-M.jpg,Open Library API
1960,The Incredible Journey,Sheila Burnford,3.9310346,29,0,"The Incredible Journey Sheila Burnford Adventure and adventurers, Fiction, Juvenile fiction, dogs, juvenile works, pets, siamese cats, Wilderness survival, Children's fiction, Dogs, fiction Bantam Skylark, Little Brown & Co., Franklin Watts, Coronet, Amereon Limited","Adventure and adventurers, Fiction, Juvenile fiction, dogs, juvenile works, pets, siamese cats, Wilderness survival, Children's fiction, Dogs, fiction",,"Bantam Skylark, Little Brown & Co., Franklin Watts, Coronet, Amereon Limited",https://openlibrary.org/works/OL2562769W,https://covers.openlibrary.org/b/id/14539398-M.jpg,Open Library API
1960,Are You My Mother?,P. D. Eastman,4.2807016,57,0,"Are You My Mother? P. D. Eastman French language, Readers, Animals, Bilingual, Birds, Juvenile fiction, Spanish language, Spanish language materials, Madres, Ficción juvenil HarperCollins Publishers, Bound to Stay Bound Books, Random House BFYR, MerryMakers, Collins & Harvill","French language, Readers, Animals, Bilingual, Birds, Juvenile fiction, Spanish language, Spanish language materials, Madres, Ficción juvenil",,"HarperCollins Publishers, Bound to Stay Bound Books, Random House BFYR, MerryMakers, Collins & Harvill",https://openlibrary.org/works/OL517198W,https://covers.openlibrary.org/b/id/254626-M.jpg,Open Library API
1960,Cricket in Times Square,George Selden,3.6842105,19,0,"Cricket in Times Square George Selden Mice, Cats, Crickets, Fiction, Children's fiction, Mice, fiction, Crickets, fiction, Cats, fiction, New york (n.y.), fiction, Juvenile fiction Square Fish, Listening Library, Kestrel, Dell Publishing Co., Bantam Doubleday Dell Publishing Group","Mice, Cats, Crickets, Fiction, Children's fiction, Mice, fiction, Crickets, fiction, Cats, fiction, New york (n.y.), fiction, Juvenile fiction",,"Square Fish, Listening Library, Kestrel, Dell Publishing Co., Bantam Doubleday Dell Publishing Group",https://openlibrary.org/works/OL4110995W,https://covers.openlibrary.org/b/id/282442-M.jpg,Open Library API
1960,Harriet the Spy,Louise Fitzhugh,4.4117646,17,0,"Harriet the Spy Louise Fitzhugh Juvenile works, Juvenile audience, Fiction, Harriet the Spy (Fictitious character), Schools, School stories, Friendship, Spy stories, Classics, Fiction in English Recorded Books, Inc., Harper & Row, Publishers, Transworld Publishers Limited, Gollancz, Cornerstone Books","Juvenile works, Juvenile audience, Fiction, Harriet the Spy (Fictitious character), Schools, School stories, Friendship, Spy stories, Classics, Fiction in English",,"Recorded Books, Inc., Harper & Row, Publishers, Transworld Publishers Limited, Gollancz, Cornerstone Books",https://openlibrary.org/works/OL5277971W,https://covers.openlibrary.org/b/id/12569145-M.jpg,Open Library API
1960,Mistress of Mellyn,Eleanor Burford,4.2,10,0,"Mistress of Mellyn Eleanor Burford Fiction, Family secrets, Widowers, Governesses in fiction, Family secrets in fiction, Governesses, Widowers in fiction, Fiction in English, Mansions, Romance Fontana Books, Fawcett, Fontana, F.A. Thorpe, Fawcett Crest Book","Fiction, Family secrets, Widowers, Governesses in fiction, Family secrets in fiction, Governesses, Widowers in fiction, Fiction in English, Mansions, Romance",,"Fontana Books, Fawcett, Fontana, F.A. Thorpe, Fawcett Crest Book",https://openlibrary.org/works/OL3931421W,https://covers.openlibrary.org/b/id/2310666-M.jpg,Open Library API
1960,A Bear Called Paddington,Michael Bond,4.0,19,0,"A Bear Called Paddington Michael Bond Bears, Bears in fiction, Humorous stories, Juvenile fiction, Fiction, Paddington Bear (Fictitious character), Fiction, general, Children's fiction, Bears, fiction, Paddington bear (fictitious character), fiction Harpercollins, Det Danske Forlag, Picture Lions, Bookmart, HarperCollins Canada, Limited","Bears, Bears in fiction, Humorous stories, Juvenile fiction, Fiction, Paddington Bear (Fictitious character), Fiction, general, Children's fiction, Bears, fiction, Paddington bear (fictitious character), fiction",,"Harpercollins, Det Danske Forlag, Picture Lions, Bookmart, HarperCollins Canada, Limited",https://openlibrary.org/works/OL10490647W,https://covers.openlibrary.org/b/id/6381303-M.jpg,Open Library API
1960,"One Fish, Two Fish, Red Fish, Blue Fish",Dr. Seuss,3.8983052,59,0,"One Fish, Two Fish, Red Fish, Blue Fish Dr. Seuss Peces, Animales caseros, Juvenile fiction, Fiction, Stories in rhyme, Ficción juvenil, Cuentos en rima, Pets, Fishes, Fishes -- Juvenile fiction Yuan Liu, Beginner Books, Amer School Pub, Picture Lions, Random House Trade","Peces, Animales caseros, Juvenile fiction, Fiction, Stories in rhyme, Ficción juvenil, Cuentos en rima, Pets, Fishes, Fishes -- Juvenile fiction",,"Yuan Liu, Beginner Books, Amer School Pub, Picture Lions, Random House Trade",https://openlibrary.org/works/OL261202W,https://covers.openlibrary.org/b/id/12096-M.jpg,Open Library API
1960,Deathworld 1,"Harry Harrison, Christian Rummel",3.5833333,12,0,"Deathworld 1 Harry Harrison, Christian Rummel Fiction, science fiction, general, Life on other planets in fiction, Life on other planets, Fiction, American Science fiction, Fiction in English, Science Fiction, Science Fiction & Fantasy Vintage Sci-Fi Classics, Audible Studios on Brilliance Audio, BANTAM BOOKS, Bantam Books, Createspace Independent Publishing Platform","Fiction, science fiction, general, Life on other planets in fiction, Life on other planets, Fiction, American Science fiction, Fiction in English, Science Fiction, Science Fiction & Fantasy",,"Vintage Sci-Fi Classics, Audible Studios on Brilliance Audio, BANTAM BOOKS, Bantam Books, Createspace Independent Publishing Platform",https://openlibrary.org/works/OL467158W,https://covers.openlibrary.org/b/id/458767-M.jpg,Open Library API
1961,Solaris,Stanisław Lem,3.9285715,28,0,"Solaris Stanisław Lem Translations into English, English fiction, Polish Science fiction, Polish fiction, Translations from Polish, Science fiction, Fiction, science fiction, general, Slavic philology, Life on other planets, Fiction Wydawn. Ministerstwa Oborony Narodowej, Suhrkamp Verlag, Wydawnictwo Literackie, Deutscher Taschenbuch Verlag, Premier Digital Publishing","Translations into English, English fiction, Polish Science fiction, Polish fiction, Translations from Polish, Science fiction, Fiction, science fiction, general, Slavic philology, Life on other planets, Fiction",,"Wydawn. Ministerstwa Oborony Narodowej, Suhrkamp Verlag, Wydawnictwo Literackie, Deutscher Taschenbuch Verlag, Premier Digital Publishing",https://openlibrary.org/works/OL109524W,https://covers.openlibrary.org/b/id/12313764-M.jpg,Open Library API
1961,Where the Red Fern Grows,Wilson Rawls,4.1770835,96,0,"Where the Red Fern Grows Wilson Rawls Social Issues - Friendship, Juvenile Fiction, Children's Books/Ages 9-12 Fiction, Children: Grades 4-6, Social Situations - Adolescence, Social Issues - Adolescence, Classics, Juvenile Fiction / Social Situations / Adolescence, Children's 9-12 - Literature - Classics / Contemporary, Action & Adventure - General EMC/Paradigm Pub., Listening Library, Zong jing xiao Tai-wan Ying wen za zhi she, RANDOM HOUSE, Thorndike Press","Social Issues - Friendship, Juvenile Fiction, Children's Books/Ages 9-12 Fiction, Children: Grades 4-6, Social Situations - Adolescence, Social Issues - Adolescence, Classics, Juvenile Fiction / Social Situations / Adolescence, Children's 9-12 - Literature - Classics / Contemporary, Action & Adventure - General",,"EMC/Paradigm Pub., Listening Library, Zong jing xiao Tai-wan Ying wen za zhi she, RANDOM HOUSE, Thorndike Press",https://openlibrary.org/works/OL465360W,https://covers.openlibrary.org/b/id/7996608-M.jpg,Open Library API
1961,Catch-22,Joseph Heller,4.118812,202,0,"Catch-22 Joseph Heller Open Library Staff Picks, Satire, War stories, Fiction, Drama, World War, 1939-1945, Catch-22 (Heller, Joseph), World War (1939-1945) fast (OCoLC)fst01180924, Fictional Works Publication Type, Bombardiers Laurel, Dell Publishing company, Dell, Heron Books, Simon and Schuster","Open Library Staff Picks, Satire, War stories, Fiction, Drama, World War, 1939-1945, Catch-22 (Heller, Joseph), World War (1939-1945) fast (OCoLC)fst01180924, Fictional Works Publication Type, Bombardiers",,"Laurel, Dell Publishing company, Dell, Heron Books, Simon and Schuster",https://openlibrary.org/works/OL276798W,https://covers.openlibrary.org/b/id/6468653-M.jpg,Open Library API
1961,A Civil Contract,Georgette Heyer,4.571429,7,0,"A Civil Contract Georgette Heyer Fiction, Romance, Historical, Regency, Arranged marriage, fiction, Man-woman relationships, fiction, Fiction, religious, London (England), fiction, Social life and customs,  fiction, Great Britain, fiction, Marriage, fiction, Lawyers, fiction, Manners and customs, fiction Amereon Limited, Berkley Pub Group (Mm), Harpercollins (Mm), William Heinemann, Putnam","Fiction, Romance, Historical, Regency, Arranged marriage, fiction, Man-woman relationships, fiction, Fiction, religious, London (England), fiction, Social life and customs,  fiction, Great Britain, fiction, Marriage, fiction, Lawyers, fiction, Manners and customs, fiction",,"Amereon Limited, Berkley Pub Group (Mm), Harpercollins (Mm), William Heinemann, Putnam",https://openlibrary.org/works/OL4092664W,https://covers.openlibrary.org/b/id/4978991-M.jpg,Open Library API
1961,The Bronze Bow,Elizabeth George Speare,4.736842,19,0,"The Bronze Bow Elizabeth George Speare Juvenile fiction, Newbery Medal, Fiction, Historical fiction, Jesus christ, fiction, Jews, history, fiction, Palestine, fiction, Rome, history, fiction, Children's fiction, Books and reading William A. Thomas Braille Bookstore, Blackstone Audiobooks, Hougton Mifflin, HarperCollins and Blackstone Publishing, Novel Units","Juvenile fiction, Newbery Medal, Fiction, Historical fiction, Jesus christ, fiction, Jews, history, fiction, Palestine, fiction, Rome, history, fiction, Children's fiction, Books and reading",,"William A. Thomas Braille Bookstore, Blackstone Audiobooks, Hougton Mifflin, HarperCollins and Blackstone Publishing, Novel Units",https://openlibrary.org/works/OL4783048W,https://covers.openlibrary.org/b/id/255407-M.jpg,Open Library API
1961,What was I scared of?,Dr. Seuss,4.4074073,54,0,"What was I scared of? Dr. Seuss Glow-in-the-dark books, Stories in rhyme, Fear, Fiction, Toy and movable books, Specimens, Juvenile fiction, Children's fiction, Fear, fiction Random House, Scholastic, Random House Books for Young Readers, Scholastic Inc., HarperCollins Publishers Limited","Glow-in-the-dark books, Stories in rhyme, Fear, Fiction, Toy and movable books, Specimens, Juvenile fiction, Children's fiction, Fear, fiction",,"Random House, Scholastic, Random House Books for Young Readers, Scholastic Inc., HarperCollins Publishers Limited",https://openlibrary.org/works/OL1898272W,https://covers.openlibrary.org/b/id/14420601-M.jpg,Open Library API
1961,Franny and Zooey,J. D. Salinger,4.25,28,0,"Franny and Zooey J. D. Salinger Fiction, NOVELAS ESTADOUNIDENSES, Short stories, Women college students, Brothers and sisters, Dysfunctional families, Young men, Spiritual life, College students, Religious life Random House Publishing Group, Penguin Books UK, Turtleback Books Distributed by Demco Media, Bantam Books, Heinemann","Fiction, NOVELAS ESTADOUNIDENSES, Short stories, Women college students, Brothers and sisters, Dysfunctional families, Young men, Spiritual life, College students, Religious life",,"Random House Publishing Group, Penguin Books UK, Turtleback Books Distributed by Demco Media, Bantam Books, Heinemann",https://openlibrary.org/works/OL3335291W,https://covers.openlibrary.org/b/id/6501579-M.jpg,Open Library API
1961,Stranger in a Strange Land,Robert A. Heinlein,4.5,4,0,"Stranger in a Strange Land Robert A. Heinlein Hugo Award Winner, award:hugo_award=1962, award:hugo_award=novel, Fiction, Fiction in English, Science fiction, American Science fiction, Religion, Cults, Sects G.P. Putnam's Sons, Berkley Publishing Corp., Lübbe, Capricorn Books, R. Laffont","Hugo Award Winner, award:hugo_award=1962, award:hugo_award=novel, Fiction, Fiction in English, Science fiction, American Science fiction, Religion, Cults, Sects",,"G.P. Putnam's Sons, Berkley Publishing Corp., Lübbe, Capricorn Books, R. Laffont",https://openlibrary.org/works/OL59688W,https://covers.openlibrary.org/b/id/14630668-M.jpg,Open Library API
1961,El coronel no tiene quien le escriba,"Gabriel García Márquez, Luisa Rivera",3.9444444,18,0,"El coronel no tiene quien le escriba Gabriel García Márquez, Luisa Rivera Fiction, Manners and customs in fiction, South American Fiction, Translations into English, Spanish language, Readers, Novela colombiana, Military pensions, Pensiones militares, Novela Era, Editorial Oveja Negra, Biblioteca Visao, Aims Intl Books Corp, Random House","Fiction, Manners and customs in fiction, South American Fiction, Translations into English, Spanish language, Readers, Novela colombiana, Military pensions, Pensiones militares, Novela",,"Era, Editorial Oveja Negra, Biblioteca Visao, Aims Intl Books Corp, Random House",https://openlibrary.org/works/OL274509W,https://covers.openlibrary.org/b/id/10096705-M.jpg,Open Library API
1961,Mother Night,Kurt Vonnegut,4.1764708,34,0,"Mother Night Kurt Vonnegut Black humor (Literature), Fiction, Science fiction, Spy stories, War criminals, Trials, Prisoners, National socialism, World War, 1939-1945, War crime trials Delaconte Press, Dial Press, Delta, Fawcett Publications, Avon Books","Black humor (Literature), Fiction, Science fiction, Spy stories, War criminals, Trials, Prisoners, National socialism, World War, 1939-1945, War crime trials",,"Delaconte Press, Dial Press, Delta, Fawcett Publications, Avon Books",https://openlibrary.org/works/OL98487W,https://covers.openlibrary.org/b/id/239848-M.jpg,Open Library API
1962,We Have Always Lived in the Castle,"Shirley Jackson, Bernadette Dunne",4.3207545,53,0,"We Have Always Lived in the Castle Shirley Jackson, Bernadette Dunne mystery, first-person narrative, Fiction, Literature, Gothic fiction, psychological fiction, Sisters, Murder, Investigation, Social isolation Amereon Ltd, PENGUIN BOOKS, Penguin Books, Limited, Penguin (Non-Classics), Blackstone Audiobooks","mystery, first-person narrative, Fiction, Literature, Gothic fiction, psychological fiction, Sisters, Murder, Investigation, Social isolation",,"Amereon Ltd, PENGUIN BOOKS, Penguin Books, Limited, Penguin (Non-Classics), Blackstone Audiobooks",https://openlibrary.org/works/OL3171087W,https://covers.openlibrary.org/b/id/11545332-M.jpg,Open Library API
1962,The Man in the High Castle,Philip K. Dick,3.568,125,0,"The Man in the High Castle Philip K. Dick award:hugo_award=1963, Fiction, Hugo Award Winner, Science Fiction, award:hugo_award=novel, Fiction, alternative history, Fiction, science fiction, general, nyt:trade-fiction-paperback=2015-12-13, New York Times bestseller, nyt:combined-print-and-e-book-fiction=2015-12-13 Aleph, Dom Wydawniczy Rebis, J'ai lu, J'AI LU, Putnam","award:hugo_award=1963, Fiction, Hugo Award Winner, Science Fiction, award:hugo_award=novel, Fiction, alternative history, Fiction, science fiction, general, nyt:trade-fiction-paperback=2015-12-13, New York Times bestseller, nyt:combined-print-and-e-book-fiction=2015-12-13",,"Aleph, Dom Wydawniczy Rebis, J'ai lu, J'AI LU, Putnam",https://openlibrary.org/works/OL2172403W,https://covers.openlibrary.org/b/id/420452-M.jpg,Open Library API
1962,One Flew Over the Cuckoo's Nest,Ken Kesey,4.137931,29,0,"One Flew Over the Cuckoo's Nest Ken Kesey Allegories, psychiatric nursing, medical novels, Belletristische Darstellung, Psychiatrische Klinik, Fiction, Psychiatric nurses in fiction, Psychiatric hospital patients in fiction, Psychiatric hospital patients, Psychiatric nurses Viking Press, Wydawnictwo Albatros, Patmos, Bolsillo, Stock","Allegories, psychiatric nursing, medical novels, Belletristische Darstellung, Psychiatrische Klinik, Fiction, Psychiatric nurses in fiction, Psychiatric hospital patients in fiction, Psychiatric hospital patients, Psychiatric nurses",,"Viking Press, Wydawnictwo Albatros, Patmos, Bolsillo, Stock",https://openlibrary.org/works/OL2944469W,https://covers.openlibrary.org/b/id/9272688-M.jpg,Open Library API
1962,Something Wicked This Way Comes,Ray Bradbury,4.09375,32,0,"Something Wicked This Way Comes Ray Bradbury Boys, Fiction, Male friendship, Fathers and sons, Carnival, Fiction in English, sci-fi, Social life and customs, Fantasy, Fantasy fiction Minotauro, Grafton Books, Simon and Schuster Paperbacks, Orion Publishing Group, Limited, MINOTAURO","Boys, Fiction, Male friendship, Fathers and sons, Carnival, Fiction in English, sci-fi, Social life and customs, Fantasy, Fantasy fiction",,"Minotauro, Grafton Books, Simon and Schuster Paperbacks, Orion Publishing Group, Limited, MINOTAURO",https://openlibrary.org/works/OL103194W,https://covers.openlibrary.org/b/id/9346340-M.jpg,Open Library API
1962,A Wrinkle in Time,Madeleine L'Engle,3.9127908,172,0,"A Wrinkle in Time Madeleine L'Engle Love, sci-fi, Newbery Medal, Open Library Staff Picks, Juvenile fiction, Space and time, Fiction, Science fiction, Friendship in adolesce, Time travel General Press, Alfaguara, DARKSIDE, Dell Pub., Listening Library (Audio)","Love, sci-fi, Newbery Medal, Open Library Staff Picks, Juvenile fiction, Space and time, Fiction, Science fiction, Friendship in adolesce, Time travel",,"General Press, Alfaguara, DARKSIDE, Dell Pub., Listening Library (Audio)",https://openlibrary.org/works/OL41495W,https://covers.openlibrary.org/b/id/8709146-M.jpg,Open Library API
1962,Aura,Carlos Fuentes,3.9,10,0,"Aura Carlos Fuentes Spanish Science fiction, Translations into English, Fiction (fictional works by one author), Fiction, general, Spanish language materials, Mexican fiction, Man-woman relationships, Fiction, Mexicano Novela, Spanish fiction Norma, Feltrinelli, Harcourt?, Meulenhoff, Deutsch","Spanish Science fiction, Translations into English, Fiction (fictional works by one author), Fiction, general, Spanish language materials, Mexican fiction, Man-woman relationships, Fiction, Mexicano Novela, Spanish fiction",,"Norma, Feltrinelli, Harcourt?, Meulenhoff, Deutsch",https://openlibrary.org/works/OL872225W,https://covers.openlibrary.org/b/id/4480453-M.jpg,Open Library API
1962,The Spy Who Came in from the Cold,John le Carré,4.1702127,47,0,"The Spy Who Came in from the Cold John le Carré Fiction, Cold War, Intelligence officers, Intelligence service, English Spy stories, Spies, George Smiley (Fictitious character), Cold War (1945-1989) fast (OCoLC)fst01754978, Spy stories, Smiley, george (fictitious character), fiction Hutchinson, Seix Barral, Coward-Mccann, Gallimard, Oscar Mondadori","Fiction, Cold War, Intelligence officers, Intelligence service, English Spy stories, Spies, George Smiley (Fictitious character), Cold War (1945-1989) fast (OCoLC)fst01754978, Spy stories, Smiley, george (fictitious character), fiction",,"Hutchinson, Seix Barral, Coward-Mccann, Gallimard, Oscar Mondadori",https://openlibrary.org/works/OL15723140W,https://covers.openlibrary.org/b/id/7013626-M.jpg,Open Library API
1962,Another Country,James Baldwin,4.4166665,12,0,"Another Country James Baldwin Classic Literature, Fiction, Suicide victims, African Americans, Racism, Racism -- Fiction., Social conditions, Suicide, Race relations, Man-woman relationships Vintage Books, Knopf Doubleday Publishing Group, Penguin Group UK, DH Audio, Corgi Books","Classic Literature, Fiction, Suicide victims, African Americans, Racism, Racism -- Fiction., Social conditions, Suicide, Race relations, Man-woman relationships",,"Vintage Books, Knopf Doubleday Publishing Group, Penguin Group UK, DH Audio, Corgi Books",https://openlibrary.org/works/OL228715W,https://covers.openlibrary.org/b/id/1642063-M.jpg,Open Library API
1962,The Drowned World,J. G. Ballard,3.5,6,0,"The Drowned World J. G. Ballard English fiction, Science Fiction, Fantasy fiction, Global warming, Fiction, Dystopia, Fiction, fantasy, general, Fiction, science fiction, general, English Science fiction, Natural disasters Dragon's Dream, Indigo, Penguin Books, Gollancz., HarperCollins Publishers Limited","English fiction, Science Fiction, Fantasy fiction, Global warming, Fiction, Dystopia, Fiction, fantasy, general, Fiction, science fiction, general, English Science fiction, Natural disasters",,"Dragon's Dream, Indigo, Penguin Books, Gollancz., HarperCollins Publishers Limited",https://openlibrary.org/works/OL2745976W,https://covers.openlibrary.org/b/id/5540959-M.jpg,Open Library API
1962,A Clockwork Orange,Anthony Burgess,4.030303,66,0,"A Clockwork Orange Anthony Burgess bible, aversion therapy, unintended consequences, Beethoven's Fifth Symphony, gang rape, psychiatric hospitals, maturity, metanoia, assault, joyriding Penguin Books, Limited, Penguin Books, Klett-Cotta Verlag, ALEPH, W.W. Norton & Company","bible, aversion therapy, unintended consequences, Beethoven's Fifth Symphony, gang rape, psychiatric hospitals, maturity, metanoia, assault, joyriding",,"Penguin Books, Limited, Penguin Books, Klett-Cotta Verlag, ALEPH, W.W. Norton & Company",https://openlibrary.org/works/OL261794W,https://covers.openlibrary.org/b/id/13151224-M.jpg,Open Library API
1963,Cat's Cradle,Kurt Vonnegut,3.961165,103,0,"Cat's Cradle Kurt Vonnegut End of the world, Fiction, American Fantasy fiction, Classic Literature, Humor (Fiction), Science Fiction, Large type books, American fiction (fictional works by one author), Fiction, humorous, Fiction, science fiction, general Penguin, Delacontee Press, Peter Smith Pub Inc, Amereon Ltd., Dell Publishing Co., Inc.","End of the world, Fiction, American Fantasy fiction, Classic Literature, Humor (Fiction), Science Fiction, Large type books, American fiction (fictional works by one author), Fiction, humorous, Fiction, science fiction, general",,"Penguin, Delacontee Press, Peter Smith Pub Inc, Amereon Ltd., Dell Publishing Co., Inc.",https://openlibrary.org/works/OL98454W,https://covers.openlibrary.org/b/id/12709654-M.jpg,Open Library API
1963,Amelia Bedelia,"Peggy Parish, Fritz Siebel, Barbara Siebel Thomas, Wallace Tripp",4.354839,31,0,"Amelia Bedelia Peggy Parish, Fritz Siebel, Barbara Siebel Thomas, Wallace Tripp Humorous stories, Juvenile fiction, Household employees, Amelia-Bedelia (Fictitious character), Fiction, Women household employees, Spanish language materials, Cuentos humorísticos, Materiales en español, Juvenile literature Harper and Row, Perfection Learning Prebound, Lectorum Publications, Turtleback Books Distributed by Demco Media, Harper Arco Iris","Humorous stories, Juvenile fiction, Household employees, Amelia-Bedelia (Fictitious character), Fiction, Women household employees, Spanish language materials, Cuentos humorísticos, Materiales en español, Juvenile literature",,"Harper and Row, Perfection Learning Prebound, Lectorum Publications, Turtleback Books Distributed by Demco Media, Harper Arco Iris",https://openlibrary.org/works/OL1932963W,https://covers.openlibrary.org/b/id/33823-M.jpg,Open Library API
1963,Where the Wild Things Are,Maurice Sendak,4.1238093,105,0,"Where the Wild Things Are Maurice Sendak Caldecott Medal, Dreams, Fantasy, Fantasy fiction, Fiction, Imagination, Juvenile fiction, Miniature books, Monsters, Specimens Scholastic Inc., HarperColins,2012, J. W. Cappelens, EDL, Diogenes Verlag AG","Caldecott Medal, Dreams, Fantasy, Fantasy fiction, Fiction, Imagination, Juvenile fiction, Miniature books, Monsters, Specimens",,"Scholastic Inc., HarperColins,2012, J. W. Cappelens, EDL, Diogenes Verlag AG",https://openlibrary.org/works/OL2568879W,https://covers.openlibrary.org/b/id/50842-M.jpg,Open Library API
1963,La planète des singes,Pierre Boulle,3.7222223,18,0,"La planète des singes Pierre Boulle French language edition, Fiction, Monkeys, Fiction, science fiction, action & adventure, Science fiction, Apes, Sci-Fi, Movies, Motion Pictures, Films AudioGO, Editora Aleph, Suma de Letras Suma de Letras, Edition Pocket, New American Library","French language edition, Fiction, Monkeys, Fiction, science fiction, action & adventure, Science fiction, Apes, Sci-Fi, Movies, Motion Pictures, Films",,"AudioGO, Editora Aleph, Suma de Letras Suma de Letras, Edition Pocket, New American Library",https://openlibrary.org/works/OL1319418W,https://covers.openlibrary.org/b/id/1009545-M.jpg,Open Library API
1963,Clifford the Big Red Dog,Norman Bridwell,4.142857,14,0,"Clifford the Big Red Dog Norman Bridwell Children's fiction, Dogs, fiction, Clifford, the big red dog (fictitious character), fiction, Storms, fiction, Clifford (Fictitious character : Bridwell), Juvenile fiction, Dogs, Fiction, Perros, Novela juvenil Four Winds Press, Tandem Library, Sidekicks, Scholastic Book Services, Initial Teaching Publishing","Children's fiction, Dogs, fiction, Clifford, the big red dog (fictitious character), fiction, Storms, fiction, Clifford (Fictitious character : Bridwell), Juvenile fiction, Dogs, Fiction, Perros, Novela juvenil",,"Four Winds Press, Tandem Library, Sidekicks, Scholastic Book Services, Initial Teaching Publishing",https://openlibrary.org/works/OL73128W,https://covers.openlibrary.org/b/id/383686-M.jpg,Open Library API
1963,Rayuela,Julio Cortázar,4.230769,13,0,"Rayuela Julio Cortázar Chronology, Social life and customs, Spanish fiction, Argentine fiction, Translations into English, Manners and customs, Fiction, Fiction, general, Fiction (fictional works by one author), Fiction, suspense Harvill Press, La Repubblica, GEDI, Leer-e, Suma de Letras","Chronology, Social life and customs, Spanish fiction, Argentine fiction, Translations into English, Manners and customs, Fiction, Fiction, general, Fiction (fictional works by one author), Fiction, suspense",,"Harvill Press, La Repubblica, GEDI, Leer-e, Suma de Letras",https://openlibrary.org/works/OL14860424W,https://covers.openlibrary.org/b/id/1047466-M.jpg,Open Library API
1963,The Man Who Fell to Earth,Walter S. Tevis,3.5555556,9,0,"The Man Who Fell to Earth Walter S. Tevis Human-alien encounters, Fiction, Science Fiction, Life on other planets, Fiction, science fiction, general, Readers, Fiction, general, Kentucky, fiction Ullstein, Bloomsbury Paperbacks, Lancer Books, Abacus, Ballantine Pub. Group","Human-alien encounters, Fiction, Science Fiction, Life on other planets, Fiction, science fiction, general, Readers, Fiction, general, Kentucky, fiction",,"Ullstein, Bloomsbury Paperbacks, Lancer Books, Abacus, Ballantine Pub. Group",https://openlibrary.org/works/OL83886W,https://covers.openlibrary.org/b/id/209597-M.jpg,Open Library API
1963,The Watsons go to Birmingham--1963,"Christopher Paul Curtis, Reginald André Jackson, Eida de la Vega",4.3333335,18,0,"The Watsons go to Birmingham--1963 Christopher Paul Curtis, Reginald André Jackson, Eida de la Vega Brothers and sisters, Family, Juvenile fiction, Family life, Prejudices, Fiction, African Americans, Frères et soeurs, Histoire, Familles noires américaines Holt, Rinehart and Winston, Cengage Gale, Pathways Publishing, Thorndike Press, Adobe Systems, Incorporated","Brothers and sisters, Family, Juvenile fiction, Family life, Prejudices, Fiction, African Americans, Frères et soeurs, Histoire, Familles noires américaines",,"Holt, Rinehart and Winston, Cengage Gale, Pathways Publishing, Thorndike Press, Adobe Systems, Incorporated",https://openlibrary.org/works/OL115601W,https://covers.openlibrary.org/b/id/10323552-M.jpg,Open Library API
1963,The Clocks,Agatha Christie,3.3636363,11,0,"The Clocks Agatha Christie Fiction, Mystery, Hercule Poirot (Fictitious character), Private investigators, Detective and mystery stories, English Detective and mystery stories, England, fiction, Poirot, hercule (fictitious character), fiction, Fiction, mystery & detective, traditional, Murder Scherz, Thorpe, Ulverscroft, Kaiser, HarperCollins Publishers","Fiction, Mystery, Hercule Poirot (Fictitious character), Private investigators, Detective and mystery stories, English Detective and mystery stories, England, fiction, Poirot, hercule (fictitious character), fiction, Fiction, mystery & detective, traditional, Murder",,"Scherz, Thorpe, Ulverscroft, Kaiser, HarperCollins Publishers",https://openlibrary.org/works/OL471670W,https://covers.openlibrary.org/b/id/12996554-M.jpg,Open Library API
1963,Orphans of the Sky,Robert A. Heinlein,3.2857144,7,0,"Orphans of the Sky Robert A. Heinlein Fiction in English, Fiction, science fiction, general, American Science fiction, Interstellar travel, Fiction, Space ships New American Library, Berkley Publishing Corporation, London: Victor Gollancz Ltd,, Putnam, Stealth Pr","Fiction in English, Fiction, science fiction, general, American Science fiction, Interstellar travel, Fiction, Space ships",,"New American Library, Berkley Publishing Corporation, London: Victor Gollancz Ltd,, Putnam, Stealth Pr",https://openlibrary.org/works/OL59738W,https://covers.openlibrary.org/b/id/14631626-M.jpg,Open Library API
1964,The Book Of Three,Lloyd Alexander,4.0,30,0,"The Book Of Three Lloyd Alexander Fantasy, Juvenile fiction, Swine, Celtic Mythology, Heroes, Good and evil, Prydain (Imaginary place), Fiction, Adventure and adventurers, Children's fiction Henry Holt and Co. BYR Paperbacks, Egmont Childrens Books, Perfection Learning Prebound, Henry Holt & Co, Heinemann","Fantasy, Juvenile fiction, Swine, Celtic Mythology, Heroes, Good and evil, Prydain (Imaginary place), Fiction, Adventure and adventurers, Children's fiction",,"Henry Holt and Co. BYR Paperbacks, Egmont Childrens Books, Perfection Learning Prebound, Henry Holt & Co, Heinemann",https://openlibrary.org/works/OL270887W,https://covers.openlibrary.org/b/id/580388-M.jpg,Open Library API
1964,Charlie and the Chocolate Factory,Roald Dahl,4.0505414,277,0,"Charlie and the Chocolate Factory Roald Dahl Childrens Media Tie-In Books, Children's Middle Grade Action & Adventure Books, Children's Picture Books, Avarice, Behavior, Chocolat, Chocolate, Chocolate factories, Conducta, Conduct of life Contemporary French Fiction, Santillana USA, Itchy Coo, Bantam Skylark, Allyn & Bacon, Incorporated","Childrens Media Tie-In Books, Children's Middle Grade Action & Adventure Books, Children's Picture Books, Avarice, Behavior, Chocolat, Chocolate, Chocolate factories, Conducta, Conduct of life",,"Contemporary French Fiction, Santillana USA, Itchy Coo, Bantam Skylark, Allyn & Bacon, Incorporated",https://openlibrary.org/works/OL45790W,https://covers.openlibrary.org/b/id/12459564-M.jpg,Open Library API
1964,"Thank You, Amelia Bedelia","Peggy Parish, Fritz Siebel",3.9333334,15,0,"Thank You, Amelia Bedelia Peggy Parish, Fritz Siebel Juvenile fiction, Humorous stories, Domestics, Domestics -- Juvenile fiction, Household employees, fiction, Amelia-bedelia (fictitious character), fiction, Children's fiction, Literature and fiction, women authors, Household employees, Fiction HarperTrophy, HarperCollinsPublishers, Weekly Reader Books, Scholastic, Harper & Row","Juvenile fiction, Humorous stories, Domestics, Domestics -- Juvenile fiction, Household employees, fiction, Amelia-bedelia (fictitious character), fiction, Children's fiction, Literature and fiction, women authors, Household employees, Fiction",,"HarperTrophy, HarperCollinsPublishers, Weekly Reader Books, Scholastic, Harper & Row",https://openlibrary.org/works/OL1932991W,https://covers.openlibrary.org/b/id/51452-M.jpg,Open Library API
1964,Games People Play,Eric Berne,3.7627118,59,0,"Games People Play Eric Berne Game theory, Interpersonal relations, Social interaction, Transactional analysis, Social Psychology, Interacción social, Psihoterapija, Social role, Sociale relaties, Psychologische aspecten LITUR, Progress, Stock, Grove Press, Inc., Ballantine Books","Game theory, Interpersonal relations, Social interaction, Transactional analysis, Social Psychology, Interacción social, Psihoterapija, Social role, Sociale relaties, Psychologische aspecten",,"LITUR, Progress, Stock, Grove Press, Inc., Ballantine Books",https://openlibrary.org/works/OL1593567W,https://covers.openlibrary.org/b/id/8281189-M.jpg,Open Library API
1964,Farnham's Freehold,Robert A. Heinlein,3.2857144,7,0,"Farnham's Freehold Robert A. Heinlein Fiction, Slaves, Fiction in English, Nuclear warfare, Fiction, science fiction, action & adventure, Fiction, science fiction, general, American Science fiction New American Library of Canada, Baen, Blackstone Audio, Inc., Corgi, Ace Books","Fiction, Slaves, Fiction in English, Nuclear warfare, Fiction, science fiction, action & adventure, Fiction, science fiction, general, American Science fiction",,"New American Library of Canada, Baen, Blackstone Audio, Inc., Corgi, Ace Books",https://openlibrary.org/works/OL59737W,https://covers.openlibrary.org/b/id/6633146-M.jpg,Open Library API
1964,Last Exit to Brooklyn,"Hubert Selby, Jr., Hubert Selby Jr.",4.5,8,0,"Last Exit to Brooklyn Hubert Selby, Jr., Hubert Selby Jr. Fiction, psychological, New york (n.y.), fiction, Fiction, urban, City and town life, Fiction, Obsessive-compulsive disorder, Social isolation, American Science fiction, Fiction, city life, LGBTQ fiction before Stonewall Distributed by Corgi, Grove Press, Important Books, Open Road Integrated Media, Inc., Bloomsbury Publishing","Fiction, psychological, New york (n.y.), fiction, Fiction, urban, City and town life, Fiction, Obsessive-compulsive disorder, Social isolation, American Science fiction, Fiction, city life, LGBTQ fiction before Stonewall",,"Distributed by Corgi, Grove Press, Important Books, Open Road Integrated Media, Inc., Bloomsbury Publishing",https://openlibrary.org/works/OL2737302W,https://covers.openlibrary.org/b/id/568595-M.jpg,Open Library API
1964,The Giving Tree,Shel Silverstein,4.1568627,102,0,"The Giving Tree Shel Silverstein Children's poetry, American, Fiction, Humorous poetry, Juvenile fiction, Latin language materials, Trees, Generosity, Boys, Love, Sacrifice Bolchazy-Carducci, あすなろ書房, L'École des Loisirs, Tŏgu Chʻulpʻansa, HarperCollins","Children's poetry, American, Fiction, Humorous poetry, Juvenile fiction, Latin language materials, Trees, Generosity, Boys, Love, Sacrifice",,"Bolchazy-Carducci, あすなろ書房, L'École des Loisirs, Tŏgu Chʻulpʻansa, HarperCollins",https://openlibrary.org/works/OL3368288W,https://covers.openlibrary.org/b/id/8981758-M.jpg,Open Library API
1964,This Rough Magic,Mary Stewart,4.25,8,0,"This Rough Magic Mary Stewart Fiction, Large type books, Actors, Fiction, mystery & detective, general, Fiction, romance, suspense, Greece, fiction, Actors, fiction, Fiction, thrillers, general, Actresses, fiction, Acteurs Hodder, Coronet, Morrow, F. Watts, Oxford University Press","Fiction, Large type books, Actors, Fiction, mystery & detective, general, Fiction, romance, suspense, Greece, fiction, Actors, fiction, Fiction, thrillers, general, Actresses, fiction, Acteurs",,"Hodder, Coronet, Morrow, F. Watts, Oxford University Press",https://openlibrary.org/works/OL213275W,https://covers.openlibrary.org/b/id/34233-M.jpg,Open Library API
1964,A Caribbean Mystery,Agatha Christie,4.0,10,0,"A Caribbean Mystery Agatha Christie Agatha Christie, Miss Marple, Series, British, Amateur, Detective, Fiction, Classic, Literature, Braille Sagebrush Education Resources, The Audio Partners, G. K. Hall & Company, Harpercollins, Dodd, Mead & Company","Agatha Christie, Miss Marple, Series, British, Amateur, Detective, Fiction, Classic, Literature, Braille",,"Sagebrush Education Resources, The Audio Partners, G. K. Hall & Company, Harpercollins, Dodd, Mead & Company",https://openlibrary.org/works/OL472458W,https://covers.openlibrary.org/b/id/14578132-M.jpg,Open Library API
1964,Bread and jam for Frances,Russell Hoban,4.3636365,11,0,"Bread and jam for Frances Russell Hoban Fiction, Food habits, Badgers, Frances (Fictitious character : Hoban), Easy reading materials, Spanish language materials, Juvenile fiction, Badgers -- Fiction, Food habits -- Fiction, Children: Babies Toddlers Tandem Library, Perfection Learning Prebound, Faber, Scholastic Book Services, Scholastic","Fiction, Food habits, Badgers, Frances (Fictitious character : Hoban), Easy reading materials, Spanish language materials, Juvenile fiction, Badgers -- Fiction, Food habits -- Fiction, Children: Babies Toddlers",,"Tandem Library, Perfection Learning Prebound, Faber, Scholastic Book Services, Scholastic",https://openlibrary.org/works/OL74290W,https://covers.openlibrary.org/b/id/23710-M.jpg,Open Library API
1965,Dune,Frank Herbert,4.3049645,423,0,"Dune Frank Herbert Dune (Imaginary place), Fiction, Fiction, science fiction, general, Dune (imaginary place), fiction, New York Times reviewed, Science fiction, Science-fiction, American literature, nyt:mass-market-monthly=2021-11-07, New York Times bestseller Hodder & Stoughton Ltd, Ace Books, Inc., Brand: Acervo, Gollancz Paperback, Berkley Trade","Dune (Imaginary place), Fiction, Fiction, science fiction, general, Dune (imaginary place), fiction, New York Times reviewed, Science fiction, Science-fiction, American literature, nyt:mass-market-monthly=2021-11-07, New York Times bestseller",,"Hodder & Stoughton Ltd, Ace Books, Inc., Brand: Acervo, Gollancz Paperback, Berkley Trade",https://openlibrary.org/works/OL893415W,https://covers.openlibrary.org/b/id/11481354-M.jpg,Open Library API
1965,Stoner,John Williams,4.2826085,46,0,"Stoner John Williams domestic fiction, psychological fiction, Literature, Fiction, Study and teaching, College teachers, Adultery, English teachers, Marital conflict, campus New York Review of Books, Vintage Books, Polirom, Yapi Kredi Yayinlari, New York Review Books","domestic fiction, psychological fiction, Literature, Fiction, Study and teaching, College teachers, Adultery, English teachers, Marital conflict, campus",,"New York Review of Books, Vintage Books, Polirom, Yapi Kredi Yayinlari, New York Review Books",https://openlibrary.org/works/OL3511459W,https://covers.openlibrary.org/b/id/8310729-M.jpg,Open Library API
1965,At Bertram's Hotel,Agatha Christie,4.0666666,15,0,"At Bertram's Hotel Agatha Christie Fiction, Jane Marple (Fictitious character), Women detectives, Older women, History, Hotels, Mystery, Detective and mystery stories, Mystery fiction, Marple, Jane (Fictitious character) Fontana, Collins, Collins for the Crime Club, The Audio Partners, published for The Crime Club by Collins, Harpercollins","Fiction, Jane Marple (Fictitious character), Women detectives, Older women, History, Hotels, Mystery, Detective and mystery stories, Mystery fiction, Marple, Jane (Fictitious character)",,"Fontana, Collins, Collins for the Crime Club, The Audio Partners, published for The Crime Club by Collins, Harpercollins",https://openlibrary.org/works/OL265415W,https://covers.openlibrary.org/b/id/6379981-M.jpg,Open Library API
1965,The Mouse and the Motorcycle,Beverly Cleary,3.8529413,34,0,"The Mouse and the Motorcycle Beverly Cleary transportation, juvenile fiction, readers, chapter books, animals, mice, humorous stories, hotels, People & Places, social themes Avon Books (Mm), Fitzgerald Books, Demco Media, HarperCollins Espanol, Avon","transportation, juvenile fiction, readers, chapter books, animals, mice, humorous stories, hotels, People & Places, social themes",,"Avon Books (Mm), Fitzgerald Books, Demco Media, HarperCollins Espanol, Avon",https://openlibrary.org/works/OL151936W,https://covers.openlibrary.org/b/id/12996603-M.jpg,Open Library API
1965,The Magus,"John Fowles, Fowles J",3.75,12,0,"The Magus John Fowles, Fowles J British, English Psychological fiction, Fiction, Greece, Islands, Travel, Fiction, psychological, Teachers, fiction, Greece, fiction, Fiction, general Ayrnt Yaynlar, Triad Granada, Penguin Random House, World Books, Jonathan Cape","British, English Psychological fiction, Fiction, Greece, Islands, Travel, Fiction, psychological, Teachers, fiction, Greece, fiction, Fiction, general",,"Ayrnt Yaynlar, Triad Granada, Penguin Random House, World Books, Jonathan Cape",https://openlibrary.org/works/OL15028W,https://covers.openlibrary.org/b/id/5424278-M.jpg,Open Library API
1965,The moon is a harsh mistress,Robert A. Heinlein,4.0119047,84,0,"The moon is a harsh mistress Robert A. Heinlein Fiction, science fiction, general, Stone, hazel (fictitious character), fiction, American Science fiction, Fiction, Hugo Award Winner, Imaginary wars and battles, award:hugo_award=1967, award:hugo_award=novel, Penal colonies, Revolutions Dobson Books, La Factoría de Ideas, Berkley Medallion, Putnam, ʻAm ʻoved","Fiction, science fiction, general, Stone, hazel (fictitious character), fiction, American Science fiction, Fiction, Hugo Award Winner, Imaginary wars and battles, award:hugo_award=1967, award:hugo_award=novel, Penal colonies, Revolutions",,"Dobson Books, La Factoría de Ideas, Berkley Medallion, Putnam, ʻAm ʻoved",https://openlibrary.org/works/OL59704W,https://covers.openlibrary.org/b/id/14631258-M.jpg,Open Library API
1965,In Cold Blood,Truman Capote,4.042105,95,0,"In Cold Blood Truman Capote True, Crime, Murder, Mystery, Cas, Études de, Meurtre, Análisis de casos, Asesinato, Case studies, Murder -- Kansas -- Case studies. Editorial Noguer, Random House , NY, H. Hamilton, The New American Library, Signet Books","True, Crime, Murder, Mystery, Cas, Études de, Meurtre, Análisis de casos, Asesinato, Case studies, Murder -- Kansas -- Case studies.",,"Editorial Noguer, Random House , NY, H. Hamilton, The New American Library, Signet Books",https://openlibrary.org/works/OL1992198W,https://covers.openlibrary.org/b/id/228066-M.jpg,Open Library API
1965,The Cyberiad,Stanisław Lem,3.6818182,22,0,"The Cyberiad Stanisław Lem Poland in fiction, Fiction, Polish Science fiction, Polish fiction, Polish Short stories, Continental european fiction (fictional works by one author), Fiction, science fiction, general, Translations into English, Robots, Inventors Secker and Warburg, Avon Books, Futura Publications Limited, Penguin Classics, Wydaw. Literackie","Poland in fiction, Fiction, Polish Science fiction, Polish fiction, Polish Short stories, Continental european fiction (fictional works by one author), Fiction, science fiction, general, Translations into English, Robots, Inventors",,"Secker and Warburg, Avon Books, Futura Publications Limited, Penguin Classics, Wydaw. Literackie",https://openlibrary.org/works/OL2683553W,https://covers.openlibrary.org/b/id/116079-M.jpg,Open Library API
1965,The three stigmata of Palmer Eldritch,Philip K. Dick,3.6153846,26,0,"The three stigmata of Palmer Eldritch Philip K. Dick Drugs, Fiction, Fiction in English, Immortalism, Science Fiction, Space colonies, Twenty-first century, Fiction, science fiction, general, Large type books, Hallucinogenic drugs Macfadden-Bartell Corp., Manor Books, Minotauro, Mariner Books, Blackstone Audiobooks","Drugs, Fiction, Fiction in English, Immortalism, Science Fiction, Space colonies, Twenty-first century, Fiction, science fiction, general, Large type books, Hallucinogenic drugs",,"Macfadden-Bartell Corp., Manor Books, Minotauro, Mariner Books, Blackstone Audiobooks",https://openlibrary.org/works/OL2172402W,https://covers.openlibrary.org/b/id/4910773-M.jpg,Open Library API
1965,The Black Cauldron,Lloyd Alexander,4.130435,23,0,"The Black Cauldron Lloyd Alexander Courage, Fantasy, Good and evil, Heroes, Juvenile fiction, Prydain (Imaginary place), Magic, Quests (Expeditions), Fiction, Pigs Random House, Purnell, Tandem Library, Mouse Works, Holt, Rinehart & winston","Courage, Fantasy, Good and evil, Heroes, Juvenile fiction, Prydain (Imaginary place), Magic, Quests (Expeditions), Fiction, Pigs",,"Random House, Purnell, Tandem Library, Mouse Works, Holt, Rinehart & winston",https://openlibrary.org/works/OL1966566W,https://covers.openlibrary.org/b/id/580387-M.jpg,Open Library API
1966,Мастер и Маргарита,Михаил Афанасьевич Булгаков,4.1368423,95,0,"Мастер и Маргарита Михаил Афанасьевич Булгаков satire, humor, Politicians, Good and evil, Alienation, atheism, magicians, bands, political fiction, allegories Harper & Row, The Folio Society., JiaHu Books, Alma Classics, Dhv der Hörverlag","satire, humor, Politicians, Good and evil, Alienation, atheism, magicians, bands, political fiction, allegories",,"Harper & Row, The Folio Society., JiaHu Books, Alma Classics, Dhv der Hörverlag",https://openlibrary.org/works/OL676009W,https://covers.openlibrary.org/b/id/12947486-M.jpg,Open Library API
1966,Wide Sargasso Sea,Jean Rhys,3.9375,16,0,"Wide Sargasso Sea Jean Rhys stream of consciousness, Creoles, postcolonial literature, race, colonialism, feminist, canonical, Fiction in English, Fiction, open_syllabus_project W W Norton & Co Ltd, Hodder and Stoughton, Editorial Anagrama, Bruguera, Penguin Classics","stream of consciousness, Creoles, postcolonial literature, race, colonialism, feminist, canonical, Fiction in English, Fiction, open_syllabus_project",,"W W Norton & Co Ltd, Hodder and Stoughton, Editorial Anagrama, Bruguera, Penguin Classics",https://openlibrary.org/works/OL1858668W,https://covers.openlibrary.org/b/id/9269373-M.jpg,Open Library API
1966,The Magic Finger,Roald Dahl,4.0333333,30,0,"The Magic Finger Roald Dahl Fiction, Magic, Hunting, Ficción juvenil, Caza, Magia, Children's literature, Children's stories, Young Adult Fiction, Juvenile fiction Alfaguara Ediciones, S.A. (Spain), Penguin Books, Limited, Gallimard-Jeunesse, Allen & Unwin, Harper & Row","Fiction, Magic, Hunting, Ficción juvenil, Caza, Magia, Children's literature, Children's stories, Young Adult Fiction, Juvenile fiction",,"Alfaguara Ediciones, S.A. (Spain), Penguin Books, Limited, Gallimard-Jeunesse, Allen & Unwin, Harper & Row",https://openlibrary.org/works/OL45876W,https://covers.openlibrary.org/b/id/9158800-M.jpg,Open Library API
1966,Flowers for Algernon,Daniel Keyes,4.285714,98,0,"Flowers for Algernon Daniel Keyes institutionalization, dementia, phenylketonuria, award:nebula_award=novel, Brain, Surgery, People with mental disabilities, Gifted persons, Fiction, American Science fiction Harcourt, Brace & Co., Cassell, Harvest / Harcourt Inc., Creative Education, L´ALTRA","institutionalization, dementia, phenylketonuria, award:nebula_award=novel, Brain, Surgery, People with mental disabilities, Gifted persons, Fiction, American Science fiction",,"Harcourt, Brace & Co., Cassell, Harvest / Harcourt Inc., Creative Education, L´ALTRA",https://openlibrary.org/works/OL515754W,https://covers.openlibrary.org/b/id/12947700-M.jpg,Open Library API
1966,Rocannon's World,Ursula K. Le Guin,3.642857,14,0,"Rocannon's World Ursula K. Le Guin Fiction in English, Fiction, science fiction, general, Science fiction Le Livre de Poche, Minotauro, Orion Publishing Group, Limited, Blackstone Audio, Inc., Bromera","Fiction in English, Fiction, science fiction, general, Science fiction",,"Le Livre de Poche, Minotauro, Orion Publishing Group, Limited, Blackstone Audio, Inc., Bromera",https://openlibrary.org/works/OL59850W,https://covers.openlibrary.org/b/id/1926090-M.jpg,Open Library API
1966,The Chosen,"Chaim Potok, Jonathan Davis",4.0,9,0,"The Chosen Chaim Potok, Jonathan Davis Jewish families, Fiction, Jews, Fathers and sons, Friendship, Hasidism, Male friendship, Teenage boys, Large type books, Fiction, religious Fawcett, Ballantine Books, Simon and Schuster, Fawcett Columbine, Fawcett Publication, Inc.","Jewish families, Fiction, Jews, Fathers and sons, Friendship, Hasidism, Male friendship, Teenage boys, Large type books, Fiction, religious",,"Fawcett, Ballantine Books, Simon and Schuster, Fawcett Columbine, Fawcett Publication, Inc.",https://openlibrary.org/works/OL1812090W,https://covers.openlibrary.org/b/id/257337-M.jpg,Open Library API
1966,"Bartleby, the Scrivener",Herman Melville,4.0333333,30,0,"Bartleby, the Scrivener Herman Melville open_syllabus_project, Fiction, Young men, Copyists, classic literature, Psychology, Securities industry, Fiction, history and criticism, American fiction (fictional works by one author), Presidents, united states, messages Dercum Audio, Gargola, Editions Mille de Mille et Une Nuit, Bartleby Press, IndyPublish","open_syllabus_project, Fiction, Young men, Copyists, classic literature, Psychology, Securities industry, Fiction, history and criticism, American fiction (fictional works by one author), Presidents, united states, messages",,"Dercum Audio, Gargola, Editions Mille de Mille et Une Nuit, Bartleby Press, IndyPublish",https://openlibrary.org/works/OL102732W,https://covers.openlibrary.org/b/id/10521439-M.jpg,Open Library API
1966,Terrace In The Sun,Anne Weale,3.7727273,22,0,"Terrace In The Sun Anne Weale Fiction in English, romance, Large type books, Romance, fiction Atlantic large print, Lythway Press, Mills & Boon, Harlequin, Curley","Fiction in English, romance, Large type books, Romance, fiction",,"Atlantic large print, Lythway Press, Mills & Boon, Harlequin, Curley",https://openlibrary.org/works/OL3754835W,https://covers.openlibrary.org/b/id/8205884-M.jpg,Open Library API
1966,A Man of the People,Chinua Achebe,3.642857,14,0,"A Man of the People Chinua Achebe Politicians, Fiction, Fiction (fictional works by one author), Nigeria, fiction, Politicians, fiction, Politique et gouvernement, Romans, Satire, Nigerian (English), Politics and government HarperCollins Publishers, Heinemann EducationalBooks, Penguin Books Ltd, Doubleday, DEBOLSILLO","Politicians, Fiction, Fiction (fictional works by one author), Nigeria, fiction, Politicians, fiction, Politique et gouvernement, Romans, Satire, Nigerian (English), Politics and government",,"HarperCollins Publishers, Heinemann EducationalBooks, Penguin Books Ltd, Doubleday, DEBOLSILLO",https://openlibrary.org/works/OL891787W,https://covers.openlibrary.org/b/id/6535892-M.jpg,Open Library API
1966,World of Ptavvs,Larry Niven,3.7272727,11,0,"World of Ptavvs Larry Niven Science Fiction in English, Fiction in English, Fiction, science fiction, general, Science Fiction, scifi Audible Studios on Brilliance, Science Fiction Book Club, Opta, Ballantine Books, MADONALD.","Science Fiction in English, Fiction in English, Fiction, science fiction, general, Science Fiction, scifi",,"Audible Studios on Brilliance, Science Fiction Book Club, Opta, Ballantine Books, MADONALD.",https://openlibrary.org/works/OL510447W,https://covers.openlibrary.org/b/id/6675716-M.jpg,Open Library API
1967,The Outsiders,"S. E. Hinton, Jim Fyfe, Jodi Picoult",4.36,125,0,"The Outsiders S. E. Hinton, Jim Fyfe, Jodi Picoult juvenile works, violence, fiction classics, Fiction, Gangs, Family life, Family, Juvenile fiction, Brothers, Young adult fiction Turtleback, Deutscher Taschenbuch Verlag GmbH & Co., Viking Juvenile, Penguin Books, Limited, Collins Tracks","juvenile works, violence, fiction classics, Fiction, Gangs, Family life, Family, Juvenile fiction, Brothers, Young adult fiction",,"Turtleback, Deutscher Taschenbuch Verlag GmbH & Co., Viking Juvenile, Penguin Books, Limited, Collins Tracks",https://openlibrary.org/works/OL2718328W,https://covers.openlibrary.org/b/id/7263662-M.jpg,Open Library API
1967,The Twits,Roald Dahl,3.9464285,56,0,"The Twits Roald Dahl humorous stories, animals, Open Library Staff Picks, animal welfare, practical jokes, fiction, children's stories, juvenile fiction, revenge, tricksters Gallimard Jeunesse, Penguin Group Books, HarperFestival, Aguilar, Gallimard","humorous stories, animals, Open Library Staff Picks, animal welfare, practical jokes, fiction, children's stories, juvenile fiction, revenge, tricksters",,"Gallimard Jeunesse, Penguin Group Books, HarperFestival, Aguilar, Gallimard",https://openlibrary.org/works/OL45884W,https://covers.openlibrary.org/b/id/14838233-M.jpg,Open Library API
1967,From the Mixed-Up Files of Mrs. Basil E. Frankweiler,"E. L. Konigsburg, Jill Clayburgh",4.1666665,30,0,"From the Mixed-Up Files of Mrs. Basil E. Frankweiler E. L. Konigsburg, Jill Clayburgh Juvenile fiction, Large type books, Fiction, Runaways, Self-reliance, Brothers and sisters, History, Museums, Metropolitan Museum of Art (New York, N.Y.), Children: Grades 2-3 Dell Publishing, Puffin Books, Atheneum, Bound to Stay Bound Books, Palabra","Juvenile fiction, Large type books, Fiction, Runaways, Self-reliance, Brothers and sisters, History, Museums, Metropolitan Museum of Art (New York, N.Y.), Children: Grades 2-3",,"Dell Publishing, Puffin Books, Atheneum, Bound to Stay Bound Books, Palabra",https://openlibrary.org/works/OL2987238W,https://covers.openlibrary.org/b/id/541206-M.jpg,Open Library API
1967,"Brown Bear, Brown Bear, What Do You See?","Bill Martin Jr., Eric Carle",4.086207,58,0,"Brown Bear, Brown Bear, What Do You See? Bill Martin Jr., Eric Carle Fiction, Children's Books/Baby-Preschool, Animals, Color, Juvenile fiction, Stories in rhyme, Colors, Ficción juvenil, Vietnamese language materials, Spanish language materials Kaiseisha, Shang yi wen hua shi ye gu fen you xian gong si, Picture Lions, Tomorrow Publishing House, Holt & Company, Henry","Fiction, Children's Books/Baby-Preschool, Animals, Color, Juvenile fiction, Stories in rhyme, Colors, Ficción juvenil, Vietnamese language materials, Spanish language materials",,"Kaiseisha, Shang yi wen hua shi ye gu fen you xian gong si, Picture Lions, Tomorrow Publishing House, Holt & Company, Henry",https://openlibrary.org/works/OL59133W,https://covers.openlibrary.org/b/id/12624136-M.jpg,Open Library API
1967,Lord of Light,Roger Zelazny,3.6774194,31,0,"Lord of Light Roger Zelazny Fiction, Hindu Gods, Hugo Award Winner, Space colonies, award:hugo_award=1968, award:hugo_award=novel, Philosophy, Literature, Fiction, science fiction, general, American Science fiction Ein Heyne Buch, Doubleday & Co., Methuen, Gregg Press, Faber","Fiction, Hindu Gods, Hugo Award Winner, Space colonies, award:hugo_award=1968, award:hugo_award=novel, Philosophy, Literature, Fiction, science fiction, general, American Science fiction",,"Ein Heyne Buch, Doubleday & Co., Methuen, Gregg Press, Faber",https://openlibrary.org/works/OL13992W,https://covers.openlibrary.org/b/id/29946-M.jpg,Open Library API
1967,Cien años de soledad,Gabriel García Márquez,4.0833335,84,0,"Cien años de soledad Gabriel García Márquez Spanish language books, Fiction, Social conditions, Macondo (Imaginary place), novel, magic realism, Latinamerican literature, Condiciones sociales, Novela, Literatura épica Sagebrush Education Resources, Editorial Sud-Americana, Random House Mondadori, Plaza & Janes Editories Sa, Barnes and Noble","Spanish language books, Fiction, Social conditions, Macondo (Imaginary place), novel, magic realism, Latinamerican literature, Condiciones sociales, Novela, Literatura épica",,"Sagebrush Education Resources, Editorial Sud-Americana, Random House Mondadori, Plaza & Janes Editories Sa, Barnes and Noble",https://openlibrary.org/works/OL274505W,https://covers.openlibrary.org/b/id/12627383-M.jpg,Open Library API
1967,Niezwyciężony,Stanisław Lem,3.857143,14,0,"Niezwyciężony Stanisław Lem Polish Science fiction, Slavic philology, Fiction, Continental european fiction (fictional works by one author), Fiction, science fiction, general, Fiction, general Iskry, Laffont, Seabury Press, Minotauro, MIT Press","Polish Science fiction, Slavic philology, Fiction, Continental european fiction (fictional works by one author), Fiction, science fiction, general, Fiction, general",,"Iskry, Laffont, Seabury Press, Minotauro, MIT Press",https://openlibrary.org/works/OL109498W,https://covers.openlibrary.org/b/id/7394465-M.jpg,Open Library API
1967,First Term at Malory Towers,Enid Blyton,3.857143,7,0,"First Term at Malory Towers Enid Blyton Schools, fiction, Students, fiction, Children's fiction, Juvenile fiction, Boarding schools, Boarding schools, fiction, Malory Towers (Imaginary place), Girls, Fiction, Friendship, fiction Dragon Books, Hamlyn young books, Egmont Childrens Books, Dragon, Granada Publishing Ltd","Schools, fiction, Students, fiction, Children's fiction, Juvenile fiction, Boarding schools, Boarding schools, fiction, Malory Towers (Imaginary place), Girls, Fiction, Friendship, fiction",,"Dragon Books, Hamlyn young books, Egmont Childrens Books, Dragon, Granada Publishing Ltd",https://openlibrary.org/works/OL1948395W,https://covers.openlibrary.org/b/id/14596326-M.jpg,Open Library API
1967,Conan,Robert E. Howard,4.5454545,11,0,"Conan Robert E. Howard English Short stories, Shortstories, English, Fantasy fiction, American, Fiction, Conan (Fictitious character), American Fantasy fiction, English Shortstories, Conan (fictitious character), fiction, Fiction, fantasy, general, Cimmeria (imaginary place), fiction Ace, Planeta Cómic, Penguin Putnam~mass, Brand: Ace, Sphere Books Ltd","English Short stories, Shortstories, English, Fantasy fiction, American, Fiction, Conan (Fictitious character), American Fantasy fiction, English Shortstories, Conan (fictitious character), fiction, Fiction, fantasy, general, Cimmeria (imaginary place), fiction",,"Ace, Planeta Cómic, Penguin Putnam~mass, Brand: Ace, Sphere Books Ltd",https://openlibrary.org/works/OL3384310W,https://covers.openlibrary.org/b/id/6614295-M.jpg,Open Library API
1967,The French Lieutenant's Woman,John Fowles,4.285714,7,0,"The French Lieutenant's Woman John Fowles Fiction, Triangles (Interpersonal relations), Man-woman relationships, Women, Sexuality, History, Fiction, romance, historical, England, fiction, Man-woman relationships, fiction, Fiction, romance, historical, general Little Brown, The Audio Partners, Guild Publishing, New American Library, Signet Books","Fiction, Triangles (Interpersonal relations), Man-woman relationships, Women, Sexuality, History, Fiction, romance, historical, England, fiction, Man-woman relationships, fiction, Fiction, romance, historical, general",,"Little Brown, The Audio Partners, Guild Publishing, New American Library, Signet Books",https://openlibrary.org/works/OL15010W,https://covers.openlibrary.org/b/id/188822-M.jpg,Open Library API
1968,A Wizard of Earthsea,Ursula K. Le Guin,3.9491525,118,0,"A Wizard of Earthsea Ursula K. Le Guin Fiction, Magic, Magic in fiction, Fantasy, Wizards, Wizards in fiction, Bk. 1., Earthsea (Le Guin, Ursula K.), Juvenile fiction, Children's fiction RAYO VERDE EDITORIAL, S.L., Zemorah, Bitan, Livre de Poche, Metis Yayincilik, Carlsen","Fiction, Magic, Magic in fiction, Fantasy, Wizards, Wizards in fiction, Bk. 1., Earthsea (Le Guin, Ursula K.), Juvenile fiction, Children's fiction",,"RAYO VERDE EDITORIAL, S.L., Zemorah, Bitan, Livre de Poche, Metis Yayincilik, Carlsen",https://openlibrary.org/works/OL59798W,https://covers.openlibrary.org/b/id/13617691-M.jpg,Open Library API
1968,2001,Arthur C. Clarke,4.195122,123,0,"2001 Arthur C. Clarke Human-computer interaction, Computers, Fiction, Science fiction, Twenty-first century, Space vehicles, Long Now Manual for Civilization, English Science fiction, Fiction, science fiction, hard science fiction, Saturn SIGNET BOOKS, CD Unabridged Library Edition, Pearson Education, Limited, J'AI LU, Cahiers du cinéma","Human-computer interaction, Computers, Fiction, Science fiction, Twenty-first century, Space vehicles, Long Now Manual for Civilization, English Science fiction, Fiction, science fiction, hard science fiction, Saturn",,"SIGNET BOOKS, CD Unabridged Library Edition, Pearson Education, Limited, J'AI LU, Cahiers du cinéma",https://openlibrary.org/works/OL17365W,https://covers.openlibrary.org/b/id/11344400-M.jpg,Open Library API
1968,The Last Unicorn,Peter S. Beagle,4.296296,27,0,"The Last Unicorn Peter S. Beagle Unicorns, Fiction, Legends and stories, Juvenile literature, American Fantasy fiction, Large type books, Fiction, fantasy, general, Fantasy fiction, Fiction, general, Fiction, science fiction, general Dark Horse Comics, Gregg Press, Denoël, IDW Publishing, Bodley Head","Unicorns, Fiction, Legends and stories, Juvenile literature, American Fantasy fiction, Large type books, Fiction, fantasy, general, Fantasy fiction, Fiction, general, Fiction, science fiction, general",,"Dark Horse Comics, Gregg Press, Denoël, IDW Publishing, Bodley Head",https://openlibrary.org/works/OL26459W,https://covers.openlibrary.org/b/id/294651-M.jpg,Open Library API
1968,Slaughterhouse-Five,Kurt Vonnegut,4.1647058,255,0,"Slaughterhouse-Five Kurt Vonnegut American science fiction, bombing of Dresden, Open Library staff picks, military fiction, war stories, World War II, World War, 1939-1945, literature and the war, war, free will and determinism Laurel, Delta, Penguin Random House, Archaia, Harperaudio","American science fiction, bombing of Dresden, Open Library staff picks, military fiction, war stories, World War II, World War, 1939-1945, literature and the war, war, free will and determinism",,"Laurel, Delta, Penguin Random House, Archaia, Harperaudio",https://openlibrary.org/works/OL98459W,https://covers.openlibrary.org/b/id/12727001-M.jpg,Open Library API
1968,Dragonflight,Anne McCaffrey,3.8666666,45,0,"Dragonflight Anne McCaffrey Pern (Imaginary place), Science Fiction, Fantasy fiction, Juvenile fiction, Fiction in English, Fiction, Fantasy, Life on other planets, Space colonies, Dragons Brilliance Audio on MP3-CD Lib Ed, Del Rey, Del Ray, Acervo, Sifriyat Maʻariv","Pern (Imaginary place), Science Fiction, Fantasy fiction, Juvenile fiction, Fiction in English, Fiction, Fantasy, Life on other planets, Space colonies, Dragons",,"Brilliance Audio on MP3-CD Lib Ed, Del Rey, Del Ray, Acervo, Sifriyat Maʻariv",https://openlibrary.org/works/OL73387W,https://covers.openlibrary.org/b/id/10306696-M.jpg,Open Library API
1968,At the Mountains of Madness,"H.P. Lovecraft, Enrique Breccia",3.7906976,43,0,"At the Mountains of Madness H.P. Lovecraft, Enrique Breccia Fiction, Fossils, Scientific expeditions, Stone carving, Collection and preservation, Supernatural, Supernatural in literature, American Horror tales, Children's fiction, Horror stories Voyager, Sounds Terrifying, Open Road Media Sci-Fi & Fantasy, Del Rey, Ballantine Books","Fiction, Fossils, Scientific expeditions, Stone carving, Collection and preservation, Supernatural, Supernatural in literature, American Horror tales, Children's fiction, Horror stories",,"Voyager, Sounds Terrifying, Open Road Media Sci-Fi & Fantasy, Del Rey, Ballantine Books",https://openlibrary.org/works/OL152268W,https://covers.openlibrary.org/b/id/6610039-M.jpg,Open Library API
1968,Caps for Sale,Esphyr Slobodkina,4.0,18,0,"Caps for Sale Esphyr Slobodkina Peddlers and peddling, Juvenile fiction, Monkeys, Blind, Books and reading, Peddlers, Hats, Children: Kindergarten, folk tales, picture books Live Oak Media, Littlehampton Book Services Ltd, Weston Woods, HarperTrophy, Scholastic Audio Cassette","Peddlers and peddling, Juvenile fiction, Monkeys, Blind, Books and reading, Peddlers, Hats, Children: Kindergarten, folk tales, picture books",,"Live Oak Media, Littlehampton Book Services Ltd, Weston Woods, HarperTrophy, Scholastic Audio Cassette",https://openlibrary.org/works/OL278245W,https://covers.openlibrary.org/b/id/50821-M.jpg,Open Library API
1968,Do Androids Dream of Electric Sheep?,Philip K. Dick,4.0503144,159,0,"Do Androids Dream of Electric Sheep? Philip K. Dick Androids, Fiction, Rick Deckard (Fictitious character), Science Fiction, Twenty-first century, open_syllabus_project, Bounty hunters, Fiction, science fiction, general, Large type books, Movie-TV Tie-In Hayakawa Books, pocket eldhasa, Booket, HarperCollins, J'AI LU","Androids, Fiction, Rick Deckard (Fictitious character), Science Fiction, Twenty-first century, open_syllabus_project, Bounty hunters, Fiction, science fiction, general, Large type books, Movie-TV Tie-In",,"Hayakawa Books, pocket eldhasa, Booket, HarperCollins, J'AI LU",https://openlibrary.org/works/OL2172356W,https://covers.openlibrary.org/b/id/207515-M.jpg,Open Library API
1968,In Watermelon Sugar,"Richard Brautigan, Richard Brautigan, richard brautigan",4.285714,7,0,"In Watermelon Sugar Richard Brautigan, Richard Brautigan, richard brautigan Fiction, general, Children's fiction Penguin Random House, Dell Pub. Co., dell publishing co, inc., Four Seasons, Laurel Leaf Library","Fiction, general, Children's fiction",,"Penguin Random House, Dell Pub. Co., dell publishing co, inc., Four Seasons, Laurel Leaf Library",https://openlibrary.org/works/OL29654W,https://covers.openlibrary.org/b/id/74366-M.jpg,Open Library API
1968,Corduroy,Don Freeman,4.0,27,0,"Corduroy Don Freeman Chinese language materials, Corduroy (Fictitions character), Day, Department stores, Fiction, Juvenile fiction, Picture books, Teddy bears, Toys, Percussion instruments Jing Lian He Chu Ban Gong Si, Perfection Form Co, Viking Books for Young Readers, Perfection Learning, Puffin","Chinese language materials, Corduroy (Fictitions character), Day, Department stores, Fiction, Juvenile fiction, Picture books, Teddy bears, Toys, Percussion instruments",,"Jing Lian He Chu Ban Gong Si, Perfection Form Co, Viking Books for Young Readers, Perfection Learning, Puffin",https://openlibrary.org/works/OL4114525W,https://covers.openlibrary.org/b/id/1333207-M.jpg,Open Library API
1969,Ubik,Philip K. Dick,3.9452055,73,0,"Ubik Philip K. Dick Fiction, Death, Businessmen, Explosions, Science Fiction, Fiction, science fiction, general, Iowa, fiction, Fiction, humorous, FICTION / Science Fiction / General, FICTION / Literary Knopf Doubleday Publishing Group, Ulverscroft Ltd, Phoenix, Suhrkamp, Brilliance Audio","Fiction, Death, Businessmen, Explosions, Science Fiction, Fiction, science fiction, general, Iowa, fiction, Fiction, humorous, FICTION / Science Fiction / General, FICTION / Literary",,"Knopf Doubleday Publishing Group, Ulverscroft Ltd, Phoenix, Suhrkamp, Brilliance Audio",https://openlibrary.org/works/OL2172454W,https://covers.openlibrary.org/b/id/5018327-M.jpg,Open Library API
1969,The Godfather,Mario Puzo,4.2444444,45,0,"The Godfather Mario Puzo Detective and mystery stories, Organized crime, Criminals, Italian Americans, Mafia, Fiction, Criminals in fiction, Drama, Italian Americans in fiction, Mafia in fiction Koch, Neff & Oetinger & Co, Corbaccio, Penguin Random House, New Amer Library Trade, Arrow Books Ltd","Detective and mystery stories, Organized crime, Criminals, Italian Americans, Mafia, Fiction, Criminals in fiction, Drama, Italian Americans in fiction, Mafia in fiction",,"Koch, Neff & Oetinger & Co, Corbaccio, Penguin Random House, New Amer Library Trade, Arrow Books Ltd",https://openlibrary.org/works/OL1673205W,https://covers.openlibrary.org/b/id/6507069-M.jpg,Open Library API
1969,Nightfall,Isaac Asimov,4.185185,27,0,"Nightfall Isaac Asimov American Science fiction, American Fantasy fiction, Fiction, science fiction, general, Science fiction Plaza & Janes, Fawcett Pub., Random House Publish, Doubleday, New York, TERRE DE BRUME","American Science fiction, American Fantasy fiction, Fiction, science fiction, general, Science fiction",,"Plaza & Janes, Fawcett Pub., Random House Publish, Doubleday, New York, TERRE DE BRUME",https://openlibrary.org/works/OL46374W,https://covers.openlibrary.org/b/id/9302081-M.jpg,Open Library API
1969,Dune Messiah,Frank Herbert,3.9481483,135,0,"Dune Messiah Frank Herbert American Science fiction, Dune (Imaginary place), Fiction, Imaginary places, Science Fiction, Translations into Russian, Novela, Dune (Lugar imaginario), Lectures et morceaux choisis, Anglais (langue) CORONET (HODD), Editora Aleph, Heyne Verlag, Acervo, New English Library","American Science fiction, Dune (Imaginary place), Fiction, Imaginary places, Science Fiction, Translations into Russian, Novela, Dune (Lugar imaginario), Lectures et morceaux choisis, Anglais (langue)",,"CORONET (HODD), Editora Aleph, Heyne Verlag, Acervo, New English Library",https://openlibrary.org/works/OL893526W,https://covers.openlibrary.org/b/id/2421405-M.jpg,Open Library API
1969,Americanah,Chimamanda Ngozi Adichie,3.8222222,45,0,"Americanah Chimamanda Ngozi Adichie Nigerians, Immigrants, Refugees, African-Americans, literary fiction, African-American fiction, cultural heritage, Fiction, blogging, romance fanbooks, Thorndike Press, Munshiram Manoharlal Publishers Pvt. Ltd., Can Yayınları, Gallimard","Nigerians, Immigrants, Refugees, African-Americans, literary fiction, African-American fiction, cultural heritage, Fiction, blogging, romance",,"fanbooks, Thorndike Press, Munshiram Manoharlal Publishers Pvt. Ltd., Can Yayınları, Gallimard",https://openlibrary.org/works/OL16805415W,https://covers.openlibrary.org/b/id/8474037-M.jpg,Open Library API
1969,Hallowe'en Party,Agatha Christie,3.4666667,15,0,"Hallowe'en Party Agatha Christie Fiction, Mystery, Murder, Murder Mystery, Private investigators, Private investigators in fiction, Hercule Poirot (Fictitious character), Senior detectives, Drowning victims, Murder investigations Harpercollins, Dodd, Mead & Company, Center Point Publishing, Fontana/Collins, Columna CAT","Fiction, Mystery, Murder, Murder Mystery, Private investigators, Private investigators in fiction, Hercule Poirot (Fictitious character), Senior detectives, Drowning victims, Murder investigations",,"Harpercollins, Dodd, Mead & Company, Center Point Publishing, Fontana/Collins, Columna CAT",https://openlibrary.org/works/OL471832W,https://covers.openlibrary.org/b/id/11160095-M.jpg,Open Library API
1969,The Very Hungry Caterpillar,Eric Carle,4.009804,102,0,"The Very Hungry Caterpillar Eric Carle Children's fiction, Caterpillars, fiction, Toy and movable books, Fiction, Caterpillars, German language materials, Italian language materials, Specimens, Translations into Chinese, Chinese language edition A. Mondadori, HarperCollins Publishers, Penguin Random House, Brand: Philomel, Deutscher Taschenb","Children's fiction, Caterpillars, fiction, Toy and movable books, Fiction, Caterpillars, German language materials, Italian language materials, Specimens, Translations into Chinese, Chinese language edition",,"A. Mondadori, HarperCollins Publishers, Penguin Random House, Brand: Philomel, Deutscher Taschenb",https://openlibrary.org/works/OL52987W,https://covers.openlibrary.org/b/id/7835968-M.jpg,Open Library API
1969,Portnoy's Complaint,Philip Roth,3.7058823,17,0,"Portnoy's Complaint Philip Roth Coming of age, Mothers and sons, Czech fiction, Young men in fiction, Jewish men in fiction, Fiction, Jewish men, Sex addicts, Young men, Mothers and sons in fiction Random house, Bantam Books, Guild, Transworld Publishers, Suma de Letras","Coming of age, Mothers and sons, Czech fiction, Young men in fiction, Jewish men in fiction, Fiction, Jewish men, Sex addicts, Young men, Mothers and sons in fiction",,"Random house, Bantam Books, Guild, Transworld Publishers, Suma de Letras",https://openlibrary.org/works/OL74676W,https://covers.openlibrary.org/b/id/6458427-M.jpg,Open Library API
1969,Delta of Venus,"Anaïs Nin, N Clarke",3.875,8,0,"Delta of Venus Anaïs Nin, N Clarke American Erotic stories, Fiction, erotica, general, Fiction, short stories (single author), Translations into Russian, Erotic stories, American, Histoires érotiques américaines, Fiction, Fiction, erotica, American Short stories, Sexuality Harcour, Ebury Publishing, ANAIS NIN, Le livre de poche, Droemer Knaur","American Erotic stories, Fiction, erotica, general, Fiction, short stories (single author), Translations into Russian, Erotic stories, American, Histoires érotiques américaines, Fiction, Fiction, erotica, American Short stories, Sexuality",,"Harcour, Ebury Publishing, ANAIS NIN, Le livre de poche, Droemer Knaur",https://openlibrary.org/works/OL278323W,https://covers.openlibrary.org/b/id/5731296-M.jpg,Open Library API
1969,The Ship Who Sang,Anne McCaffrey,4.2727275,11,0,"The Ship Who Sang Anne McCaffrey Fiction in English, Space ships, Cyborgs, Fiction, Fiction, fantasy, general Walker, Deutscher Bücherbund, Turtleback Books Distributed by Demco Media, Corgi, Del Rey","Fiction in English, Space ships, Cyborgs, Fiction, Fiction, fantasy, general",,"Walker, Deutscher Bücherbund, Turtleback Books Distributed by Demco Media, Corgi, Del Rey",https://openlibrary.org/works/OL73367W,https://covers.openlibrary.org/b/id/207261-M.jpg,Open Library API
1970,"Are You There God? It's Me, Margaret.",Judy Blume,4.1842103,38,0,"Are You There God? It's Me, Margaret. Judy Blume Children's Middle Grade Books, young adult novels, puberty, menarche, Christians, Jews, prayer, sanitary napkins, menstruation, Seven Minutes in Heaven MACMILLAN CHILDREN'S BOOKS, Editorial Oceano de Mexico, atheneum, Kolektif Kitap, Richard Jackson Books/Athaneum Books for Young Readers","Children's Middle Grade Books, young adult novels, puberty, menarche, Christians, Jews, prayer, sanitary napkins, menstruation, Seven Minutes in Heaven",,"MACMILLAN CHILDREN'S BOOKS, Editorial Oceano de Mexico, atheneum, Kolektif Kitap, Richard Jackson Books/Athaneum Books for Young Readers",https://openlibrary.org/works/OL268217W,https://covers.openlibrary.org/b/id/12388102-M.jpg,Open Library API
1970,The Chronicles of Narnia,C. S. Lewis,4.1686745,83,0,"The Chronicles of Narnia C. S. Lewis Fantasy fiction, Fiction, Juvenile works, Juvenile fiction, Juvenile audience, good and evil, children, fantasy, Action and adventure fiction, Princes Media Rodzina, Collier Books, Rayo, HarperCollins Children's Books, HarperCollins Publishers","Fantasy fiction, Fiction, Juvenile works, Juvenile fiction, Juvenile audience, good and evil, children, fantasy, Action and adventure fiction, Princes",,"Media Rodzina, Collier Books, Rayo, HarperCollins Children's Books, HarperCollins Publishers",https://openlibrary.org/works/OL70988W,https://covers.openlibrary.org/b/id/9321656-M.jpg,Open Library API
1970,The Bluest Eye,Toni Morrison,4.193548,31,0,"The Bluest Eye Toni Morrison foster care, Dick and Jane, flashback, White Anglo-Saxon Protestants, inferiority complex, whiteness, third-person narrative, Coming of age, African American fiction, Eye Companhia Das Letras, Sel Yayıncılık, Holt McDougal, RosettaBooks, Washington Square Press","foster care, Dick and Jane, flashback, White Anglo-Saxon Protestants, inferiority complex, whiteness, third-person narrative, Coming of age, African American fiction, Eye",,"Companhia Das Letras, Sel Yayıncılık, Holt McDougal, RosettaBooks, Washington Square Press",https://openlibrary.org/works/OL50565W,https://covers.openlibrary.org/b/id/15152696-M.jpg,Open Library API
1970,Runaway Ralph,Beverly Cleary,4.2987013,77,0,"Runaway Ralph Beverly Cleary watchdogs, motorcycling, camping, running away, summer camp, summer, Juvenile fiction, Mice, Fiction, Mice -- Fiction Avon Camelot, Listening Library, Puffin, Hamish Hamilton, HarperTrophy","watchdogs, motorcycling, camping, running away, summer camp, summer, Juvenile fiction, Mice, Fiction, Mice -- Fiction",,"Avon Camelot, Listening Library, Puffin, Hamish Hamilton, HarperTrophy",https://openlibrary.org/works/OL151956W,https://covers.openlibrary.org/b/id/15033545-M.jpg,Open Library API
1970,Savage surrender,Charlotte Lamb,3.875,16,0,"Savage surrender Charlotte Lamb Fiction in English, Fiction, Romance, Contemporary, Love triangle, fiction Mills & Boon, Harlequin Presents 401, Mills and Boon, Mills and boon","Fiction in English, Fiction, Romance, Contemporary, Love triangle, fiction",,"Mills & Boon, Harlequin Presents 401, Mills and Boon, Mills and boon",https://openlibrary.org/works/OL11277308W,https://covers.openlibrary.org/b/id/6277480-M.jpg,Open Library API
1970,Works (Buried Talents / Dance of the Dead / Dress of White Silk / From Shadowed Places / I Am Legend / Mad House / Person to Person / Prey / The Funeral / The Near Departed / Witch War),Richard Matheson,4.173913,23,0,"Works (Buried Talents / Dance of the Dead / Dress of White Silk / From Shadowed Places / I Am Legend / Mad House / Person to Person / Prey / The Funeral / The Near Departed / Witch War) Richard Matheson Occult, American Horror tales, Vampires, Epidemics, Horror, Fiction, Science Fiction, Horror fiction, Horror tales, Short stories Tor Books, tor, Tom Doherty Associates, Tom Doherty Assoc Llc, Blackstone Audio Inc.","Occult, American Horror tales, Vampires, Epidemics, Horror, Fiction, Science Fiction, Horror fiction, Horror tales, Short stories",,"Tor Books, tor, Tom Doherty Associates, Tom Doherty Assoc Llc, Blackstone Audio Inc.",https://openlibrary.org/works/OL64225W,https://covers.openlibrary.org/b/id/6462252-M.jpg,Open Library API
1970,Fantastic Mr Fox,Roald Dahl,3.982301,113,0,"Fantastic Mr Fox Roald Dahl Animals, Hunger, Open Library Staff Picks, Juvenile fiction, Children's stories, English, Foxes, Fiction, Zorros, Ficción juvenil, Tunnels Santillana USA, Itchy Coo, Harper Collins, Gallimard, Alfaguara Infantil","Animals, Hunger, Open Library Staff Picks, Juvenile fiction, Children's stories, English, Foxes, Fiction, Zorros, Ficción juvenil, Tunnels",,"Santillana USA, Itchy Coo, Harper Collins, Gallimard, Alfaguara Infantil",https://openlibrary.org/works/OL45804W,https://covers.openlibrary.org/b/id/6498519-M.jpg,Open Library API
1970,The Trumpet of the Swan,E. B. White,4.5,22,0,"The Trumpet of the Swan E. B. White Cisnes, Ficción juvenil, Fiction, Juvenile fiction, Swans, Trumpeter swan, Children's stories, Stories, Children's fiction, Swans, fiction HarperCollins Children's Books, Penguin Books, Limited, Bolinda audio, Tandem Library, HarperCollins Publishers","Cisnes, Ficción juvenil, Fiction, Juvenile fiction, Swans, Trumpeter swan, Children's stories, Stories, Children's fiction, Swans, fiction",,"HarperCollins Children's Books, Penguin Books, Limited, Bolinda audio, Tandem Library, HarperCollins Publishers",https://openlibrary.org/works/OL483387W,https://covers.openlibrary.org/b/id/50627-M.jpg,Open Library API
1970,Sweet Revenge,Anne Mather,3.7058823,17,0,"Sweet Revenge Anne Mather Fiction, Romance, Contemporary Harlequin Enterprises ULC, Harlequin Books, Mills & Boon","Fiction, Romance, Contemporary",,"Harlequin Enterprises ULC, Harlequin Books, Mills & Boon",https://openlibrary.org/works/OL3771180W,https://covers.openlibrary.org/b/id/7321461-M.jpg,Open Library API
1970,Nine Princes in Amber,Roger Zelazny,3.9444444,36,0,"Nine Princes in Amber Roger Zelazny Parallel Worlds, Amber (Imaginary place), Fiction, Fantasy, Reading Level-Grade 11, Reading Level-Grade 10, Reading Level-Grade 12, Large type books, Amber (imaginary place), fiction, Fiction, science fiction, general Faber and Faber Ltd, Doubleday, DENOEL, Sphere, Sunset Productions","Parallel Worlds, Amber (Imaginary place), Fiction, Fantasy, Reading Level-Grade 11, Reading Level-Grade 10, Reading Level-Grade 12, Large type books, Amber (imaginary place), fiction, Fiction, science fiction, general",,"Faber and Faber Ltd, Doubleday, DENOEL, Sphere, Sunset Productions",https://openlibrary.org/works/OL13977W,https://covers.openlibrary.org/b/id/535139-M.jpg,Open Library API
1971,The Exorcist,William Peter Blatty,4.130435,23,0,"The Exorcist William Peter Blatty Fiction, Horror, horror fiction, demonic possession, Gothic Revival, priests, demons, bishops, heart arrhythmia, Jesuits Obscura Editorial, SL, Harpercollins, Corgi Adult, Ekdose, J'ai lu","Fiction, Horror, horror fiction, demonic possession, Gothic Revival, priests, demons, bishops, heart arrhythmia, Jesuits",,"Obscura Editorial, SL, Harpercollins, Corgi Adult, Ekdose, J'ai lu",https://openlibrary.org/works/OL927199W,https://covers.openlibrary.org/b/id/12715730-M.jpg,Open Library API
1971,The Tombs of Atuan,Ursula K. Le Guin,3.9107144,56,0,"The Tombs of Atuan Ursula K. Le Guin Magic, Novela fantástica estadounidense, Magic in fiction, Fiction, Fantasy, Wizards, American Fantasy fiction, Children's stories, Wizards in fiction, Magic -- Fiction Minotauro, Pocket, Atheneum, Orion Publishing Group, Limited, MINOTAURO","Magic, Novela fantástica estadounidense, Magic in fiction, Fiction, Fantasy, Wizards, American Fantasy fiction, Children's stories, Wizards in fiction, Magic -- Fiction",,"Minotauro, Pocket, Atheneum, Orion Publishing Group, Limited, MINOTAURO",https://openlibrary.org/works/OL59801W,https://covers.openlibrary.org/b/id/6633403-M.jpg,Open Library API
1971,The Lathe of Heaven,Ursula K. Le Guin,4.0408163,49,0,"The Lathe of Heaven Ursula K. Le Guin Dreams, Fiction, Fiction in English, Science fiction, Dystopian fiction, Nature, Psychotherapist and patient, Social change, Effect of human beings on, Dreams -- Fiction Keter, Minotauro, Metis, Orion Publishing Group, Limited, MINOTAURO","Dreams, Fiction, Fiction in English, Science fiction, Dystopian fiction, Nature, Psychotherapist and patient, Social change, Effect of human beings on, Dreams -- Fiction",,"Keter, Minotauro, Metis, Orion Publishing Group, Limited, MINOTAURO",https://openlibrary.org/works/OL59858W,https://covers.openlibrary.org/b/id/26458-M.jpg,Open Library API
1971,"That was then, this is now",S. E. Hinton,4.647059,17,0,"That was then, this is now S. E. Hinton Fiction, Social problems, Friendship, Juvenile fiction, Drug abuse, Young adult fiction, Teenagers, Children's fiction, Drugs, fiction, Social problems, fiction Gollancz, Puffin Books, Demco Media, Speak, an imprint of Penguin Putnam, Collins","Fiction, Social problems, Friendship, Juvenile fiction, Drug abuse, Young adult fiction, Teenagers, Children's fiction, Drugs, fiction, Social problems, fiction",,"Gollancz, Puffin Books, Demco Media, Speak, an imprint of Penguin Putnam, Collins",https://openlibrary.org/works/OL2718327W,https://covers.openlibrary.org/b/id/14419013-M.jpg,Open Library API
1971,Maurice,E. M. Forster,3.6923077,13,0,"Maurice E. M. Forster Fiction, Gay men, Gay men in fiction, England in fiction, University of Cambridge, University of Cambridge in fiction, Fiction in English, Criticism and interpretation, Coming of age, Homosexuality Alianza Editorial Sa, Plume, Penguin BOOKS LTD, Audible Studios on Brilliance Audio, Christian Bourgois","Fiction, Gay men, Gay men in fiction, England in fiction, University of Cambridge, University of Cambridge in fiction, Fiction in English, Criticism and interpretation, Coming of age, Homosexuality",,"Alianza Editorial Sa, Plume, Penguin BOOKS LTD, Audible Studios on Brilliance Audio, Christian Bourgois",https://openlibrary.org/works/OL88877W,https://covers.openlibrary.org/b/id/1364882-M.jpg,Open Library API
1971,The Day of the Jackal,Frederick Forsyth,4.2105265,19,0,"The Day of the Jackal Frederick Forsyth Fiction, Literature, Assassination attempts, Assassins, Attempted assassination, France, fiction, Fiction, espionage, Fiction, historical, Fiction, thrillers, espionage, Fiction, historical, general Bantam Books, Curley Pub., Blackstone Audio, Inc., Corgi, Books On Tape, INC.","Fiction, Literature, Assassination attempts, Assassins, Attempted assassination, France, fiction, Fiction, espionage, Fiction, historical, Fiction, thrillers, espionage, Fiction, historical, general",,"Bantam Books, Curley Pub., Blackstone Audio, Inc., Corgi, Books On Tape, INC.",https://openlibrary.org/works/OL7923819W,https://covers.openlibrary.org/b/id/77394-M.jpg,Open Library API
1971,To your scattered bodies go,Philip José Farmer,3.5652175,23,0,"To your scattered bodies go Philip José Farmer Hugo Award Winner, Fiction in English, award:hugo_award=novel, award:hugo_award=1972, Science fiction, Riverworld (imaginary place), fiction, Fiction, science fiction, general SFBC Science Fiction, Panther, Gregg Press, Science Fiction Book Club, SFBC","Hugo Award Winner, Fiction in English, award:hugo_award=novel, award:hugo_award=1972, Science fiction, Riverworld (imaginary place), fiction, Fiction, science fiction, general",,"SFBC Science Fiction, Panther, Gregg Press, Science Fiction Book Club, SFBC",https://openlibrary.org/works/OL273080W,https://covers.openlibrary.org/b/id/382159-M.jpg,Open Library API
1971,Go Ask Alice,Beatrice Sparks,3.6862745,51,0,"Go Ask Alice Beatrice Sparks homelessness, bad trips, psychiatric hospitals, child prostitution, probation, hitchhiking, child sexual abuse, heroin, rape, psychedelic experiences Simon and Schuster Books for Young Readers, Martinez Roca S a Ediciones, Prentice Hall, Methuen, Vintage Books","homelessness, bad trips, psychiatric hospitals, child prostitution, probation, hitchhiking, child sexual abuse, heroin, rape, psychedelic experiences",,"Simon and Schuster Books for Young Readers, Martinez Roca S a Ediciones, Prentice Hall, Methuen, Vintage Books",https://openlibrary.org/works/OL264729W,https://covers.openlibrary.org/b/id/8749018-M.jpg,Open Library API
1971,Grendel,John Gardner,4.1764708,17,0,"Grendel John Gardner Fantasy fiction, Beowulf, Monsters, Adaptations, Fiction, Epic poetry, English (Old), Heroes, Dragons, Medieval Civilization, Civilization, Anglo-Saxon Milena Verlag, Recorded Books, Macmillan, Recorded Books, Inc. and Blackstone Publishing, Vintage","Fantasy fiction, Beowulf, Monsters, Adaptations, Fiction, Epic poetry, English (Old), Heroes, Dragons, Medieval Civilization, Civilization, Anglo-Saxon",,"Milena Verlag, Recorded Books, Macmillan, Recorded Books, Inc. and Blackstone Publishing, Vintage",https://openlibrary.org/works/OL280307W,https://covers.openlibrary.org/b/id/419836-M.jpg,Open Library API
1971,Rooster who set out to see the world,Eric Carle,3.7777777,18,0,"Rooster who set out to see the world Eric Carle Juvenile fiction, Animals, Counting, Animals in fiction, Set theory, Fiction, Numbers, Roosters, Children's fiction, Roosters, fiction Mavibulut Yayinlari, Gerstenberg, Scholastic, Perfection Learning Prebound, Franklin Watts","Juvenile fiction, Animals, Counting, Animals in fiction, Set theory, Fiction, Numbers, Roosters, Children's fiction, Roosters, fiction",,"Mavibulut Yayinlari, Gerstenberg, Scholastic, Perfection Learning Prebound, Franklin Watts",https://openlibrary.org/works/OL53026W,https://covers.openlibrary.org/b/id/1642391-M.jpg,Open Library API
1972,Watership Down,Richard Adams,4.1359224,103,0,"Watership Down Richard Adams Rabbits, Adventure and adventurers, Open Library Staff Picks, Fiction, Children's stories, Survival, Juvenile fiction, Adventure stories, English Fantasy fiction, Nature Amfora, Charnwood, Potter/Ten Speed/Harmony/Rodale, Highbridge Audio, Avon","Rabbits, Adventure and adventurers, Open Library Staff Picks, Fiction, Children's stories, Survival, Juvenile fiction, Adventure stories, English Fantasy fiction, Nature",,"Amfora, Charnwood, Potter/Ten Speed/Harmony/Rodale, Highbridge Audio, Avon",https://openlibrary.org/works/OL2096536W,https://covers.openlibrary.org/b/id/6450196-M.jpg,Open Library API
1972,I Have No Mouth and I Must Scream,Harlan Ellison,4.116279,43,0,"I Have No Mouth and I Must Scream Harlan Ellison Fiction, science fiction, collections & anthologies Audio Literature, Pyramid Books, Ace Books","Fiction, science fiction, collections & anthologies",,"Audio Literature, Pyramid Books, Ace Books",https://openlibrary.org/works/OL1737320W,https://covers.openlibrary.org/b/id/5540875-M.jpg,Open Library API
1972,The Farthest Shore,Ursula K. Le Guin,3.8958333,48,0,"The Farthest Shore Ursula K. Le Guin Magic, Magia, Fantasy fiction, Fiction in English, Fiction, Fantasy, Wizards, Children's stories, Ficción, Large type books Atheneum Books for Young Readers, Zemorah, Bitan, Minotauro, Turtleback Books Distributed by Demco Media, MINOTAURO","Magic, Magia, Fantasy fiction, Fiction in English, Fiction, Fantasy, Wizards, Children's stories, Ficción, Large type books",,"Atheneum Books for Young Readers, Zemorah, Bitan, Minotauro, Turtleback Books Distributed by Demco Media, MINOTAURO",https://openlibrary.org/works/OL59855W,https://covers.openlibrary.org/b/id/6498990-M.jpg,Open Library API
1972,Tales of a Fourth Grade Nothing,Judy Blume,4.185185,27,0,"Tales of a Fourth Grade Nothing Judy Blume turtles, Humorous stories, Brothers, Juvenile fiction, Family life, Fiction, Family, Brothers and sisters, Families, Humorous fiction Penguin Publishing Group, Chivers Press, Demco Media, A Yearling Publishing Book, Scholastic, Inc.","turtles, Humorous stories, Brothers, Juvenile fiction, Family life, Fiction, Family, Brothers and sisters, Families, Humorous fiction",,"Penguin Publishing Group, Chivers Press, Demco Media, A Yearling Publishing Book, Scholastic, Inc.",https://openlibrary.org/works/OL1838382W,https://covers.openlibrary.org/b/id/9268263-M.jpg,Open Library API
1972,The Stepford Wives,Ira Levin,3.6666667,30,0,"The Stepford Wives Ira Levin horror tales, conspiracy, photographers, satire, thriller, horror fiction, Married women, Robots, Fiction, Science fiction Fawcett, Klett, Sander, Vydavatel'sto Motyl, Trafalgar Square","horror tales, conspiracy, photographers, satire, thriller, horror fiction, Married women, Robots, Fiction, Science fiction",,"Fawcett, Klett, Sander, Vydavatel'sto Motyl, Trafalgar Square",https://openlibrary.org/works/OL28319W,https://covers.openlibrary.org/b/id/8409254-M.jpg,Open Library API
1972,Charlie and the Great Glass Elevator,Roald Dahl,3.528302,53,0,"Charlie and the Great Glass Elevator Roald Dahl Charlie Bucket (Fictitious character), Juvenile fiction, Children's fiction, Outer space, fiction, Science fiction, Humorous stories, Outer space, Fiction, Eccentrics and eccentricities, Chocolate industry Sigong Junior  시공주니어, Bantam Books, Alfaguara, Santillana Educación, S.L., Folio Junior","Charlie Bucket (Fictitious character), Juvenile fiction, Children's fiction, Outer space, fiction, Science fiction, Humorous stories, Outer space, Fiction, Eccentrics and eccentricities, Chocolate industry",,"Sigong Junior  시공주니어, Bantam Books, Alfaguara, Santillana Educación, S.L., Folio Junior",https://openlibrary.org/works/OL45793W,https://covers.openlibrary.org/b/id/7893583-M.jpg,Open Library API
1972,Lady of Quality,Georgette Heyer,4.0454545,22,0,"Lady of Quality Georgette Heyer Fiction, Romance, Historical, Regency, Love stories, History, Great Britain, fiction, English fiction, Heiresses, Female friendship, Guardian and ward, Runaway women, American Historical fiction Bantam Books, Koridor, Penguin Random House, E P Dutton, Sourcebooks Casablanca","Fiction, Romance, Historical, Regency, Love stories, History, Great Britain, fiction, English fiction, Heiresses, Female friendship, Guardian and ward, Runaway women, American Historical fiction",,"Bantam Books, Koridor, Penguin Random House, E P Dutton, Sourcebooks Casablanca",https://openlibrary.org/works/OL4092569W,https://covers.openlibrary.org/b/id/78593-M.jpg,Open Library API
1972,Bridge to Terabithia,Katherine Paterson,4.140351,57,0,"Bridge to Terabithia Katherine Paterson Amistad, Children's stories, Death, Ficción juvenil, Fiction, Friendship, Grief, History, Juvenile fiction, Muerte Thorndike Press, Azbuka, Library Reproduction Services, Rageot, HarperChildrensAudio","Amistad, Children's stories, Death, Ficción juvenil, Fiction, Friendship, Grief, History, Juvenile fiction, Muerte",,"Thorndike Press, Azbuka, Library Reproduction Services, Rageot, HarperChildrensAudio",https://openlibrary.org/works/OL27079W,https://covers.openlibrary.org/b/id/12627341-M.jpg,Open Library API
1972,The Gods Themselves,Isaac Asimov,4.0444446,45,0,"The Gods Themselves Isaac Asimov Fiction in English, Hugo Award Winner, award:hugo_award=1973, award:hugo_award=novel, Science fiction, American Science fiction, Fiction, science fiction, general, award:nebula_award=novel, Technology and civilization, Fiction Tandem Library, Fawcett Crest, Grafton, Gollancz, Doubleday","Fiction in English, Hugo Award Winner, award:hugo_award=1973, award:hugo_award=novel, Science fiction, American Science fiction, Fiction, science fiction, general, award:nebula_award=novel, Technology and civilization, Fiction",,"Tandem Library, Fawcett Crest, Grafton, Gollancz, Doubleday",https://openlibrary.org/works/OL46395W,https://covers.openlibrary.org/b/id/15138118-M.jpg,Open Library API
1972,The dark is rising,Susan Cooper,4.0,20,0,"The dark is rising Susan Cooper Fiction, Fantasy, Good and evil, Juvenile fiction, Will Stanton (Fictitious character), Magic, Fantasies, Children's fiction, Fantasy fiction, Magic, fiction Chatto & Windus, ISIS Large Print Books, Puffin Books, Atheneum, Hunan shao nian er tong chu ban she","Fiction, Fantasy, Good and evil, Juvenile fiction, Will Stanton (Fictitious character), Magic, Fantasies, Children's fiction, Fantasy fiction, Magic, fiction",,"Chatto & Windus, ISIS Large Print Books, Puffin Books, Atheneum, Hunan shao nian er tong chu ban she",https://openlibrary.org/works/OL894245W,https://covers.openlibrary.org/b/id/9363540-M.jpg,Open Library API
1973,The Princess Bride,William Goldman,4.244898,98,0,"The Princess Bride William Goldman Castles, Fiction, Princesses, Good and evil, Princes, Fiction, action & adventure, Fiction, fantasy, general, Fiction, romance, fantasy, Romance fiction, Fantasy Tandem Library, Perfection Learning Prebound, Dove Entertainment Inc, Futura, Severn House Publishers Ltd","Castles, Fiction, Princesses, Good and evil, Princes, Fiction, action & adventure, Fiction, fantasy, general, Fiction, romance, fantasy, Romance fiction, Fantasy",,"Tandem Library, Perfection Learning Prebound, Dove Entertainment Inc, Futura, Severn House Publishers Ltd",https://openlibrary.org/works/OL486967W,https://covers.openlibrary.org/b/id/9284881-M.jpg,Open Library API
1973,The ones who walk away from Omelas,Ursula K. Le Guin,4.275,40,0,"The ones who walk away from Omelas Ursula K. Le Guin Fantasy, Conduct of life, Fiction, Children's fiction, Fantasy fiction, Fiction, science fiction, general Almagesto, Harper Perennial, Nordica, Publisher ... enter here, Creative Education","Fantasy, Conduct of life, Fiction, Children's fiction, Fantasy fiction, Fiction, science fiction, general",,"Almagesto, Harper Perennial, Nordica, Publisher ... enter here, Creative Education",https://openlibrary.org/works/OL15056584W,https://covers.openlibrary.org/b/id/3993167-M.jpg,Open Library API
1973,"Momo oder Die seltsame Geschichte von den Zeit-Dieben und von dem Kind, das den Menschen die gestohlene Zeit zurückbrachte",Michael Ende,4.529412,34,0,"Momo oder Die seltsame Geschichte von den Zeit-Dieben und von dem Kind, das den Menschen die gestohlene Zeit zurückbrachte Michael Ende Girls, Juvenile fiction, Time, Literatura infantil alemana, fiction, fantasy, interest, tortoises, future, lilies Gyldendal, Nhã Nam, PUNTO DE LECTURA, Tiritamm, Punto de Lectura","Girls, Juvenile fiction, Time, Literatura infantil alemana, fiction, fantasy, interest, tortoises, future, lilies",,"Gyldendal, Nhã Nam, PUNTO DE LECTURA, Tiritamm, Punto de Lectura",https://openlibrary.org/works/OL2271626W,https://covers.openlibrary.org/b/id/8574580-M.jpg,Open Library API
1973,The Book of Dragons,Edith Nesbit,3.7857144,14,0,"The Book of Dragons Edith Nesbit Juvenile fiction, Children's stories, English, Fiction, Fairy tales, Dragons, Short stories, Children: Grades 2-3, Children's fiction, Dragons, fiction, Children's stories Wyatt North, Random House Children's Books, Cloud Cover Classics, Createspace Independent Publishing Platform, Read & Co. Children's","Juvenile fiction, Children's stories, English, Fiction, Fairy tales, Dragons, Short stories, Children: Grades 2-3, Children's fiction, Dragons, fiction, Children's stories",,"Wyatt North, Random House Children's Books, Cloud Cover Classics, Createspace Independent Publishing Platform, Read & Co. Children's",https://openlibrary.org/works/OL99529W,https://covers.openlibrary.org/b/id/4342323-M.jpg,Open Library API
1973,Sula,Toni Morrison,3.804878,41,0,"Sula Toni Morrison Fiction, African American women, Female friendship, City and town life, Romans, nouvelles, Fiction in English, Amitié féminine, Vie urbaine, Noires américaines, Literature Thorndike Press, Sel Yayincilik, Plume, Random House Audio, Columna CAT","Fiction, African American women, Female friendship, City and town life, Romans, nouvelles, Fiction in English, Amitié féminine, Vie urbaine, Noires américaines, Literature",,"Thorndike Press, Sel Yayincilik, Plume, Random House Audio, Columna CAT",https://openlibrary.org/works/OL50567W,https://covers.openlibrary.org/b/id/8384008-M.jpg,Open Library API
1973,Jaws,Peter Benchley,4.3913045,23,0,"Jaws Peter Benchley blue sharks, dolphins, shark cage diving, bang sticks, harpoons, Mafia, selectmen, connivance, great white sharks, thrillers Huang guan chu ban she, Pan Publishing, Pearson Education, Limited, Audiogo, Pan Books","blue sharks, dolphins, shark cage diving, bang sticks, harpoons, Mafia, selectmen, connivance, great white sharks, thrillers",,"Huang guan chu ban she, Pan Publishing, Pearson Education, Limited, Audiogo, Pan Books",https://openlibrary.org/works/OL3454854W,https://covers.openlibrary.org/b/id/8440296-M.jpg,Open Library API
1973,Breakfast of Champions,Kurt Vonnegut,3.8656716,67,0,"Breakfast of Champions Kurt Vonnegut Authorship, Science fiction, Fiction, Classic Literature, Drama, American fiction (fictional works by one author), Humorous stories, Satire, Kilgore Trout (Fictitious character), Sexuality Tandem Library, KRISTALL, Seuil, Delacorte Press/Seymour Lawrence, Caedmon Audio Cassette","Authorship, Science fiction, Fiction, Classic Literature, Drama, American fiction (fictional works by one author), Humorous stories, Satire, Kilgore Trout (Fictitious character), Sexuality",,"Tandem Library, KRISTALL, Seuil, Delacorte Press/Seymour Lawrence, Caedmon Audio Cassette",https://openlibrary.org/works/OL98488W,https://covers.openlibrary.org/b/id/280213-M.jpg,Open Library API
1973,Anak Semua Bangsa,Pramoedya Ananta Toer,4.5,12,0,"Anak Semua Bangsa Pramoedya Ananta Toer Fiction, general, History, Fiction, Indonesia, fiction, Anti-imperialist movements, Indonesian fiction Hasta Mitra, Penguin (Non-Classics), Destino Ediciones, Unionsverlag, Beijing da xue chu ban she","Fiction, general, History, Fiction, Indonesia, fiction, Anti-imperialist movements, Indonesian fiction",,"Hasta Mitra, Penguin (Non-Classics), Destino Ediciones, Unionsverlag, Beijing da xue chu ban she",https://openlibrary.org/works/OL307178W,https://covers.openlibrary.org/b/id/6635926-M.jpg,Open Library API
1973,The House with a Clock in Its Walls,John Bellairs,4.2352943,17,0,"The House with a Clock in Its Walls John Bellairs Magic, Fiction, Children's stories, Juvenile fiction, Magicians, Juvenile works, Juvenile audience, clocks, Halloween, tombs BWI Bound, Listening Library, Amber, Penguin Publishing Group, Turtleback Books Distributed by Demco Media","Magic, Fiction, Children's stories, Juvenile fiction, Magicians, Juvenile works, Juvenile audience, clocks, Halloween, tombs",,"BWI Bound, Listening Library, Amber, Penguin Publishing Group, Turtleback Books Distributed by Demco Media",https://openlibrary.org/works/OL3338193W,https://covers.openlibrary.org/b/id/12667783-M.jpg,Open Library API
1973,Rubyfruit Jungle,Rita Mae Brown,3.9166667,12,0,"Rubyfruit Jungle Rita Mae Brown Lesbians, Fiction, Fiction in English, Sexuality, Fiction, lesbian, LGBTQ novels, Fiction, lgbtq+, lesbian Sifriyat poʻalim, Vintage Books, Transworld Publishers Limited, Smashwords, Quality Paperback Book Club","Lesbians, Fiction, Fiction in English, Sexuality, Fiction, lesbian, LGBTQ novels, Fiction, lgbtq+, lesbian",,"Sifriyat poʻalim, Vintage Books, Transworld Publishers Limited, Smashwords, Quality Paperback Book Club",https://openlibrary.org/works/OL29528W,https://covers.openlibrary.org/b/id/1019736-M.jpg,Open Library API
1974,The Mote in God's Eye,"Larry Niven, Jerry Pournelle, L.J. Ganser",4.0425534,47,0,"The Mote in God's Eye Larry Niven, Jerry Pournelle, L.J. Ganser American Science fiction, Science fiction, Fiction in English, Life on other planets, Fiction, Fiction, science fiction, general, American literature Le Bélial, Simon and Schuster, Spectrum Literary Agency, Minotauro, Albin Michel","American Science fiction, Science fiction, Fiction in English, Life on other planets, Fiction, Fiction, science fiction, general, American literature",,"Le Bélial, Simon and Schuster, Spectrum Literary Agency, Minotauro, Albin Michel",https://openlibrary.org/works/OL15331302W,https://covers.openlibrary.org/b/id/408133-M.jpg,Open Library API
1974,The Dispossessed,Ursula K. Le Guin,4.428571,35,0,"The Dispossessed Ursula K. Le Guin Anarchism, Anarquismo, Ciencia-ficción, Communal living, Ficción, Fiction, Fiction in English, Físicos, Hugo Award Winner, Life on other planets Keter, Harper Paperbacks, Gollancz, Avon Books, Tandem Library","Anarchism, Anarquismo, Ciencia-ficción, Communal living, Ficción, Fiction, Fiction in English, Físicos, Hugo Award Winner, Life on other planets",,"Keter, Harper Paperbacks, Gollancz, Avon Books, Tandem Library",https://openlibrary.org/works/OL59863W,https://covers.openlibrary.org/b/id/6979680-M.jpg,Open Library API
1974,Leopard in the Snow,Anne Mather,3.5,20,0,"Leopard in the Snow Anne Mather Fiction, Romance, Contemporary, Prisoner, fiction, Car racing, fiction, Death, fiction, Grief, fiction, Loss, fiction, Robbing the cradle, fiction Magna Large Print Books, Mills & Boon, Harlequin Books, Oxford University Press, Harlequin","Fiction, Romance, Contemporary, Prisoner, fiction, Car racing, fiction, Death, fiction, Grief, fiction, Loss, fiction, Robbing the cradle, fiction",,"Magna Large Print Books, Mills & Boon, Harlequin Books, Oxford University Press, Harlequin",https://openlibrary.org/works/OL3771279W,https://covers.openlibrary.org/b/id/6968334-M.jpg,Open Library API
1974,The Forever War,Joe Haldeman,4.101124,89,0,"The Forever War Joe Haldeman Aging, Hugo Award Winner, Fiction in English, Aging in fiction, Space and time, Fiction, Space and time in fiction, Space warfare, Science fiction comic books, strips, award:hugo_award=1976 J'AI LU, Dargaud, Thomas Dunne Books, J'ai lu, Gollancz","Aging, Hugo Award Winner, Fiction in English, Aging in fiction, Space and time, Fiction, Space and time in fiction, Space warfare, Science fiction comic books, strips, award:hugo_award=1976",,"J'AI LU, Dargaud, Thomas Dunne Books, J'ai lu, Gollancz",https://openlibrary.org/works/OL271163W,https://covers.openlibrary.org/b/id/10693768-M.jpg,Open Library API
1974,Carrie,Stephen King,4.006024,166,0,"Carrie Stephen King occult & supernatural fiction, horror fiction, psychological thrillers, Fiction, Horror, American Horror tales, thriller, Epistolary novel, telekinesis, Menarche Bastei-Verlag Gustav H. Lübbe GmbH & Co., Editora Objetiva, Forward Press, Plaza & Janés Editores, DoubleDay","occult & supernatural fiction, horror fiction, psychological thrillers, Fiction, Horror, American Horror tales, thriller, Epistolary novel, telekinesis, Menarche",,"Bastei-Verlag Gustav H. Lübbe GmbH & Co., Editora Objetiva, Forward Press, Plaza & Janés Editores, DoubleDay",https://openlibrary.org/works/OL81626W,https://covers.openlibrary.org/b/id/9256043-M.jpg,Open Library API
1974,"Flow my tears, the policeman said",Philip K. Dick,3.8181818,22,0,"Flow my tears, the policeman said Philip K. Dick Fiction, Identity (Psychology), Science Fiction, Television personalities, Fiction, science fiction, general, Large type books, FICTION / Science Fiction / General, FICTION / Literary, General, Literary Mariner Books, Houghton Mifflin Harcourt Trade & Reference Publishers, FISCHER Taschenbuch, Alfa Yayinlari, Gollancz, an imprint of Orion Publishing, 2001","Fiction, Identity (Psychology), Science Fiction, Television personalities, Fiction, science fiction, general, Large type books, FICTION / Science Fiction / General, FICTION / Literary, General, Literary",,"Mariner Books, Houghton Mifflin Harcourt Trade & Reference Publishers, FISCHER Taschenbuch, Alfa Yayinlari, Gollancz, an imprint of Orion Publishing, 2001",https://openlibrary.org/works/OL2172518W,https://covers.openlibrary.org/b/id/9251771-M.jpg,Open Library API
1974,Post office,Charles Bukowski,3.7209303,43,0,"Post office Charles Bukowski Fiction, Postal service, Employees, Classic Literature, United States Postal Service, Letter carriers, Alcoholics, Los angeles (calif.), fiction, Fiction, general, American fiction Ecco, HarperCollins, Ecco Press, W.H. Allen, Black Sparrow Press","Fiction, Postal service, Employees, Classic Literature, United States Postal Service, Letter carriers, Alcoholics, Los angeles (calif.), fiction, Fiction, general, American fiction",,"Ecco, HarperCollins, Ecco Press, W.H. Allen, Black Sparrow Press",https://openlibrary.org/works/OL50457W,https://covers.openlibrary.org/b/id/670128-M.jpg,Open Library API
1974,"Not a Penny More, Not a Penny Less",Jeffrey Archer,3.857143,14,0,"Not a Penny More, Not a Penny Less Jeffrey Archer Fiction in English, Fiction, general, Monte-carlo (monaco), fiction, Extortion, Fiction, Fiction, suspense, Crime, fiction, English fiction, Swindlers and swindling, Revenge Fawcett, JONATHAN CAPE / BOOK CLUB ASSOCIATES, Coronet, Harper Collins, Ballantine Books","Fiction in English, Fiction, general, Monte-carlo (monaco), fiction, Extortion, Fiction, Fiction, suspense, Crime, fiction, English fiction, Swindlers and swindling, Revenge",,"Fawcett, JONATHAN CAPE / BOOK CLUB ASSOCIATES, Coronet, Harper Collins, Ballantine Books",https://openlibrary.org/works/OL1807075W,https://covers.openlibrary.org/b/id/14313723-M.jpg,Open Library API
1974,Kongres futurologiczny,Stanisław Lem,4.142857,21,0,"Kongres futurologiczny Stanisław Lem Polish fiction, Science fiction, future, Slavic philology, Fiction, science fiction, general, Polish Science fiction Bruguera, Penguin Books, Limited, Harcourt Brace Jovanovich, Mandarin, J'ai lu","Polish fiction, Science fiction, future, Slavic philology, Fiction, science fiction, general, Polish Science fiction",,"Bruguera, Penguin Books, Limited, Harcourt Brace Jovanovich, Mandarin, J'ai lu",https://openlibrary.org/works/OL2683552W,https://covers.openlibrary.org/b/id/4904082-M.jpg,Open Library API
1974,The Magic Of Living (Best of Betty Neels),Betty Neels,4.090909,11,0,"The Magic Of Living (Best of Betty Neels) Betty Neels Fiction, Romance, Contemporary, Fiction in English Harlequin Books (Mm), Ulverscroft Large Print, Mills & Boon, Linford, Harlequin","Fiction, Romance, Contemporary, Fiction in English",,"Harlequin Books (Mm), Ulverscroft Large Print, Mills & Boon, Linford, Harlequin",https://openlibrary.org/works/OL3457793W,https://covers.openlibrary.org/b/id/218761-M.jpg,Open Library API
1975,The Impossible Boss,Jane Corrie,3.5555556,27,0,"The Impossible Boss Jane Corrie Fiction in English, Romance fiction, Romance-language fiction, Secretaries, Fiction Mills and Boon, Harlequin Books","Fiction in English, Romance fiction, Romance-language fiction, Secretaries, Fiction",,"Mills and Boon, Harlequin Books",https://openlibrary.org/works/OL4955616W,https://covers.openlibrary.org/b/id/6517245-M.jpg,Open Library API
1975,'Salem’s Lot,Stephen King,3.9895833,96,0,"'Salem’s Lot Stephen King Catholic Church, arson, Great Depression, hitmen, Horror fiction, City and town life, Cuentos de terror, Fiction, Vampires, Adapted for Television Plaza y Janés, BCA, Random House Proprietary, Alta, Knopf Doubleday Publishing Group","Catholic Church, arson, Great Depression, hitmen, Horror fiction, City and town life, Cuentos de terror, Fiction, Vampires, Adapted for Television",,"Plaza y Janés, BCA, Random House Proprietary, Alta, Knopf Doubleday Publishing Group",https://openlibrary.org/works/OL81632W,https://covers.openlibrary.org/b/id/14654118-M.jpg,Open Library API
1975,Tuck Everlasting,Natalie Babbitt,3.7674417,43,0,"Tuck Everlasting Natalie Babbitt Aging, Aging in fiction, Children's stories, Envejecimiento, Fantasy, Ficción juvenil, Fiction, Immortality, fairy tales, Immortality in fiction Collins Educational, Farrar Straus Giroux, Bantam Books, Inc, Farrar, Straus, Giroux, Houghton Mifflin Harcourt (HMH)","Aging, Aging in fiction, Children's stories, Envejecimiento, Fantasy, Ficción juvenil, Fiction, Immortality, fairy tales, Immortality in fiction",,"Collins Educational, Farrar Straus Giroux, Bantam Books, Inc, Farrar, Straus, Giroux, Houghton Mifflin Harcourt (HMH)",https://openlibrary.org/works/OL2775698W,https://covers.openlibrary.org/b/id/1471164-M.jpg,Open Library API
1975,Iceberg,Clive Cussler,4.285714,14,0,"Iceberg Clive Cussler Adventure and adventurers, Fiction, Dirk Pitt (Fictitious character), Fiction, action & adventure, Pitt, dirk (fictitious character), fiction, Adventure and adventurers, fiction Best bet digtal publishing, Goldmann, Dodd, Mead, Pocket, Sphere Books","Adventure and adventurers, Fiction, Dirk Pitt (Fictitious character), Fiction, action & adventure, Pitt, dirk (fictitious character), fiction, Adventure and adventurers, fiction",,"Best bet digtal publishing, Goldmann, Dodd, Mead, Pocket, Sphere Books",https://openlibrary.org/works/OL84922W,https://covers.openlibrary.org/b/id/12391288-M.jpg,Open Library API
1975,Curtain,Agatha Christie,4.3125,16,0,"Curtain Agatha Christie Fiction, Hercule Poirot (Fictitious character), Private investigators, Detective and mystery stories, Murderers, Country homes, English Detective and mystery stories, English fiction, Mystery, Large type books NXB Công an nhân dân, Dodd, Mead and Company, מ. מזרחי, Yuan liu chu ban shi ye gu fen you xian gong si, Fontana","Fiction, Hercule Poirot (Fictitious character), Private investigators, Detective and mystery stories, Murderers, Country homes, English Detective and mystery stories, English fiction, Mystery, Large type books",,"NXB Công an nhân dân, Dodd, Mead and Company, מ. מזרחי, Yuan liu chu ban shi ye gu fen you xian gong si, Fontana",https://openlibrary.org/works/OL472470W,https://covers.openlibrary.org/b/id/12387503-M.jpg,Open Library API
1975,The Eagle has Landed,Henry Patterson,4.3846154,13,0,"The Eagle has Landed Henry Patterson Germany in fiction, Literature, Fiction in English, World War, 1939-1945 in fiction, Secret service, Fiction, World War, 1939-1945, Thriller, Language readers, Large type books Open Road Integrated Media, Inc., FISCHER Taschenbuch, Penguin Group UK, G. K. Hall, Turtleback","Germany in fiction, Literature, Fiction in English, World War, 1939-1945 in fiction, Secret service, Fiction, World War, 1939-1945, Thriller, Language readers, Large type books",,"Open Road Integrated Media, Inc., FISCHER Taschenbuch, Penguin Group UK, G. K. Hall, Turtleback",https://openlibrary.org/works/OL157343W,https://covers.openlibrary.org/b/id/271801-M.jpg,Open Library API
1975,Temporary Wife,Roberta Leigh,3.9130435,23,0,"Temporary Wife Roberta Leigh Fiction, Romance, Contemporary Harlequin Books, Harlequin, Mills & Boon, Mills & B.","Fiction, Romance, Contemporary",,"Harlequin Books, Harlequin, Mills & Boon, Mills & B.",https://openlibrary.org/works/OL4342716W,https://covers.openlibrary.org/b/id/8065142-M.jpg,Open Library API
1975,Where Are the Children?,Mary Higgins Clark,5.0,5,0,"Where Are the Children? Mary Higgins Clark Fiction, thrillers, general, Fiction, espionage, Death, Missing children, Open Library Staff Picks, Fiction, Missing persons, Mother and child, Children, FICTION / Thrillers / Suspense Books On Tape, France loisirs, Simon & Schuster Audio and Blackstone Audio, Gardners Books, Pocket Books","Fiction, thrillers, general, Fiction, espionage, Death, Missing children, Open Library Staff Picks, Fiction, Missing persons, Mother and child, Children, FICTION / Thrillers / Suspense",,"Books On Tape, France loisirs, Simon & Schuster Audio and Blackstone Audio, Gardners Books, Pocket Books",https://openlibrary.org/works/OL12992W,https://covers.openlibrary.org/b/id/4796285-M.jpg,Open Library API
1975,"Danny, The Champion of the World",Roald Dahl,4.2222223,36,0,"Danny, The Champion of the World Roald Dahl Criminals, Adventure stories, Juvenile fiction, Poaching, Fathers and sons, Fiction, Parent and child, Humorous stories, Children's stories, Fathers Viking Press, Santillana Educación, S.L., A.A. Knopf, Stock, Alfaguara","Criminals, Adventure stories, Juvenile fiction, Poaching, Fathers and sons, Fiction, Parent and child, Humorous stories, Children's stories, Fathers",,"Viking Press, Santillana Educación, S.L., A.A. Knopf, Stock, Alfaguara",https://openlibrary.org/works/OL45865W,https://covers.openlibrary.org/b/id/6794243-M.jpg,Open Library API
1975,Take What You Want,Anne Mather,3.7058823,17,0,"Take What You Want Anne Mather Fiction, Romance, Contemporary Mills & Boon, harlequin books, Harlequin Enterprises ULC, Harlequin Books, Harlequin Mills & Boon, Limited","Fiction, Romance, Contemporary",,"Mills & Boon, harlequin books, Harlequin Enterprises ULC, Harlequin Books, Harlequin Mills & Boon, Limited",https://openlibrary.org/works/OL3771297W,https://covers.openlibrary.org/b/id/6916537-M.jpg,Open Library API
