source_year,rank,list_title,title,author,average_rating,ratings_count,reviews_count,description,genres,pages,published_date,language,publisher,isbn,edition_count,book_url,image_url,source
1900,,,The Lost World,Arthur Conan Doyle,4.0454545,44.0,,,"Adventure stories, Atlantis, Dinosaurs, Discovery and exploration, English Detective and mystery stories, Fiction, Fiction in French, Prehistoric peoples, Professor Challenger (Fictitious character), Scientific expeditions",,1900,"ger, eng, spa, cze, chi, ita, rus, fin, fre","Babblebooks, Sound Room Publishers, Incorporated, Blurb, Chicago Review Press, Incorporated, Dover Publications, Incorporated",1549678922,747,https://openlibrary.org/works/OL262460W,https://covers.openlibrary.org/b/id/8231444-M.jpg,Open Library API
1900,,,The Clan of the Cave Bear,Jean M. Auel,4.0547943,73.0,,,"Neanderthals, shamanism, sign language, taboos, prehistoric fiction, epic, epic fiction, prehistoric man, epic literature, historical fiction",,1900,"ger, eng, pol, spa, ita, swe, dut, fre, hrv","Brilliance Audio on MP3-CD Lib Ed, Wolfgang Kruger Verlag, Guild Publishing, Vergara Editor S.A., Crown Publishers",9788415120032,89,https://openlibrary.org/works/OL2746369W,https://covers.openlibrary.org/b/id/12529015-M.jpg,Open Library API
1900,,,No country for old men,Cormac McCarthy,4.111111,36.0,,,"Fiction, Drug traffic, Sheriffs, Treasure-trove, Treasure troves, Suspense fiction, Literature, Psychological fiction, Fiction, suspense, Fiction, psychological",,1900,"eng, rus, fre, pol, spa, tur, kor, ita","GPO ED RANDOM HOUSE MONDADORI, MacMillan, Brand: Random House Inc., BBC Audiobooks Ltd, Literatura Random House",9780375406775,44,https://openlibrary.org/works/OL40875W,https://covers.openlibrary.org/b/id/9296899-M.jpg,Open Library API
1900,,,The Prophet,Kahlil Gibran,4.321429,56.0,,,"Poetry, Classics, Literature & Fiction, Religion",,1900,"ger, heb, guj, eng, tgl, kor, mul, hrv, tur, spa, ita, yid, chi, ara, fre, bre, arm","Patmos-Verlag, Patmos, Ballantine Books, Pmapublishing.com, Peter Pauper Press Inc.",9501702162,569,https://openlibrary.org/works/OL318900W,https://covers.openlibrary.org/b/id/418324-M.jpg,Open Library API
1900,,,The Railway Children,Edith Nesbit,3.9655173,29.0,,,"Brothers and sisters, Children's stories, Classic Literature, Country life, Family, Family life, Fiction, History, Juvenile Literature, Juvenile fiction",,1900,"chi, eng, spa, heb, tur, ger, ita","HV Publishign, a division of Homepage Ventures, Limited, Penguin Puffin Books, Creative Media Partners, LLC, Isis Large Print Books, Pearson Education, Limited",9781981610983,985,https://openlibrary.org/works/OL99509W,https://covers.openlibrary.org/b/id/13241123-M.jpg,Open Library API
1900,,,The Scarlet Pimpernel,Emma Orczy,4.25,28.0,,,"Classic Literature, Adventure and adventurers, Open Library Staff Picks, British, Fiction, Text-books for foreigners, English language, Historical Fiction, Sir Blakeney, Percy (Fictitious character), Refugees",,1900,"eng, sun, pol, spa, chi, fre","Peter Smith Publisher Inc, Bantam Classics, American Guidance Service, Musson Books, IndyPublish",0241341345,591,https://openlibrary.org/works/OL1253285W,https://covers.openlibrary.org/b/id/479102-M.jpg,Open Library API
1900,,,The food of the gods and how it came to earth,H. G. Wells,3.7777777,18.0,,,"Fiction, Giants, Growth factors, Food supply, Science fiction, Agriculture, Experimentation, Fiction, science fiction, general, British and irish fiction (fictional works by one author), Scientists",,1900,"por, eng","American Guidance Service, C. Scribner's Sons, Collins Classics, Gollancz, Macmillan and Co., Limited",042502976X,194,https://openlibrary.org/works/OL52195W,https://covers.openlibrary.org/b/id/314687-M.jpg,Open Library API
1900,,,Semilla del Diablo,Ira Levin,4.0,22.0,,,"Fiction, horror, Fiction, Satanism, Occult fiction, Apartment houses, Pregnant women, Horror tales, spirit posession, Gothic-Revival, Luther",,1900,"heb, spa, ger, dut, fre, vie, eng","Dell Publishing, Laffont, Pan, Random House, Editions J'ai Lu",9780394553689,65,https://openlibrary.org/works/OL21747086W,https://covers.openlibrary.org/b/id/15054795-M.jpg,Open Library API
1900,,,The Hound of the Baskervilles,Arthur Conan Doyle,4.016667,60.0,,,"crime novel, English Civil War, mires, tors, tombs, Dogs, England, fiction, Watson, john h. (fictitious character), fiction, British and irish fiction (fictional works by one author), Fiction, mystery & detective, traditional",,1900,"jpn, ita, ara, kor, gle, bul, pol, por, ger, hin, dut, may, heb, cat, spa, fin, eng, fre, cze, chi","Marti Yayinlari, Zeplin Kitap, Leopard, Saddleback Educational Publishing, Incorporated, F. Nathan",2378301367,1309,https://openlibrary.org/works/OL262454W,https://covers.openlibrary.org/b/id/8063264-M.jpg,Open Library API
1900,,,The Classic Tale of the Velveteen Rabbit,Margery Williams Bianco,4.125,40.0,,,"Toys, Fiction, Children's fiction, Toys, fiction, Gift books, Animals, fiction, Rabbits, fiction, Rabbits, Stuffed animals (Toys), Juvenile fiction",,1900,"spa, eng, dut, fre, chi, heb, rus","Nosy Crow Ltd, Joe Books Inc., Independently Published, GiGi Books, LLC, Heinemann",9780613168717,168,https://openlibrary.org/works/OL274433W,https://covers.openlibrary.org/b/id/11738076-M.jpg,Open Library API
1901,,,Kim,Rudyard Kipling,3.7222223,18.0,,,"Fiction, Irish, Lamas, Irish in fiction, Orphans, Boys in fiction, Boys, Lamas in fiction, Orphans in fiction, India in fiction",,1901,"heb, por, chi, ita, dan, eng, pol, spa, fre, ger","North Books, Cover to Cover Cassettes Ltd, Xist Publishing, Penguin Books, Limited, Alex Catalogue",9781986783378,934,https://openlibrary.org/works/OL19908W,https://covers.openlibrary.org/b/id/1053011-M.jpg,Open Library API
1901,,,Number the Stars,Lois Lowry,4.173077,104.0,,,"Fiction, Friendship, Rescue, World War, 1939-1945, Jews, Juvenile fiction, Girls & Women, Newbery Medal, Holocaust, World War (1939-1945) fast (OCoLC)fst01180924",,1901,"chi, eng, fre, hun, spa, tur, ger","Planetalector, Educational Impressions, Klett Sprachen GmbH, Dell Pub., Espasa Calpe",0395510600,91,https://openlibrary.org/works/OL1846074W,https://covers.openlibrary.org/b/id/13249599-M.jpg,Open Library API
1901,,,The Bad Place,Dean Koontz,3.857143,14.0,,,"Private investigators, Murder, Amnesia, Psychokinesis, Fugue (Psychology), Fiction, Fiction, horror, Brothers and sisters, fiction, Crime, fiction, Brothers and sisters",,1901,"fre, eng, spa, ger, und, rus, pol, ita","BCA, Thorndike-Magna, Brilliance Corp., HEADLINE (HODD), Vergara Editor S.A.",1593553420,53,https://openlibrary.org/works/OL263256W,https://covers.openlibrary.org/b/id/6380577-M.jpg,Open Library API
1901,,,The Violet Fairy Book (Large Print),Andrew Lang,4.0,8.0,,,"Fairy tales, Children's fiction, Fiction, fantasy, general",,1901,eng,"West Margin Press, Echo Library, Blurb, DAVID MCKAY COMPANY, INC., New West Press",9798638558253,459,https://openlibrary.org/works/OL1088883W,https://covers.openlibrary.org/b/id/12014563-M.jpg,Open Library API
1901,,,The Prestige,Christopher Priest,3.625,8.0,,,"Magicians, Journalists, Fiction, Fiction, general, England, fiction, Journalists, fiction, Fiction, horror, Music-halls, History, Music halls",,1901,"spa, eng, fre","Orion Books, Gollancz, Orion Publishing Group, Limited, St. Martin's Press, Tor Books",9781405617093,24,https://openlibrary.org/works/OL166497W,https://covers.openlibrary.org/b/id/3850762-M.jpg,Open Library API
1901,,,The Wouldbegoods,Edith Nesbit,3.0,1.0,,,"Classic Literature, Fiction, Juvenile Literature, Children's fiction, Adventure and adventurers, fiction, Country life, Juvenile fiction, Children's stories, Er tong wen xue, Chang pian xiao shuo",,1901,"chi, eng, tur, und","Start Publishing LLC, Liese. Outside The Box, Andreas, Harper & Brothers Publishers, Tandem Library, Book Jungle",1434652297,283,https://openlibrary.org/works/OL99543W,https://covers.openlibrary.org/b/id/8243273-M.jpg,Open Library API
1901,,,The Purple Cloud,"M. P. Shiel, J. J. Cameron, Brian Stableford",3.0,2.0,,,"Classic Literature, End of the world, Fiction, Natural disasters, Science Fiction, Fiction, science fiction, general, Fiction, action & adventure, Arctic regions, fiction, Fiction in English, Fiction, horror",,1901,eng,"Start Publishing LLC, Aberdeen Press, Borgo Press, Warner, Penguin Books, Limited",9781609778712,56,https://openlibrary.org/works/OL6414317W,https://covers.openlibrary.org/b/id/574739-M.jpg,Open Library API
1901,,,The four feathers,A. E. W. Mason,3.0,2.0,,,"Cowardice, Male friendship, Open Library Staff Picks, British, Fiction, Soldiers, Classic Literature, Fiction, mystery & detective, general, Fiction, political, Fiction, war & military",,1901,"eng, spa, ger","Grosset & Dunlap, West Margin Press, Carroll & Graf Publishers, IndyPublish, Hart Publishing Co.",172781911X,156,https://openlibrary.org/works/OL532451W,https://covers.openlibrary.org/b/id/109751-M.jpg,Open Library API
1901,,,Tahreer ka sehar,H. Rider Haggard,4.0,1.0,,,"Fiction, History, Fiction, historical, general, Jerusalem, fiction, Fiction, general",,1901,"eng, urd, ice","Amereon Ltd, Collection Books, Franklin Classics Trade Press, Kensington Pub Corp (Mm), Longmans, Green, and Co.",0854682325,120,https://openlibrary.org/works/OL17454W,https://covers.openlibrary.org/b/id/954728-M.jpg,Open Library API
1901,,,The Fixer,Bernard Malamud,5.0,1.0,,,"Fiction, Trials (Murder), Jews, Antisemitism, False testimony, National Book Award Winner, award:national_book_award=1967, award:national_book_award=fiction, CHR 1966, Literature",,1901,"fin, swe, cze, dan, hun, dut, fre, nor, eng, spa, ger, por, tur","Dell Publishing, Chatto & Windus, Penguin Classics, Mladinska Knjiga, Washington Square Press",9780394299549,92,https://openlibrary.org/works/OL1937854W,https://covers.openlibrary.org/b/id/225215-M.jpg,Open Library API
1902,,,Dance Upon the Air,Nora Roberts,3.9230769,13.0,,,"Islas, Brujas, Novela oculta, Mujeres, Abused wives, Massachusetts in fiction, Abused wives in fiction, Women in fiction, Fiction, Open Library Staff Picks",,1902,"fre, rus, eng, ger, pol, chi, spa","Brilliance Audio on MP3-CD, G.K. Hall, Brilliance Audio on MP3-CD Lib Ed, Nova Audio Books, Don't know",9780739417386,43,https://openlibrary.org/works/OL111597W,https://covers.openlibrary.org/b/id/1464182-M.jpg,Open Library API
1902,,,The Jewel of Seven Stars,Bram Stoker,4.5,6.0,,,"Mummies, Horror, Fiction, Archaeologists, Classic Literature, Thriller, Fiction, horror, Archaeologists, fiction, British and irish fiction (fictional works by one author), History",,1902,"ger, eng","Creative Media Partners, LLC, Independently Published, Independently published, Bollinger, Max, Lulu Press, Inc.",9798481877518,653,https://openlibrary.org/works/OL85891W,https://covers.openlibrary.org/b/id/2760301-M.jpg,Open Library API
1902,,,The Complete Life and Adventures of Santa Claus,L. Frank Baum,4.25,4.0,,,"Fantasy, Fiction, Juvenile Fiction, Science Fiction & Fantasy, Classic Literature, Christmas stories, Christmas, Santa Claus, Children: Kindergarten, Children's fiction",,1902,"eng, fre","Portland House, Notion Press, 1st World Library, Signet Classics, Creative Media Partners, LLC",9781976087097,560,https://openlibrary.org/works/OL262358W,https://covers.openlibrary.org/b/id/1979059-M.jpg,Open Library API
1902,,,Noli Me Tangere,José Rizal,4.4,10.0,,,"Economics, Classic Literature, Fiction, Fiction, historical, general, Philippines, fiction, Fiction, humorous, general, Man-woman relationships, fiction, History, Translations into English, Fiction, general",,1902,"tgl, ita, spa, eng, fre","Círculo de Lectores, Manila Filatelica, Franklin Classics, National Historical Institute, Arkose Press",9798530585043,134,https://openlibrary.org/works/OL1622789W,https://covers.openlibrary.org/b/id/5738053-M.jpg,Open Library API
1902,,,The Wings of the Dove,Henry James,3.5,2.0,,,"Fiction, Americans in fiction, Americans, Triangles (Interpersonal relations), Terminally ill, Young women in fiction, Young women, Terminally ill in fiction, Social life and customs, Classic Literature",,1902,eng,"New American Library, Signet Classics, Charles Scribner's Sons, Penguin Classics, Merrill",9780140432633,60,https://openlibrary.org/works/OL276397W,https://covers.openlibrary.org/b/id/8241379-M.jpg,Open Library API
1902,,,Brewster's millions,George Barr McCutcheon,4.0,5.0,,,"Fiction, Millionaires, Inheritance and succession in fiction, Millionaires in fiction, Inheritance and succession, Young men, Young men in fiction, Fiction, humorous, general, Fiction, coming of age, Large type books",,1902,"eng, spa, ice","Xist Publishing, Literary Licensing, LLC, Indiana University Press, TREDITION CLASSICS, Lightyear Pr",9781974169351,120,https://openlibrary.org/works/OL24259W,https://covers.openlibrary.org/b/id/1152919-M.jpg,Open Library API
1902,,,Typhoon,Joseph Conrad,4.6666665,6.0,,,"English Sea stories, Classic Literature, Fiction, Historical Fiction, Typhoons, Ocean travel, British and irish fiction (fictional works by one author)",,1902,"eng, ita, fre, spa","IndyPublish, YOYO USA, Paperbackshop.Co.UK Ltd - Echo Library, NuVision Publications, Autrement",1412160227,110,https://openlibrary.org/works/OL38876W,https://covers.openlibrary.org/b/id/1979349-M.jpg,Open Library API
1902,,,L'immoraliste,André Gide,2.7142856,7.0,,,"French language, Readers, Textbooks for foreign speakers, French fiction, Translations into English, Gay men, Fiction, French literature, Disease in literature, Tuberculosis",,1902,"heb, jpn, vie, ita, spa, ger, eng, fre","Jdh Editions, Vintage Books, Gallimard], Cátedra, Folio",0785922857,117,https://openlibrary.org/works/OL631007W,https://covers.openlibrary.org/b/id/313741-M.jpg,Open Library API
1902,,,Hound of the Baskervilles,"Arthur Conan Doyle, Althos Low",,,,,"England, fiction, Fiction, mystery & detective, general, Private investigators, fiction",,1902,eng,"East India Publishing Company, Capital Communications, Incorporated, 510 Classics, Sordelet Ink, Shakespeare & Co.",1726268233,399,https://openlibrary.org/works/OL37844349W,,Open Library API
1902,,,The Grand Babylon Hotel,Arnold Bennett,4.0,1.0,,,"Classic Literature, Fiction, Fiction, mystery & detective, general, London (england), fiction, Fiction, general, Hotels, Hotelkeepers, Cosmopolitanism, British and irish fiction (fictional works by one author), London (England) -- Fiction",,1902,eng,"Chatto & Windus, Penguin Classics, Classic Books, Echo Library, Standard Ebooks",1021738069,75,https://openlibrary.org/works/OL109153W,https://covers.openlibrary.org/b/id/6132684-M.jpg,Open Library API
1903,,,The Call of the Wild,Jack London,3.949367,79.0,,,"Gold discoveries, Bienestar, Lobos, Descubrimiento de oro, Crítica e interpretación, American Nature stories, Cartoons and comics, Feral dogs, Robo de mascotas, Pet theft",,1903,"dut, heb, ita, ara, spa, alb, gle, kor, yid, por, fin, ger, eng, swe, fre, chi","Xi dai shu ban gu fen you xian gong si, Nelson-Hall, Synchronista LLC, Saddleback Educational Publishing, Incorporated, Bohlin & Co.",9781467746021,1700,https://openlibrary.org/works/OL14942956W,https://covers.openlibrary.org/b/id/12393037-M.jpg,Open Library API
1903,,,The Phoenix and the Carpet,Edith Nesbit,3.1,10.0,,,"English Fantasy fiction, Magic, Brothers and sisters, Juvenile fiction, Great Britain in fiction, Magic in fiction, Fiction, Brothers and sisters in fiction, Phoenix (Mythical bird), Mythical Animals",,1903,"eng, ger","Wordsworth Editions Ltd, Little, Brown Book Group Limited, Wordsworth Classics, Cecilie Dressler, West Margin Press",9781444833386,438,https://openlibrary.org/works/OL99539W,https://covers.openlibrary.org/b/id/902122-M.jpg,Open Library API
1903,,,The Return of Sherlock Holmes,Arthur Conan Doyle,4.2727275,33.0,,,"air guns, Americans, anise, anonymity, attempted murder, baritsu, blackmail, broughams, burglary, busts",,1903,"ger, eng, tur, jpn, spa, swe, chi, fre","The Sun Dial Press, Alianza Editorial Sa, Schocken Books, Claridad, MAXTOR",9781412161473,545,https://openlibrary.org/works/OL262477W,https://covers.openlibrary.org/b/id/9246467-M.jpg,Open Library API
1903,,,The Riddle of the Sands,Erskine Childers,3.75,4.0,,,"Great britain, fiction, Fiction, action & adventure, Fiction, thrillers, espionage, Fiction, alternative history, Fiction, sea stories, Large type books, Fiction, Invasions, History, Secret service",,1903,"chi, eng, spa, ger, und","Sidgwick & Jackson, ReadaClassic.com, Penguin Books, Limited, Charles E. Lauriat Company, Sidgwick & Jackson in association with New English Library",9798493837876,532,https://openlibrary.org/works/OL23797W,https://covers.openlibrary.org/b/id/2293974-M.jpg,Open Library API
1903,,,The Tale of Squirrel Nutkin,"Beatrix Potter, Wendy Rasmussen, H y Xiao Phd",3.7777777,9.0,,,"Squirrels, Fiction, Children's fiction, Squirrels, fiction, Juvenile fiction, Rabbits, Owls, Animals, Rabbits, fiction, Forests and forestry, fiction",,1903,"jpn, eng, fre","Child's World, Incorporated, The, Pavilion Press, Frederick Warne in association with Gallimard, Penguin Group, French & European Pubns",1602532966,64,https://openlibrary.org/works/OL8393099W,https://covers.openlibrary.org/b/id/10028056-M.jpg,Open Library API
1903,,,The Ambassadors,Henry James,4.25,8.0,,,"Man-woman relationships, Fiction, Romance, Americans, Historical Fiction, Young men, Classic Literature, Ambassadors (James, Henry), James, henry, 1843-1916, American fiction (fictional works by one author)",,1903,"fre, spa, eng, chi","Dent Dutton, Harvard University Press, J M Dent & Sons Ltd, Houghton Mifflin, HERON BOOKS",0192836471,231,https://openlibrary.org/works/OL276470W,https://covers.openlibrary.org/b/id/313610-M.jpg,Open Library API
1903,,,The Tailor of Gloucester,"Beatrix Potter, H y Xiao Phd",4.0,5.0,,,"Cats, Children's stories, English, Christmas, Christmas stories, Ficción juvenil, Fiction, Juvenile fiction, Mice, Ratones, Tailors",,1903,"ita, spa, wel, eng, fre","Debate, Franklin Classics, Frederick Warne & Co., Ltd, Little Simon, Colour Library Direct",0887080804,70,https://openlibrary.org/works/OL108770W,https://covers.openlibrary.org/b/id/459377-M.jpg,Open Library API
1903,,,The Pit,Frank Norris,,,,,"Fiction, Married people, Wheat trade, Economic conditions, American fiction (fictional works by one author), Marriage, fiction, Chicago (ill.), fiction, Married people, fiction, Fiction, psychological, Fiction, family life, general",,1903,"urd, eng, jpn, rus, ger","Pixabay, Dodo Press, Createspace Independent Publishing Platform, Creative Media Partners, LLC, A. Wessels",9781517406554,291,https://openlibrary.org/works/OL1794919W,https://covers.openlibrary.org/b/id/8244629-M.jpg,Open Library API
1903,,,The Enchanted Island of Yew,L. Frank Baum,4.0,1.0,,,"Fantasy, Fiction, Juvenile Fiction, Classic Literature, Children's fiction, Fantasy fiction, Adventure stories",,1903,eng,"BiblioBazaar, Independently Published, Wonder Publishing, Books of Wonder, eBooksLib",9798570041868,288,https://openlibrary.org/works/OL262388W,https://covers.openlibrary.org/b/id/1755697-M.jpg,Open Library API
1903,,,The Crimson Fairy Book,Andrew Lang,,,,,"Fairy tales, Folklore, Fiction, fantasy, general, Children's stories, Fantasy fiction, Folklore, juvenile literature, Fiction, short stories (single author), Children's fiction, Fairies, fiction, Tales",,1903,"spa, eng","Start Publishing LLC, Aberdeen Press, Tandem Library, Neoperson Ediciones, Viking Children's Books",1688752617,510,https://openlibrary.org/works/OL1088783W,https://covers.openlibrary.org/b/id/7113496-M.jpg,Open Library API
1904,,,The Marvelous Land of Oz,L. Frank Baum,3.368421,19.0,,,"Children's stories, American, Juvenile fiction, Translations into Russian, Children's literature, English, Children's literature, Russian, Oz (Imaginary place), Wizards, Fantasy, Children's fiction, Oz (imaginary place), fiction",,1904,"heb, eng, rus, alb, chi, ara","Peter Smith Publisher Inc, Sunflower Press, Blurb, IndyPublish, Cathay Books",9798489756938,724,https://openlibrary.org/works/OL18396W,https://covers.openlibrary.org/b/id/12648656-M.jpg,Open Library API
1904,,,The Napoleon of Notting Hill,Gilbert Keith Chesterton,4.571429,7.0,,,"Fiction, Classic Literature, Science Fiction, Politics and government, English fiction, Political fiction, Fantastic fiction, London (england), fiction, British and irish fiction (fictional works by one author), Fiction, political",,1904,"eng, spa, rus, ita, por, jpn","Classic Books Library, Oxford University Press, Amfora, Blurb, John Lane",146371842X,454,https://openlibrary.org/works/OL76473W,https://covers.openlibrary.org/b/id/6980094-M.jpg,Open Library API
1904,,,The Tale of Benjamin Bunny,"Beatrix Potter, Wendy Rasmussen",4.125,8.0,,,"Rabbits, fiction, Children's fiction, Rabbits, Fiction, Juvenile fiction, Children's literature, Welsh, Toy and movable books, Children's stories, English, Spanish language, readers, Picture books",,1904,"fre, wel, eng, spa, ger, dan, swe, jpn, ita","Merrimack Publishing Corporation, Gyldendal, Distributed by Outlet Book Co., Diogenes Verlag AG,Switzerland, The Child's World, Inc",9798734842997,92,https://openlibrary.org/works/OL22156524W,https://covers.openlibrary.org/b/id/10447931-M.jpg,Open Library API
1904,,,Kwaidan,Lafcadio Hearn,4.125,8.0,,,"Fiction, Japanese Legends, Social life and customs, Paranormal fiction, American Ghost stories, Japanese literature, Japanese Ghost stories, Fiction, short stories (single author), Japan, fiction, Fiction, ghost",,1904,"eng, jpn, ger, fre","Jonathan Cape, North Books, Kegan Paul, Trench, Trubner, Rütten & Loening, Books on Tape, Inc.",0844622281,42,https://openlibrary.org/works/OL859613W,https://covers.openlibrary.org/b/id/578965-M.jpg,Open Library API
1904,,,Freckles,Gene Stratton-Porter,4.3333335,3.0,,,"Classic Literature, Swamps, Orphans, Fiction, People with disabilities, Open Library Staff Picks, Lumber camps, Juvenile literature, Juvenile fiction, Children's fiction",,1904,eng,"Signet Classics, Books in Motion, Kessinger Publishing, LLC, Amereon Limited, John Murray",1582872953,55,https://openlibrary.org/works/OL42386W,https://covers.openlibrary.org/b/id/6022196-M.jpg,Open Library API
1904,,,In Search of the Unknown,Robert W. Chambers,3.0,1.0,,,"Fiction, science fiction, general",,1904,"eng, spa","Tutis Digital Publishing Pvt. Ltd., Dover Publications, Incorporated, Kessinger Publishing, Wildside Press, LLC, Echo Library",9781698942513,242,https://openlibrary.org/works/OL8127245W,https://covers.openlibrary.org/b/id/2843149-M.jpg,Open Library API
1904,,,The Golden Bowl,Henry James,4.0,1.0,,,"Fiction, Americans, Art, Fathers and daughters, Adultery, Collectors and collecting, American fiction (fictional works by one author), Fathers and daughters, fiction, Marriage, fiction, Art--collectors and collecting",,1904,eng,"Wordsworth Editions Ltd, Oxford University Press, Dent, Everyman's Library, IndyPublish, New American Library",9781556852060,78,https://openlibrary.org/works/OL276338W,https://covers.openlibrary.org/b/id/8246120-M.jpg,Open Library API
1904,,,Ghost Stories of an Antiquary,Montague Rhodes James,4.0,3.0,,,"English Ghost stories, Fiction, science fiction, general, English Short stories, Ghost Stories, Ghosts, Adaptations, Comic books, strips, Comics & graphic novels, horror, Paranormal fiction, Fiction, mystery & detective, general",,1904,"eng, ger","Isis Audio Books, Ayer Co Pub, Wildside Press, Penguin Books, Hard Press",9781792038198,179,https://openlibrary.org/works/OL253728W,https://covers.openlibrary.org/b/id/309008-M.jpg,Open Library API
1904,,,The Tale of Two Bad Mice,Beatrix Potter,3.7777777,9.0,,,"Fiction, Mice, Dollhouses, Juvenile fiction, Children's fiction, Mice, fiction, Casas de muñecas, Ficción juvenil, Ratones, Toy and movable books",,1904,"spa, ita, fre, pol, und, eng","Frederick Warne Publishers Ltd, Simon & Schuster, Warne, Independently Published, Caedmon Audio Cassette",0723234647,67,https://openlibrary.org/works/OL108768W,https://covers.openlibrary.org/b/id/6604329-M.jpg,Open Library API
1904,,,Hadrian the Seventh,Frederick William Rolfe,,,,,"Fiction, Popes, Authors, Eccentrics and eccentricities, Fiction, humorous, English literature, Hadrian, emperor of rome, 76-138, Fiction, humorous, general, Authors, fiction, Fiction (fictional works by one author)",,1904,"eng, ita, fre","Liese. Outside The Box, Andreas, Ballantine, Independently Published, Barnes & Noble, Incorporated, Chatto and Windus",0345215699,56,https://openlibrary.org/works/OL3956110W,https://covers.openlibrary.org/b/id/717577-M.jpg,Open Library API
1905,,,A Little Princess,Frances Hodgson Burnett,4.2,20.0,,,"Children's fiction, Orphans, fiction, London (england), fiction, Boarding schools, fiction, England, fiction, Crewe, sara (fictitious character), fiction, Schools, fiction, Fiction, Orphans, Schools",,1905,"und, ara, spa, eng","Scholastic Inc., Dar Al-Bihar, Scribner's, Purnell, NTC/Contemporary Publishing Company",9798888160879,305,https://openlibrary.org/works/OL69630W,https://covers.openlibrary.org/b/id/2328315-M.jpg,Open Library API
1905,,,White Fang,Jack London,4.0,66.0,,,"Gold discoveries, Wolfdogs, Classic Literature, American Adventure stories, Open Library Staff Picks, Juvenile fiction, Fiction, Gold mines and mining, Historical Fiction, Wolves",,1905,"dut, jpn, vie, cat, ita, spa, fre, kor, per, pol, fin, ger, eng, rus, dan, und, por, chi","Ediciones SM, Franklin Classics, Arco Publications., Project Gutenberg, Grupo Anaya Comercial",2350241955,387,https://openlibrary.org/works/OL74504W,https://covers.openlibrary.org/b/id/8236920-M.jpg,Open Library API
1905,,,A Room with a View,E. M. Forster,3.75,20.0,,,"British, Fiction, Young women, British in fiction, England in fiction, Travel, Young women in fiction, love, romance, Movie novels",,1905,"fre, eng, chi, spa, ita","ReadaClassic.com, Penguin Books, Limited, Vintage, Penguin Books, Seltzer Books",9798457203570,692,https://openlibrary.org/works/OL88813W,https://covers.openlibrary.org/b/id/1748132-M.jpg,Open Library API
1905,,,A little princess,Bob Blaisdell,4.375,32.0,,,"Children's fiction, Orphans, fiction, England, fiction, Boarding schools, fiction, London (england), fiction, Crewe, sara (fictitious character), fiction, Schools, fiction, Boarding schools, Fiction, Schools",,1905,"eng, rus","Frederick Warne and Co., Thorndike Press, HarperFestival, D.R. Godine, Audiofy/Naxos",9780448074863,47,https://openlibrary.org/works/OL15040856W,https://covers.openlibrary.org/b/id/436507-M.jpg,Open Library API
1905,,,The Story of the Amulet,Edith Nesbit,3.6666667,9.0,,,"Roman pour la jeunesse, Litterature fantastique, Classic Literature, Fiction, Juvenile Literature, Children's fiction, Fantasy fiction, Child and youth fiction, Wishes, Juvenile fiction",,1905,"eng, chi, heb, fre, ger","Watermill Pr, Independently Published, Mybook, Alma Classics, Gallimard",9798519608145,578,https://openlibrary.org/works/OL407476W,https://covers.openlibrary.org/b/id/13241470-M.jpg,Open Library API
1905,,,Five Children and It,Edith Nesbit,4.0,7.0,,,"Fiction, Fairies, Wishes, Brothers and sisters, History, Juvenile fiction, Fantasy, Fairy tales, Stories, England",,1905,"chi, und, fre, ita, pol, eng, spa, ger, heb","Blurb, Prakash Book Depot, Harmony Raine Company, BBC Worldwide, Ft. Raphael Publishing Company",9798482299142,950,https://openlibrary.org/works/OL99499W,https://covers.openlibrary.org/b/id/28174-M.jpg,Open Library API
1905,,,To Sleep in a Sea of Stars,Christopher Paolini,3.65,20.0,,,"nyt:combined-print-and-e-book-fiction=2020-10-04, New York Times bestseller, Fiction, science fiction, action & adventure, Human-alien encounters, Fiction, Space colonies, FICTION / Science Fiction / Space Opera, FICTION / Science Fiction / Alien Contact, FICTION / Science Fiction / Action & Adventure",,1905,"dut, eng","Rocco, Boekerij, Tor, PAN MACMILLAN, Pan Macmillan",9022590402,15,https://openlibrary.org/works/OL20861787W,https://covers.openlibrary.org/b/id/10419780-M.jpg,Open Library API
1905,,,The House of Mirth,Edith Wharton,4.125,16.0,,,"Fiction, Single women, Social classes, Drama, Social life and customs, Classic Literature, Social status, Social values, open_syllabus_project, Roman",,1905,"eng, spa, fin, fre","Classic Books Library, Little, Brown Book Group Limited, Bantam Classics, New American Library, Transaction Publishers",9781522857228,694,https://openlibrary.org/works/OL98587W,https://covers.openlibrary.org/b/id/9329539-M.jpg,Open Library API
1905,,,Endless Night,Agatha Christie,4.0,8.0,,,"Fiction, Mystery, Detective and mystery stories, Heiresses, Newlyweds, Blessing and cursing, Private investigators, Murder, Translations into Russian, English Short stories",,1905,"ger, eng, pol, vie, rus, ita, chi, ara, fre","al-Ajyal, Al-Ajyal, Harpercollins, D, Harper Collins",9780062573353,84,https://openlibrary.org/works/OL472508W,https://covers.openlibrary.org/b/id/12855084-M.jpg,Open Library API
1905,,,The Tale of Mrs. Tiggy-Winkle,"Beatrix Potter, H y Xiao Phd, Sam Thiewes, Anita C. Nelson, Orla Kiely",3.8333333,6.0,,,"Hedgehogs, Fiction, Erizos, Ficción juvenil, Juvenile fiction, Children's fiction, Hedgehogs, fiction, Animals, fiction, Farm life, fiction, Picture books",,1905,"fre, por, wel, eng, spa, und, pol, jpn","Penguin Books, Limited, Publications International, Warne, F. Warne & Co., Puffin Books",9780140365771,66,https://openlibrary.org/works/OL108771W,https://covers.openlibrary.org/b/id/6567894-M.jpg,Open Library API
1906,,,The gift of the Magi,O. Henry,3.7916667,24.0,,,"Christmas spirit, Christmas Giving, Gifts, Christmas, Fiction, Navidad, Juvenile fiction, Christmas stories, Ficción juvenil, Regalos",,1906,"eng, chi, spa","Creative Education, Ideals Children's Books, Simon & Schuster Children's Publishing, Simon & Schuster Books for Young Readers, Taiwan mai ke gu fen you xian gong si",0763635308,27,https://openlibrary.org/works/OL181953W,https://covers.openlibrary.org/b/id/819241-M.jpg,Open Library API
1906,,,In the days of the comet,H. G. Wells,3.3333333,3.0,,,"Classic Literature, Collisions with Earth, Comets, Fiction, Fiction in English, Science fiction, Utopias, Fiction, science fiction, general, Fiction, political, British and irish fiction (fictional works by one author)",,1906,"eng, fre","Brilliance Audio, Century Co., Century, Fontana, Berkley Highland Books",9798517221582,213,https://openlibrary.org/works/OL52252W,https://covers.openlibrary.org/b/id/5783892-M.jpg,Open Library API
1906,,,Before Adam,Jack London,4.0,4.0,,,"Fiction, Prehistoric peoples, Dreams, Evolution, Bibliography, Animals, Classic Literature, Romans, Animaux, Évolution",,1906,"dut, heb, dan, spa, yid, fin, ger, eng, swe","Cloud Cover Classics, Franklin Classics, LibriVox, University of Nebraska Press, Project Gutenberg",1731284926,192,https://openlibrary.org/works/OL74501W,https://covers.openlibrary.org/b/id/8243967-M.jpg,Open Library API
1906,,,The Orange Fairy Book,Andrew Lang,,,,,"Fairy tales, Fantasy fiction, Fiction, short stories (single author), Children's fiction, Fiction, general, Fiction, fantasy, general, Folklore, Juvenile literature",,1906,"arm, jpn, baq, dan, kor, bos, urd, hat, gre, epo, ben, dut, geo, per, ara, glg, cze, cat, fre, afr, bel, gle, ita, heb, kan, hun, hin, chi, eng, hrv, yid, fin, bul","West Margin Press, Xist Publishing, Amereon Ltd, Book Jungle, Random House",197760059X,504,https://openlibrary.org/works/OL1088838W,https://covers.openlibrary.org/b/id/13463493-M.jpg,Open Library API
1906,,,Tale of Mr. Jeremy Fisher,Beatrix Potter,4.142857,7.0,,,"Frogs, Juvenile fiction, Fiction, Frogs in fiction, Children's stories, English, Ficción juvenil, Fishing, Ranas, Fishers, Fishing stories",,1906,"spa, wel, fre, eng, ger","Kurtzman Sales Inc, Ladybird Books Ltd, Jensen, Bantam Books, Grange Books",0140365788,81,https://openlibrary.org/works/OL11553363W,https://covers.openlibrary.org/b/id/7130043-M.jpg,Open Library API
1906,,,Peter Pan in Kensington Gardens,J. M. Barrie,3.3333333,3.0,,,"Fiction, Peter Pan (Fictitious character), Classic Literature, Juvenile Fiction, Children's fiction, Fantasy fiction, Peter pan (fictitious character), fiction, Never-never land (imaginary place), fiction, Fantasy, Libros para niños",,1906,"eng, spa, fre, ita","Wordsworth Editions Ltd, Dover Publications, Incorporated, Classic Books, Hodder and Stoughton, Aberdeen Press",9798636169529,163,https://openlibrary.org/works/OL462123W,https://covers.openlibrary.org/b/id/2977086-M.jpg,Open Library API
1906,,,Sir Nigel,Arthur Conan Doyle,4.0,4.0,,,"Classic Literature, Ficion, Fiction, Great Britain in fiction, History, Hundred Years' War, 1339-1453, Knights and knighthood, Knights and knighthood in fiction, Fiction, historical, Great britain, fiction",,1906,"eng, fre","Wordsworth Classics, Echo Library, John Murray and Jonathan Cape, Dover Publications, Incorporated, Classic Books",9781595402066,99,https://openlibrary.org/works/OL262583W,https://covers.openlibrary.org/b/id/7150792-M.jpg,Open Library API
1906,,,The golden key,George MacDonald,4.0,2.0,,,"Fairy tales, Children's fiction, Comics & graphic novels, general, Fiction, fantasy, general, Boys, fiction, Fantasy fiction, Girls, fiction, Fairies, fiction, Adventure and adventurers, fiction, Adventure stories",,1906,"und, eng","Farrar, Straus and Giroux, Eerdmans Books for Young Readers, Caedmon Audio Cassette, Farrar, Straus and Giroux (BYR), ReadHowYouWant.com, Limited",1595479058,41,https://openlibrary.org/works/OL15415W,https://covers.openlibrary.org/b/id/14364490-M.jpg,Open Library API
1906,,,Arsène Lupin contre Herlock Sholmès,Maurice Leblanc,2.6666667,3.0,,,"Fiction, Burglars, Arsène Lupin (Fictitious character), Translations into English, French Adventure stories, Romance literature, Fiction, general",,1906,"ita, spa, por, ger, eng, fre","Édito-Service, Livre de Poche, Alma Classics, M.A. Donohue & Co., Livre de poche",1537338277,154,https://openlibrary.org/works/OL1064284W,https://covers.openlibrary.org/b/id/5892924-M.jpg,Open Library API
1906,,,The house of souls,Arthur Machen,,,,,"English Horror tales, Supernatural, Fiction, Paranormal fiction, Fiction, fantasy, collections & anthologies, Fiction, horror, Fiction, occult & supernatural, Fiction, short stories (single author)",,1906,"eng, ger","Start Publishing LLC, Liese. Outside The Box, Andreas, Barnes & Noble, Incorporated, Ayer Co Pub, E.G. Richards",9781437842050,86,https://openlibrary.org/works/OL3389025W,https://covers.openlibrary.org/b/id/879261-M.jpg,Open Library API
1907,,,The Iron Heel,Jack London,3.5,20.0,,,"Revolutions, fiction, Oligarchy, fiction, Utopias,  fiction, Revolutionaries, fiction, Dysyopias, fiction, Science Fiction, Socialism,  fiction, Classic Literature, American fiction (fictional works by one author), Fiction, political",,1907,"yid, fre, por, chi, eng, spa, ger, swe, fin","Seltzer Books, Penguin Books, Suom. Sos. Kustannusyhtiön, Trajectory, Incorporated, McKinlay, Stone & Mackenzie",9781365831713,597,https://openlibrary.org/works/OL74502W,https://covers.openlibrary.org/b/id/8243314-M.jpg,Open Library API
1907,,,The Enchanted Castle,Edith Nesbit,4.181818,11.0,,,"Fiction, Fantasy, Magic, Rings, Friendship, History, England, Brothers and sisters, Wishes, Juvenile fiction",,1907,"chi, por, eng, spa","J M Dent & Sons Ltd, ENAS-KNIGA, Penguin Books, Limited, Coward, McCann, Inc., Usborne Publishing Ltd.",9781086932980,478,https://openlibrary.org/works/OL99541W,https://covers.openlibrary.org/b/id/6644514-M.jpg,Open Library API
1907,,,The Secret Agent,Joseph Conrad,4.142857,28.0,,,"Anarchists, fiction, Conspiracies, fiction, Bombings, fiction, Terrorism, fiction, Royal Greenwich Observatory, fiction, Drama, Trading companies, Dutch, Classic Literature, Moles (Spies)",,1907,"ger, eng, spa, ita, ara, fre","Bantam Classics, New American Library, Dar Al-Bihar, Gallimard, Cambridge University Press",9798581444665,335,https://openlibrary.org/works/OL39108W,https://covers.openlibrary.org/b/id/8239401-M.jpg,Open Library API
1907,,,The Hill of Dreams,Arthur Machen,3.6666667,9.0,,,"American fiction (fictional works by one author), Fiction, horror, Fiction, fantasy, general, Fiction, biographical, Wales, fiction, Authors, fiction, Dreams, Fiction, Imagination, Fiction, fantasy, paranormal",,1907,eng,"E.G. Richards, Bibliotech Press, Wildside Press, Hard Press, Standard Ebooks",9798537514831,200,https://openlibrary.org/works/OL3389031W,https://covers.openlibrary.org/b/id/1846628-M.jpg,Open Library API
1907,,,Ozma of Oz,L. Frank Baum,4.3125,16.0,,,"Fantasy, Children's stories, Children's stories, American, Juvenile fiction, Fairy tales, Fantasy fiction, Children's fiction, Oz (imaginary place), fiction, Large type books, Illustrated children's books",,1907,"eng, fre, spa","Joe Books Inc., Independently Published, Standard Ebooks, Scholastic Book Services, Amereon Limited",9781730943157,701,https://openlibrary.org/works/OL18415W,https://covers.openlibrary.org/b/id/12648657-M.jpg,Open Library API
1907,,,The Red Thumb Mark,R. Austin Freeman,3.625,16.0,,,"Doctor Thorndyke (Fictitious character), Fiction, Physicians, Fiction, general, Thorndyke, doctor (fictitious character), fiction, England, fiction, London (england), fiction, Physicians, fiction, Fiction, mystery & detective, police procedural, Scientists, fiction",,1907,"eng, und, chi","Blurb, IndyPublish, MysteriousPress.com, Wildside Press, LLC, Bibliotech Press",9781086005851,162,https://openlibrary.org/works/OL4112855W,https://covers.openlibrary.org/b/id/12949767-M.jpg,Open Library API
1907,,,The Longest Journey,E. M. Forster,3.0,3.0,,,"Open Library Staff Picks, Married people, Fiction, Marriage, Teachers, Classic Literature, Teachers -- England -- Fiction, Teachers, fiction, England, fiction, Fiction, general",,1907,"eng, jpn","Bantam Books, Start Publishing LLC, Norfolk, Conn., New Directions, 1922., Book-of-the-Month Club, Albatros",9781979332279,387,https://openlibrary.org/works/OL88878W,https://covers.openlibrary.org/b/id/2955358-M.jpg,Open Library API
1907,,,The Olive Fairy Book (Complete & Unabridged),Andrew Lang,4.0,2.0,,,"Fairy tales, Fiction, Folklore, Juvenile Fiction, Short Stories, Fantasy fiction, Fiction, short stories (single author), Fiction, fantasy, general, Children's fiction, Fiction, general",,1907,eng,"Read Books, North Books, Xist Publishing, Longmans, Green, David McKay Co",9781091900042,151,https://openlibrary.org/works/OL1088837W,https://covers.openlibrary.org/b/id/11213284-M.jpg,Open Library API
1907,,,The Pit and the Pendulum,Edgar Allan Poe,3.0,2.0,,,"American fiction (fictional works by one author), American Horror tales, American literature, American Short stories, Children's fiction, fear, Horror stories, pendulums, Short stories, short story",,1907,"fre, epo, jpn, spa, eng, ita","510 Classics, Caedmon Audio Cassette, Dreamscape Media, LLC, Liese. Outside The Box, Andreas, Folkways Records",9781521096338,101,https://openlibrary.org/works/OL273550W,https://covers.openlibrary.org/b/id/11872237-M.jpg,Open Library API
1907,,,Nils Holgerssons underbara resa genom Sverige,Selma Lagerlöf,4.0,2.0,,,"Fairy tales, Fiction, Classic Literature, Fantasy fiction, Geese, fiction, Sweden, fiction, Children's fiction, Conduct of life, fiction, Magic, Adventure and adventurers",,1907,"jpn, chi, spa, eng, ger, est, und","Standard Ebooks, Penguin Classic, Kessinger Publishing, LLC, IDB Productions, Doubleday",0899669360,68,https://openlibrary.org/works/OL644990W,https://covers.openlibrary.org/b/id/5267445-M.jpg,Open Library API
1908,,,Anne of Green Gables,Lucy Maud Montgomery,4.3092785,97.0,,,"Fiction, Juvenile fiction, Country life, Friendship, Orphans, Friendship in fiction, Prince Edward Island in fiction, Orphans in fiction, Country life in fiction, Foster home care",,1908,"dut, jpn, dan, ita, spa, pol, kor, ice, por, fin, ger, eng, swe, fre, chi","Nimbus Publishing, Limited, Edition du Club France Loisirs, ICON Reference, Penguin Random House, Puffin Classics",9798452687337,1299,https://openlibrary.org/works/OL77746W,https://covers.openlibrary.org/b/id/14641084-M.jpg,Open Library API
1908,,,The Wind in the Willows,Kenneth Grahame,4.0545454,55.0,,,"Children's fiction, Animals, fiction, Friendship, fiction, England, fiction, Fiction, Animals, Friendship, Juvenile fiction, Toy and movable books, Country life",,1908,"heb, eng, pol, vie, spa, tib, chi, dan, san","Classics Made Easy, Ji lin chu ban ji tuan you xian ze ren gong si, Signet Classics, Digireads.com Publishing, Open Road Integrated Media, Inc.",9781847496386,1346,https://openlibrary.org/works/OL28570037W,https://covers.openlibrary.org/b/id/13335427-M.jpg,Open Library API
1908,,,The Man Who Was Thursday,Gilbert Keith Chesterton,3.4827585,29.0,,,"Anarchists, Novela de misterio, Police, Libros en letra grande, Fiction, Novela fantástica, Ficción, Classic Literature, Alegorías, Anarquistas",,1908,"ger, heb, eng, pol, spa, ita, cat, swe, fre","War and Ice, Blurb, Pomona Press, Brand: CreateSpace Independent Publishing Platform, Alianza Editorial",9781976016301,1105,https://openlibrary.org/works/OL76487W,https://covers.openlibrary.org/b/id/8242857-M.jpg,Open Library API
1908,,,Martin Eden,Jack London,3.804878,41.0,,,"Fiction, Literature, Authors, Classic Literature, Working class, Young men, American fiction (fictional works by one author), American literature, Literatură americană, Roman",,1908,"fin, vie, swe, spa, eng, ita, rus, dan, chi, fre, ger, alb","Independently Published, Sule Yayinlari, Hard Press, Ren Kitap, McKinlay, Stone & Mackenzie",9789753850650,168,https://openlibrary.org/works/OL144822W,https://covers.openlibrary.org/b/id/9223765-M.jpg,Open Library API
1908,,,Dorothy and the Wizard in Oz,L. Frank Baum,3.7,10.0,,,"Fairy tales, Fiction, Oz (Imaginary place), Fantasy, Classic Literature, Juvenile fiction, Fantasy fiction, Children's fiction, Oz (imaginary place), fiction, Children: Grades 4-6",,1908,"pol, spa, eng","Joe Books Inc., HarperCollins Publishers, Creative Media Partners, LLC, Morrow, William S. Konecky Associates",9781710176353,622,https://openlibrary.org/works/OL18412W,https://covers.openlibrary.org/b/id/12648659-M.jpg,Open Library API
1908,,,The Circular Staircase,Mary Roberts Rinehart,4.470588,17.0,,,"Classic Literature, Fiction, Detective and mystery stories, Innes, rachel (fictitious character), fiction, Adirondack mountains (n.y.), fiction, Fiction, suspense, Large type books, Open Library Staff Picks, Middle-aged women, Investigation",,1908,"chi, spa, eng","Start Publishing LLC, Paperback Classics, DuMont's Kriminal-Bibliothek, HarperCollins Canada, Limited, Blackstone Audio, Inc.",9798766405153,182,https://openlibrary.org/works/OL137396W,https://covers.openlibrary.org/b/id/2761207-M.jpg,Open Library API
1908,,,The Magician,William Somerset Maugham,3.75,4.0,,,"Fiction, Magicians, Magic, English Authors, Biography, Good and evil, Europe, fiction, Fiction, psychological, British and irish fiction (fictional works by one author), Fiction, horror",,1908,"por, ger, eng, rus, chi","Franklin Classics, Ayer Co Pub, Hard Press, Creative Media Partners, LLC, Geleos",9798574266427,313,https://openlibrary.org/works/OL505730W,https://covers.openlibrary.org/b/id/2789948-M.jpg,Open Library API
1908,,,Du côté de chez Swann,Marcel Proust,3.8888888,9.0,,,"Comics & graphic novels, general, France, fiction, Early memories, Fiction, Social life and customs, Upper class, Villages, Manners and customs, Romance literature, French language",,1908,"dut, heb, cat, ita, spa, pol, por, ger, eng, rus, fre, hun, cze","HarperCollins UK, El Paseo Editorial, Losada, Yapi Kredi Yayinlari, ReadHowYouWant.com, Limited",9781090252395,636,https://openlibrary.org/works/OL30053009W,https://covers.openlibrary.org/b/id/11967344-M.jpg,Open Library API
1908,,,The tale of Jemima Puddle-Duck,"Beatrix Potter, Colin Twinn",3.3076923,13.0,,,"Fiction, Juvenile fiction, Domestic animals, Rabbits, Ducks, Foxes, Dogs, Toy and movable books, Dogs in fiction, Spanish language materials",,1908,"jpn, lat, spa, nor, por, wel, eng, und, fre","Debate, Project Gutenberg, Fukuinkan Shoten, Independently Published, Jensen",9780517652756,106,https://openlibrary.org/works/OL16067296W,https://covers.openlibrary.org/b/id/7347371-M.jpg,Open Library API
1908,,,The Elusive Pimpernel (Scarlet Pimpernel),Emma Orczy,3.5714285,7.0,,,"Fiction, action & adventure, Fiction, historical, France, history, revolution, 1789-1799, fiction, Blakeney, percy, sir (fictitious character), fiction, France, fiction, Classic Literature, Fiction, Sir Blakeney, Percy (Fictitious character), Nobility, History",,1908,eng,"Start Publishing LLC, WordFire Press LLC, Century Bookbindery, Franklin Classics Trade Press, House of Stratus",9798736589265,327,https://openlibrary.org/works/OL8444981W,https://covers.openlibrary.org/b/id/502823-M.jpg,Open Library API
1909,,,Anne of Avonlea,Lucy Maud Montgomery,4.275862,29.0,,,"Fiction, History, Juvenile fiction, Orphans, Teachers, Islands, Teachers in fiction, Orphans in fiction, Prince Edward Island in fiction, Islands in fiction",,1909,"fin, ger, heb, eng, pol, vie, spa, chi, ita, lit, jpn, dan, fre","Peter Smith Publisher Inc, Little, Brown Book Group Limited, Alma littera, Blurb, New American Library",9781798569726,813,https://openlibrary.org/works/OL77744W,https://covers.openlibrary.org/b/id/14638062-M.jpg,Open Library API
1909,,,The Road to Oz,L. Frank Baum,3.375,8.0,,,"Fairy tales, Juvenile Fiction, Fiction, Oz (Imaginary place), Fantasy, Classic Literature, Children's fiction, Fantasy fiction, Oz (imaginary place), fiction, Fiction, fantasy, general",,1909,"eng, spa","Joe Books Inc., The Reilly & Britton, McGraw-Hill Contemporary, BiblioBazaar, Forgotten Books",9798513996880,533,https://openlibrary.org/works/OL262390W,https://covers.openlibrary.org/b/id/8243922-M.jpg,Open Library API
1909,,,The Machine Stops,E. M. Forster,3.75,4.0,,,"English literature, Children's fiction, Science fiction, Technology, Social aspects, Environmental disasters, Fiction, Culture, Internet, Art and society",,1909,eng,"Wildside Press, LLC, CreateSpace Independent Publishing Platform, Wildside Press, Penguin Books, Creative Co (Sd)",1708788441,311,https://openlibrary.org/works/OL88800W,https://covers.openlibrary.org/b/id/7793883-M.jpg,Open Library API
1909,,,Buddenbrooks,Thomas Mann,3.75,4.0,,,"Fiction, Families, Family, Civilization, German fiction, German, German language books, bourgeoisie, Middle class families, Austro-Prussian War, 1866",,1909,"fin, spa, eng, rus, ger","Brand: Vintage, Fisher Bucherei, Garden City Pub. Co., Secker and Warburg, Secker andWarburg",3596206618,87,https://openlibrary.org/works/OL14867081W,https://covers.openlibrary.org/b/id/8244437-M.jpg,Open Library API
1909,,,A Girl of the Limberlost,Gene Stratton-Porter,3.3333333,3.0,,,"Fiction, Swamps, Indiana in fiction, Mothers and daughters, Swamps in fiction, Self-reliance, Moths, Mothers and daughters in fiction, Self-reliance in fiction, Moths in fiction",,1909,"und, eng","Dodo Press, HarperCollins World, Doubleday, Page, Sun Hill Rose and Briar Books, Signet Classics",9781554451661,48,https://openlibrary.org/works/OL42384W,https://covers.openlibrary.org/b/id/8999923-M.jpg,Open Library API
1909,,,John Thorndyke's Cases,R. Austin Freeman,3.6,10.0,,,"Fiction, Physicians, English Detective and mystery stories, Doctor Thorndyke (Fictitious character), England, fiction, Physicians, fiction, Thorndyke, doctor (fictitious character), fiction, London (england), fiction, Fiction, mystery & detective, general",,1909,eng,"CreateSpace Independent Publishing Platform, Hyperion Pr, Wildside Press, House of Stratus, MysteriousPress.com",9798513069577,146,https://openlibrary.org/works/OL4112850W,https://covers.openlibrary.org/b/id/2783336-M.jpg,Open Library API
1909,,,Three Lives,Gertrude Stein,4.0,6.0,,,"Fiction, Working class women, Working class women in fiction, Working class women in literature, Women, Women in fiction, Short Stories, Classics, American fiction (fictional works by one author), Fiction, short stories (single author)",,1909,"heb, eng, fre","Echo Library, Amereon Ltd, Collins Classics, Value Classic Reprints, New American Library",9781428042674,149,https://openlibrary.org/works/OL35383W,https://covers.openlibrary.org/b/id/8249959-M.jpg,Open Library API
1909,,,The Tale of the Flopsy Bunnies,"Beatrix Potter, Wendy Rasmussen, Charles Santore, R.F. Gilmor",4.285714,7.0,,,"Rabbits, Fiction, Children's stories, English, Juvenile fiction, Children's fiction, Rabbits, fiction, Easter, fiction, Initial teaching alphabet, Toy and movable books, Board books",,1909,"eng, ger, fre","Pavilion Press, Publications International, Cider Mill Press Book Publishers, LLC, Spoken Arts, Diogenes Verlag AG,Switzerland",0723240639,48,https://openlibrary.org/works/OL108698W,https://covers.openlibrary.org/b/id/5327052-M.jpg,Open Library API
1909,,,The ball and the cross,"Gilbert Keith Chesterton, Damian Andre",4.0,2.0,,,"Fiction, Catholics, Male friendship, Men, Atheists, Friendship, Fiction, general, Scotland, fiction, Fiction, humorous, general, Fiction, christian, general",,1909,"spa, eng, fre","Cosimo, Inc., Echo Library, Blurb, Wells Gardner, Darton & Co., Ltd, TAN Books",9798725343779,166,https://openlibrary.org/works/OL76470W,https://covers.openlibrary.org/b/id/6262469-M.jpg,Open Library API
1909,,,Ann Veronica,H. G. Wells,3.5,8.0,,,"Classic Literature, Fiction, British and irish fiction (fictional works by one author), Young women, fiction, England, fiction, Fiction, coming of age, Fathers and daughters, fiction, Young women, Social life and customs, Suffragists",,1909,"eng, und, fre","T.F. Unwin, Weidenfeld & Nicolson, Paperbackshop.Co.UK Ltd - Echo Library, BiblioBazaar, George Newnes",1588275604,101,https://openlibrary.org/works/OL52258W,https://covers.openlibrary.org/b/id/8242750-M.jpg,Open Library API
1910,,,Ethan Frome,Edith Wharton,4.0,42.0,,,"Accident victims, American fiction (fictional works by one author), American literature, Children's fiction, Classic Literature, domestic fiction, English fiction, Family life, Farm life, Fiction",,1910,"ger, eng, kor, pol, spa, ita, chi, fre","Classic Books Library, Little, Brown Book Group Limited, New American Library, Barnes & Noble Press, Dover Publications, Incorporated",9781507585559,1000,https://openlibrary.org/works/OL98501W,https://covers.openlibrary.org/b/id/8303480-M.jpg,Open Library API
1910,,,Howards End,E. M. Forster,4.4444447,9.0,,,"Fiction, Inheritance and succession, Sisters, Country homes, Social classes, Illegitimate children, Remarried people, Man-woman relationships, Social conflict, Women intellectuals",,1910,"ger, eng, jpn, spa, chi, fre","Alianza Editorial Sa, Bantam Classics, Guild Publishing, Blurb, Bedford Books",9781420956498,498,https://openlibrary.org/works/OL88881W,https://covers.openlibrary.org/b/id/8235207-M.jpg,Open Library API
1910,,,The Magic City,Edith Nesbit,3.3333333,3.0,,,"Fantasy, Cities and towns, Juvenile fiction, Fiction, Children's fiction, Fantasy fiction, Fiction, fantasy, general, Magic, fiction",,1910,"eng, por","IndyPublish, Liese. Outside The Box, Andreas, BiblioBazaar, SeaStar Books, Independently Published",1470190125,445,https://openlibrary.org/works/OL99535W,https://covers.openlibrary.org/b/id/1673063-M.jpg,Open Library API
1910,,,The Emerald City of Oz,L. Frank Baum,3.6666667,6.0,,,"Juvenile fiction, Fiction, Oz (Imaginary place), Fantasy, Princess Ozma (Fictitious character), Children's fiction, Fantasy fiction, Oz (imaginary place), fiction, American Fantasy fiction, Large type books",,1910,eng,"Echo Library, Blurb, Throne Classics, Fundabooks, Simon and Schuster",9798462778834,634,https://openlibrary.org/works/OL18409W,https://covers.openlibrary.org/b/id/1473556-M.jpg,Open Library API
1910,,,Kilmeny of the orchard,Lucy Maud Montgomery,3.5,4.0,,,"Fiction, romance, general, People with disabilities, fiction, Prince edward island, fiction, Teachers, fiction, Children's fiction, Canadian fiction",,1910,"eng, chi, fre","Ke zhu shu fang, Angus & Robertson, Seal Books, West Margin Press, Blurb",9781517495817,283,https://openlibrary.org/works/OL77785W,https://covers.openlibrary.org/b/id/14638107-M.jpg,Open Library API
1910,,,The Scarlet Plague,Jack London,3.8,5.0,,,"Fiction, American Science fiction, Plague, End of the world, Classic Literature, Science Fiction, American literature, Regression (Civilization), FICTION / Alternative History, Fiction, science fiction, general",,1910,"spa, fre, eng, swe, fin","Dercum Audio, Echo Library, Dercum Pr Audio, Numina Press, Project Gutenberg",9781582017365,71,https://openlibrary.org/works/OL74485W,https://covers.openlibrary.org/b/id/9377992-M.jpg,Open Library API
1910,,,Burning Daylight,Jack London,4.3333335,3.0,,,"Bankruptcy, Classic Literature, Fiction, Gold mines and mining, Women pioneers, Fiction, westerns, California, fiction, Fiction, action & adventure, Fiction, thrillers, suspense, American fiction (fictional works by one author)",,1910,"eng, vie, ger, swe, fin, ita","Franklin Classics Trade Press, Boomer Books, The Macmillan company, Book Jungle, Wildside Press",142121363X,405,https://openlibrary.org/works/OL144821W,https://covers.openlibrary.org/b/id/8245391-M.jpg,Open Library API
1910,,,The Lilac Fairy Book,Andrew Lang,,,,,"Fantasy fiction, Fiction, fantasy, general, Fairy tales, Children's fiction",,1910,"spa, eng","Wilder Publications, Incorporated, Joe Books Inc., Hard Press, HarperCollins Publishers, Creative Media Partners, LLC",9781077705937,325,https://openlibrary.org/works/OL1088811W,https://covers.openlibrary.org/b/id/5709196-M.jpg,Open Library API
1910,,,Rewards and fairies,Rudyard Kipling,5.0,5.0,,,"Children's stories, Classic Literature, Fiction, Fiction, general, Fairies, Witches, English Fantasy fiction, Juvenile fiction, Tales, Short stories",,1910,"rus, eng","Franklin Classics, Dodo Press, MacMillan, Createspace Independent Publishing Platform, Creative Media Partners, LLC",9781556853289,176,https://openlibrary.org/works/OL20161W,https://covers.openlibrary.org/b/id/8245174-M.jpg,Open Library API
1910,,,Huntingtower,John Buchan,4.0,3.0,,,"Fiction, Dickson McCunn (Fictitious character), Kidnapping, Kidnapping in fiction, Princesses, Scotland in fiction, Princesses in fiction, Mccunn, dickson (fictitious character), fiction, Fiction, action & adventure, Missing persons, fiction",,1910,"eng, sco","Boomer Books, Amereon Press, ABC-CLIO, LLC, Arc Manor, Alan Sutton",0904919293,293,https://openlibrary.org/works/OL76597W,https://covers.openlibrary.org/b/id/1979431-M.jpg,Open Library API
1911,,,The Secret Garden,Frances Hodgson Burnett,3.9333334,90.0,,,"Fiction, general, Friendship, fiction, People with disabilities, fiction, Great britain, fiction, Child and youth fiction, Children's fiction, Gardens, fiction, England, fiction, American literature, Orphans, fiction",,1911,"eng, spa, und, cat, chi, fre","Brand: CreateSpace Independent Publishing Platform, Classics Made Easy, Gallimard, Viena, Signet Classics",1986554775,1594,https://openlibrary.org/works/OL69612W,https://covers.openlibrary.org/b/id/12622062-M.jpg,Open Library API
1911,,,Le fantôme de l'opéra,Gaston Leroux,3.7857144,42.0,,,"Fiction, Opera, Composers, Phantom of the Opera (Fictitious character), Readers, English language, Horror stories, Chinese language, Chinese, Reading comprehension",,1911,"tur, fre, por, eng, chi, spa, ger, jpn, ita","Grand Central Pub, Gargola, Penguin Books, Limited, Delta Systems, Random House UK",1432617133,131,https://openlibrary.org/works/OL1833989W,https://covers.openlibrary.org/b/id/8245407-M.jpg,Open Library API
1911,,,Peter Pan,J. M. Barrie,3.6,45.0,,,"Open Library Staff Picks, English Children's fiction, Pop-up books, Toy and movable books, Never-Never Land (Imaginary place), Specimens, Juvenile fiction, Fiction, Peter Pan (Fictitious character), open_syllabus_project",,1911,"ger, eng, spa, und, ita, gsw, por, chi, fre","Editorial Galaxia, S.A., Pinnacle Technology, Ediciones del Laberinto S. L, Hodder and Stoughton, HarperCollins Publishers",9781909621633,441,https://openlibrary.org/works/OL462007W,https://covers.openlibrary.org/b/id/8237052-M.jpg,Open Library API
1911,,,The Sea Fairies,L. Frank Baum,3.3333333,3.0,,,"Children's stories, Juvenile fiction, Classic Literature, Fiction, Children's fiction, Fantasy fiction, Fantasy, Fiction, historical, general, Sea stories, Mermaids",,1911,"rus, eng","Books of Wonder, General Books, The Perfect Library, Hard Press, Charles River Editors",9781717310491,528,https://openlibrary.org/works/OL262384W,https://covers.openlibrary.org/b/id/1814237-M.jpg,Open Library API
1911,,,The Lorax,Dr. Seuss,4.2833333,60.0,,,"nyt:picture_books=2012-02-11, Stories in rhyme, New York Times bestseller, Children's stories, Juvenile fiction, Pollution, Children's fiction, Ecology, fiction, Fiction, Deforestation",,1911,"spa, eng","Lectorum S A De C V, Bt Bound, HarperCollins Publishers, HARPER COLL CHILDREN, Lectorum Pubns Inc (J)",0394823370,23,https://openlibrary.org/works/OL261155W,https://covers.openlibrary.org/b/id/422253-M.jpg,Open Library API
1911,,,Socks,Beverly Cleary,4.0,5.0,,,"Cats, Fiction, Juvenile fiction, Cats, fiction, Children's fiction, Clothing and dress, fiction, Clothing trade, fiction, Families, Infants, Jealousy",,1911,eng,"Listening Library, Yearling, HarperCollins Publishers, Vermilion Labs DBA Bookroo, Morrow",9780807214190,33,https://openlibrary.org/works/OL151991W,https://covers.openlibrary.org/b/id/9400981-M.jpg,Open Library API
1911,,,The Centaur,Algernon Blackwood,4.5,2.0,,,"Supernatural, Fiction, Fantasy, Thriller, Paranormal fiction, Fiction, fantasy, general, Fiction, fantasy, paranormal, Journalists, fiction, Europe, fiction, Fiction, horror",,1911,eng,"Arno Press, Wildside Press, Echo Library, Hard Press, NuVision Publications",9781987410402,65,https://openlibrary.org/works/OL2700650W,https://covers.openlibrary.org/b/id/5562921-M.jpg,Open Library API
1911,,,Thumbelina,"Hans Christian Andersen, Elsa Beskow, Michael Foreman, Michael Morpurgo, Kimberley Reynolds, Catherine Babok, Susannah Mary Paull",4.4166665,12.0,,,"Spanish language materials, Fairy tales, Cuentos de hadas, Literatura juvenil, Cuentos infantiles, Translations into English, Children's stories, Danish, Juvenile literature, Miniature books, Translations into Russian",,1911,"gla, urd, spa, ger, eng, dan, fre, chi","Treasure Bay, Modern Publishing, Scribner, W. Morrow, Nord-Süd Verlag",0721457878,79,https://openlibrary.org/works/OL15049906W,https://covers.openlibrary.org/b/id/1357775-M.jpg,Open Library API
1911,,,"Zuleika Dobson, or, An Oxford love story",Sir Max Beerbohm,5.0,1.0,,,"College students, Fiction, Young women, British and irish fiction (fictional works by one author), English College stories, English Love stories, Man-woman relationships, University of Oxford in fiction, Young women in fiction, College students in fiction",,1911,eng,"Blurb, Yale University Press, New American Library, Amereon Limited, Kessinger Publishing, LLC",9798707737688,172,https://openlibrary.org/works/OL767580W,https://covers.openlibrary.org/b/id/6907656-M.jpg,Open Library API
1911,,,The Eye of Osiris,R. Austin Freeman,2.0,1.0,,,"London (england), fiction, Physicians, fiction, Thorndyke, doctor (fictitious character), fiction, Fiction, mystery & detective, general, Missing persons, Private investigators, Mummies, Fiction, Classic Literature, Thriller",,1911,"und, eng, chi","House of Stratus, C. Scribner's sons, Carroll & Graf Pub, Wildside Press, LLC, NuVision Publications",9781093196634,136,https://openlibrary.org/works/OL13150029W,https://covers.openlibrary.org/b/id/7162423-M.jpg,Open Library API
1912,,,A Princess of Mars,Edgar Rice Burroughs,3.893617,47.0,,,"John Carter (Fictitious character), Fiction, Classic Literature, Dejah Thoris (Fictitious character), Princesses, Princesses in fiction, Science fiction, Translations into Russian, Fantasy, Barsoom",,1912,"spa, rus, eng","Grosset & Dunlap Publishers, I Books, SDE Classics, Dunda Books, Penguin Books",9798683158866,456,https://openlibrary.org/works/OL1418187W,https://covers.openlibrary.org/b/id/207226-M.jpg,Open Library API
1912,,,Pollyanna,"Eleanor Hodgman Porter, Porter, Neil Reed, Lee Giles",3.8636363,22.0,,,"Aunts, Cheerfulness, Classic Literature, Conduct of life, Family, Fiction, History, Interpersonal relations, Juvenile Literature, Juvenile fiction",,1912,"tur, heb, jpn, pol, eng, rus, chi","Benediction Classics, Xiao chang shu fang, George G. Harrap, Yapi Kredi Yayinlari, Scholastic Inc.",9781676587279,552,https://openlibrary.org/works/OL2775807W,https://covers.openlibrary.org/b/id/902113-M.jpg,Open Library API
1912,,,Tarzan of the Apes,Edgar Rice Burroughs,4.4,5.0,,,"British in fiction, Historical Fiction, Wild men in fiction, American Adventure stories, Open Library Staff Picks, American Fantasy fiction, British, Fiction, Tarzan (Fictitious character), Adventure stories",,1912,"eng, spa, dan, por","Ballantine Books, Flamingo, Dover Publications, Incorporated, Whitman, Signet Classics",9781951537005,226,https://openlibrary.org/works/OL1418251W,https://covers.openlibrary.org/b/id/6608849-M.jpg,Open Library API
1912,,,Daddy-Long-Legs,Jean Webster,4.571429,7.0,,,"Philanthropists, Letters, Juvenile fiction, Fiction, Drama, Women college students, Women authors, Boarding schools, Schools, Young women",,1912,"jpn, spa, pol, per, ger, eng, und, fre, chi","Franklin Classics, Xi dai shu ban gu fen you xian gong si, Xiao chang shu fang, Project Gutenberg, Brockhampton P",9781798459836,299,https://openlibrary.org/works/OL4322177W,https://covers.openlibrary.org/b/id/8266414-M.jpg,Open Library API
1912,,,Chronicles of Avonlea,Lucy Maud Montgomery,4.0,7.0,,,"Fiction, Love, Fiction, general, Family life, fiction, Children's fiction, Child and youth fiction, Juvenile fiction, Japanese language materials, History, Angus and Robertson",,1912,"chi, eng, pol, spa, jpn, fre, und","MiraVista Press, Start Publishing LLC, Creative Media Partners, LLC, Demco Media, Doubleday Canada",9781979582162,381,https://openlibrary.org/works/OL77788W,https://covers.openlibrary.org/b/id/14635990-M.jpg,Open Library API
1912,,,Sky Island,L. Frank Baum,3.3529413,17.0,,,"Fantasy, Children's fiction, Fantasy fiction, Adventure and adventurers, fiction, Magic, fiction, Parrots, fiction, Fairies, fiction, Juvenile fiction, Imaginary places",,1912,eng,"The Perfect Library, 510 Classics, Audio Book Contractors, 1st World Library - Literary Society, Wonder Publishing",9798535281384,510,https://openlibrary.org/works/OL262385W,https://covers.openlibrary.org/b/id/2752804-M.jpg,Open Library API
1912,,,Riders of the Purple Sage,Zane Grey,4.0,4.0,,,"Fiction, Mormon women, Polygamy, Women ranchers, Lassiter (Fictitious character), Adventure and adventurers, Fiction in English, Mormons, Classic Literature, Romance",,1912,"und, eng","University of Nebraska Press, Trails & Saddles, Aberdeen Press, Blackstone Audio, Inc., Amereon Limited",9781980956846,709,https://openlibrary.org/works/OL485504W,https://covers.openlibrary.org/b/id/872066-M.jpg,Open Library API
1912,,,So speaks the heart,Johanna Lindsey,4.5,6.0,,,"Fiction, France, Social life and customs, Historical fiction, Fiction, romance, historical, France, fiction, Large type books, Fiction, romance, historical, general",,1912,eng,"Corgi, G.K. Hall, Avon, Piatkus",0783818386,5,https://openlibrary.org/works/OL15665W,https://covers.openlibrary.org/b/id/237253-M.jpg,Open Library API
1912,,,Manalive,Gilbert Keith Chesterton,4.25,4.0,,,"Classic Literature, Fiction, British and irish fiction (fictional works by one author), London (england), fiction, Fiction, mystery & detective, traditional, Fiction, christian, suspense, False arrest, Attempted murder, Fiction, general, Children's fiction",,1912,"eng, ger, fre","Arc Manor, Desclée de Brower, Simon & Brown, Echo Library, Blurb",1576468534,271,https://openlibrary.org/works/OL76475W,https://covers.openlibrary.org/b/id/2751278-M.jpg,Open Library API
1912,,,The Financier,Theodore Dreiser,4.6666665,3.0,,,"Classics, literature, Capitalists and financiers, Fiction, Psychological fiction, Trilogy of Desire, Fiction, psychological, American fiction (fictional works by one author), Художественная литература -- США -- Американская литература -- 1-ая пол. 20 в. -- Романы, Capitalists and financiers--fiction",,1912,"ger, eng, spa, rus, hrv","World Publishing Company, Reprint Services Corporation, West Margin Press, Blurb, The World Pub. Co.",9781986642361,352,https://openlibrary.org/works/OL100237W,https://covers.openlibrary.org/b/id/8293120-M.jpg,Open Library API
1913,,,O Pioneers!,Willa Cather,3.8333333,12.0,,,"Fiction, Women pioneers, Women farmers, Farm life, Swedish Americans, Women immigrants, Brothers and sisters, Frontier and pioneer life, History, Immigrants",,1913,"chi, por, ita, hin, ice, bul, eng, ger, rus, jpn, spa, alb, fre, und, kor, amh, afr","Classic Publishers, ICON Classics, Virago Press, Prestwick House, Inc., Sterling Publishing Co., Inc.",1101153105,613,https://openlibrary.org/works/OL12795W,https://covers.openlibrary.org/b/id/8242999-M.jpg,Open Library API
1913,,,Sons and Lovers,D. H. Lawrence,4.5,10.0,,,"Fiction, England in fiction, Working class families, Young men in fiction, Working class families in fiction, Young men, Facsimiles, Social life and customs, England, Manuscripts",,1913,"eng, spa, mul, ger, por","HV Publishign, a division of Homepage Ventures, Limited, Heron Books, Longman Publishing Group, Creative Media Partners, LLC, Bertelsmann Lesering",9798475526811,332,https://openlibrary.org/works/OL81295W,https://covers.openlibrary.org/b/id/8246175-M.jpg,Open Library API
1913,,,The Poison Belt,Arthur Conan Doyle,4.5,4.0,,,"Professor Challenger (Fictitious character), Fiction, Classic Literature, Science Fiction, British and Irish fiction (fictional works by one author), Fiction, science fiction, general, Fiction, science fiction, action & adventure, Challenger, professor (fictitious character), fiction, English Science fiction, Large type books",,1913,"fin, eng","Amereon Ltd, Blurb, Incorporated, House of Stratus, Large Print Book Company, Chivers",1421808129,345,https://openlibrary.org/works/OL262596W,https://covers.openlibrary.org/b/id/5788361-M.jpg,Open Library API
1913,,,El Dorado,Emma Orczy,3.4761906,21.0,,,"Classic Literature, Fiction, Historical Fiction, Aristocracy (Social class), British, Sir Blakeney, Percy (Fictitious character), Nobility, History, Fiction, action & adventure, Fiction, historical",,1913,"eng, spa","Standard Publications, Inc., Rodgers Books, Alan, Echo Library, Dover Publications, Incorporated, MobileReference",9798761659353,246,https://openlibrary.org/works/OL8722827W,https://covers.openlibrary.org/b/id/2890729-M.jpg,Open Library API
1913,,,The Wisdom of Father Brown,Gilbert Keith Chesterton,4.5,4.0,,,"Fiction, Father Brown (Fictitious character), English Detective and mystery stories, Clergy, Catholics, Translations into Polish, Catholic Church, Priests, English Short stories, Fiction, mystery & detective, traditional",,1913,"ger, heb, eng, pol, spa, ita, alb, chi, fre","Blurb, John Lane, IndyPublish, Gallimard, HarperCollins Publishers",9781513280516,465,https://openlibrary.org/works/OL76483W,https://covers.openlibrary.org/b/id/2598178-M.jpg,Open Library API
1913,,,The Patchwork Girl of Oz,L. Frank Baum,3.3333333,3.0,,,"Fantasy, Juvenile fiction, Fairy tales, Children's fiction, Fantasy fiction, Oz (imaginary place), fiction, Large type books, Adventure and adventurers, fiction, Oz (Imaginary place)",,1913,eng,"Hervey Press, Dover Publications, Incorporated, Morrow, Open Road Integrated Media, Inc., Alcazar Audioworks",9798519264235,496,https://openlibrary.org/works/OL18405W,https://covers.openlibrary.org/b/id/1473369-M.jpg,Open Library API
1913,,,Обломов,Ива́н Алекса́ндрович Гончаро́в,3.75,8.0,,,"Fiction, Readers, Russia in fiction, Russian language, Social life and customs, Fiction, general, Russia (federation), fiction, Fiction, historical, general, Continental european fiction (fictional works by one author), Texts",,1913,"ger, eng, jpn, spa, per, cze, chi, yid, dut, rus, fin, fre","Artemis-verlag, Izd-vo Leningradskogo universiteta, Gos. Izd. Det. Lit., New American Library, G. Allen",4843318418,117,https://openlibrary.org/works/OL1139063W,https://covers.openlibrary.org/b/id/5755397-M.jpg,Open Library API
1913,,,The Lodger,Marie Belloc Lowndes,,,,,"Classic Literature, Fiction, Serial murders, Fiction, mystery & detective, collections & anthologies, Fiction, general, Fiction, mystery & detective, general, London (england), fiction, Serial murders, fiction, Fiction, mystery & detective, historical, Jack, the ripper, fiction",,1913,"chi, eng","Project Gutenberg, C. Scribner's sons, Wildside Press, Hard Press, Standard Ebooks",9781523266838,163,https://openlibrary.org/works/OL1172118W,https://covers.openlibrary.org/b/id/696674-M.jpg,Open Library API
1913,,,Seven keys to Baldpate,Earl Derr Biggers,3.4285715,21.0,,,"Fiction, mystery & detective, general, American literature",,1913,eng,"Pulpville Press, Bibliotech Press, Wildside Press, Echo Library, The Perfect Library",9781518670664,306,https://openlibrary.org/works/OL6438826W,https://covers.openlibrary.org/b/id/5826544-M.jpg,Open Library API
1913,,,A Prisoner in Fairyland,Algernon Blackwood,,,,,"Fantasy, Fiction, Classic Literature, English literature, Children's fiction, Fiction, fantasy, general, New york (n.y.), fiction, Large type books",,1913,eng,"House of Stratus, Blurb, Incorporated, NuVision Publications, West Margin Press, North Books",1595470999,76,https://openlibrary.org/works/OL2700648W,https://covers.openlibrary.org/b/id/2895898-M.jpg,Open Library API
1914,,,The Valley of Fear,Arthur Conan Doyle,4.148148,27.0,,,"English Detective and mystery stories, Fiction, Private investigators, Private investigators in fiction, Romans, Roman policier anglais, Detective and mystery stories, Chinese Detective and mystery stories, England, fiction, Moriarty, professor (fictitious character), fiction",,1914,"cat, fre, srp, por, eng, chi, spa, ger, pol, jpn, ita","Bertz + Fischer, Penguin Books, Limited, BERKELEY MEDALLION, Penguin Books, Berkley Publishing Corporation",048644533X,758,https://openlibrary.org/works/OL262505W,https://covers.openlibrary.org/b/id/8350377-M.jpg,Open Library API
1914,,,Ulysses,James Joyce,3.375,16.0,,,"Married people, Male friendship, Fiction, Historical Fiction, Psychological fiction, Alienation (Social psychology), Textual Criticism, Molly Bloom (Fictitious character), Bloom, Molly (Personaje literario), Men",,1914,"tur, dut, jpn, ita, spa, fre, gle, pol, baq, ger, eng, glg, dan, lav, rus, cze, chi","Losada, Project Gutenberg, Yaba Yayınları, Yapi Kredi Yayinlari, Livre de poche",9780914061700,612,https://openlibrary.org/works/OL86318W,https://covers.openlibrary.org/b/id/13136548-M.jpg,Open Library API
1914,,,The Black Cat,Edgar Allan Poe,4.1,20.0,,,"fiction, horror fiction, cats, Children's fiction, short story, first-person narrative, unreliable narrators, self-hatred, gallows, American fiction (fictional works by one author)",,1914,"eng, fre, spa, chi, jpn","Audiocite, Dreamscape Media, LLC, Zhonghua shu ju, Worthington Press, Winthrop Press",0585206430,122,https://openlibrary.org/works/OL41068W,https://covers.openlibrary.org/b/id/11709016-M.jpg,Open Library API
1914,,,Dubliners,James Joyce,3.878049,82.0,,,"Daily Express, West Briton, Three Graces, The Lass of Aughrim, alcoholism, confessionals, Jesuits, fiction, concerts, piano",,1914,"gle, kor, vie, spa, rum, eng, ita, cze, dut, por, fre, tur, ara, jpn, heb, chi, rus, ger","Joe Books Inc., Dover Publications, Inc., NuVision Publications, ICON Classics, Independently Published",0194238121,996,https://openlibrary.org/works/OL86320W,https://covers.openlibrary.org/b/id/8216412-M.jpg,Open Library API
1914,,,The Lone Wolf,Louis Joseph Vance,3.3333333,21.0,,,"Fiction, mystery & detective, general, Criminals, fiction, Paris (france), fiction",,1914,eng,"tredition Verlag, IndyPublish, Blurb, Triangle Books, Pinnacle Press",9798544851653,274,https://openlibrary.org/works/OL7562583W,https://covers.openlibrary.org/b/id/12646762-M.jpg,Open Library API
1914,,,The warlord of Mars #3,Edgar Rice Burroughs,4.5,8.0,,,"Classic Literature, Fiction, Historical Fiction, Science Fiction, Dejah Thoris (Fictitious character), real science fiction, John Carter, Mars, Martian series, tharks",,1914,eng,"BiblioBazaar, Paperbackshop.Co.UK Ltd - Echo Library, NuVision Publications, Sterling Publishing Co., Inc., Buccaneer Books",1548360260,420,https://openlibrary.org/works/OL1418137W,https://covers.openlibrary.org/b/id/207141-M.jpg,Open Library API
1914,,,Kokoro,"夏目漱石, Yoko Ogihara, Fernando Cordobés, Carlos Rubio lópez de la Llave, Nagi Yoshizaki, Makiko Itoh",4.4117646,17.0,,,"Translations into English, Fiction, Japan, Social conditions, Roman japonais, Traductions anglaises, Fiction, short stories (single author), Near and far eastern fiction (fictional works by one author), Natsume, soseki, 1867-1916, Japanese literature",,1914,"heb, jpn, spa, ind, ger, eng, und, fre","P. Owen, Peter Owen, Kōdansha, H. Regnery Co., Shinchōsha",9784805301616,84,https://openlibrary.org/works/OL1174972W,https://covers.openlibrary.org/b/id/3970410-M.jpg,Open Library API
1914,,,At the Earth's Core,Edgar Rice Burroughs,3.25,4.0,,,"American Science fiction, Classic Literature, Core, Earth, Fiction, Juvenile Fiction, Science Fiction & Fantasy, Science fiction, Fiction, science fiction, action & adventure, Fantasy fiction",,1914,eng,"A.C. McClurg & Co., Dodo Press, Fictionwise, Inc., Kessinger Publishing, Ace Books",9780441033218,219,https://openlibrary.org/works/OL1417907W,https://covers.openlibrary.org/b/id/9317372-M.jpg,Open Library API
1914,,,Tik-Tok of Oz,L. Frank Baum,2.5,2.0,,,"Fairy tales, Fantasy fiction, Juvenile fiction, Fiction, Oz (Imaginary place), Fantasy, American Fantasy fiction, Classic Literature, Children: Grades 4-6, Children's fiction",,1914,eng,"Sweet Cherry Publishing, Pixabay, Dodo Press, Createspace Independent Publishing Platform, Creative Media Partners, LLC",9781974257584,490,https://openlibrary.org/works/OL18414W,https://covers.openlibrary.org/b/id/8243277-M.jpg,Open Library API
1914,,,The World Set Free,"H. G. Wells, Ellen Marriage",3.5,4.0,,,"Nuclear warfare, Imaginary wars and battles, Fiction, British and irish fiction (fictional works by one author), Fiction, action & adventure, Fiction, science fiction, general, Long now manual for civilization",,1914,eng,"Leisure Books, Franklin Classics Trade Press, MIT Press, edibooks, Fantastica",9781787245778,236,https://openlibrary.org/works/OL52257W,https://covers.openlibrary.org/b/id/8246099-M.jpg,Open Library API
1915,,,Anne of the Island,Lucy Maud Montgomery,3.875,16.0,,,"College students, Friendship, Universities and colleges, Fiction, Juvenile fiction, College stories, Orphans, History, Children's fiction, Shirley, anne (fictitious character), fiction",,1915,"fin, ara, swe, spa, eng, pol, dan, chi, fre, ger","Joe Books Inc., Audiofy/Blackstone, Page Co, NuVision Publications, HarperFestival",9781730880711,781,https://openlibrary.org/works/OL77748W,https://covers.openlibrary.org/b/id/14639028-M.jpg,Open Library API
1915,,,Metamorphosis,Franz Kafka,4.173333,150.0,,,"Fantasy fiction, Children's fiction, Lectures et morceaux choisis, Fantastique, Nouvelles, Métamorphose, Romans, Famille, Metamorphosis, Die Verwandlung",,1915,"mul, tur, jpn, ita, spa, fre, ger, eng, por, chi","Debate, Philipp Reclam jun. Verlag GmbH, Zeplin Kitap, Bilgi Yayinevi, Prestwick House Inc.",9781539962182,954,https://openlibrary.org/works/OL498556W,https://covers.openlibrary.org/b/id/12820198-M.jpg,Open Library API
1915,,,The Thirty-Nine Steps,John Buchan,3.8,25.0,,,"Hannay, richard (fictitious character), fiction, Great britain, fiction, Fiction, espionage, English language, Fiction, Fugitives from justice, Intelligence service, Missing persons, Richard Hannay (Fictitious character), Secret societies",,1915,"ger, heb, eng, pol, spa, und, ita, fre","Facsimile Publisher, Capitoline Publishing, Blurb, IndyPublish, D.R. Godine",1846971985,881,https://openlibrary.org/works/OL76524W,https://covers.openlibrary.org/b/id/93020-M.jpg,Open Library API
1915,,,Of Human Bondage,William Somerset Maugham,4.1666665,12.0,,,"People with disabilities, fiction, Orphans, fiction, Physically handicapped, fiction, Bildungsromans, British and Irish fiction (fictional works by one author), Physicians, fiction, Artists, fiction, Coming of age, fiction, England, fiction, Literature",,1915,"vie, spa, eng, chi, jpn, rus, ger","Joe Books Inc., SUN DIAL PRESS, Iboo Press, Garden City Pub. Co., Independently Published",1544225695,407,https://openlibrary.org/works/OL505781W,https://covers.openlibrary.org/b/id/5277723-M.jpg,Open Library API
1915,,,Herland,"Charlotte Perkins Gilman, Alex Goody, Eva Kumar, Evelynn D. Smith, Chavdar Georgiev, Booking, Aurora Irvine",3.8888888,9.0,,,"Utopias, Fiction, Women, Matriarchat, Utopie, Classic Literature, open_syllabus_project, Matriarchy, Sex role, American fiction (fictional works by one author)",,1915,"spa, fre, rus, chi, eng, ger, bul, hin, tur","Wyatt North, tredition Verlag, Echo Library, 1st World Library - Literary Society, Read Books",1981968342,627,https://openlibrary.org/works/OL2771987W,https://covers.openlibrary.org/b/id/448130-M.jpg,Open Library API
1915,,,As I Lay Dying,William Faulkner,3.5833333,12.0,,,"American Manuscripts, Death, Burial, Open Library Staff Picks, Fiction in English, Stream-of-Consciousness, Facsimiles, Fiction, Problem families, Married women",,1915,"fre, spa, est, eng","J. Cape, H. Smith, Lythway Press, Random House, Penguin Putnam~trade, Vintage",060602171X,62,https://openlibrary.org/works/OL82929W,https://covers.openlibrary.org/b/id/9327716-M.jpg,Open Library API
1915,,,The Rainbow,D. H. Lawrence,3.6,5.0,,,"Fiction, Families, Family, Families in fiction, Family in fiction, Domestic fiction, Romance Ingles, Religious Psychology, Religion, Psychoanalysis",,1915,eng,"Viking Press, Wordsworth Editions Ltd, Oxford University Press, Bantam Classics, West Margin Press",9798543557105,358,https://openlibrary.org/works/OL81293W,https://covers.openlibrary.org/b/id/13028918-M.jpg,Open Library API
1915,,,The Scarecrow of Oz,L. Frank Baum,3.4444444,9.0,,,"Classic Literature, Fantasy, Fiction, Fairy tales, Children's fiction, Fantasy fiction, Oz (imaginary place), fiction, Dorothy Gale (Fictitious character), Juvenile fiction, Fiction, fantasy, general",,1915,eng,"Start Publishing LLC, Franklin Classics Trade Press, Books of Wonder, MiraVista Interactive, IDB Productions",1689407697,503,https://openlibrary.org/works/OL262352W,https://covers.openlibrary.org/b/id/431586-M.jpg,Open Library API
1915,,,The Good Soldier,Ford Madox Ford,3.75,8.0,,,"Fiction, family life, Married people, fiction, Friendship, fiction, Germany, fiction, British and irish fiction (fictional works by one author), Fiction, family life, general, Adultery, British, Classic Literature, Fiction",,1915,eng,"Alfred A. knopf, Tutis Digital Publishing Pvt. Limited, Classic Books, Roads Publishing, ICON Reference",0613172590,355,https://openlibrary.org/works/OL509889W,https://covers.openlibrary.org/b/id/908543-M.jpg,Open Library API
1915,,,Voyage Out,Virginia Woolf,3.5,4.0,,,"Man-woman relationships, fiction, Fiction, general, Young women, fiction, Young women -- Fiction, Love stories, Bildungsromans, Ocean travel -- Fiction, Women travelers -- Fiction, British -- South America -- Fiction, Fiction",,1915,"spa, eng, ita, por, heb, fre, ger","Independently Published, Alma Classics, Mybook, Hard Press, The Hogarth Press",1070791032,465,https://openlibrary.org/works/OL27064817W,https://covers.openlibrary.org/b/id/12621766-M.jpg,Open Library API
1916,,,"Thuvia, Maid of Mars","Edgar Rice Burroughs, Craig Trahan, Eric King, J. Allen St. John",4.428571,7.0,,,"American Science fiction, Fiction, Science fiction, American, Science Fiction, Classic Literature, John Carter (Fictitious character), Martians, Fiction, science fiction, general, Fiction, science fiction, action & adventure, Barsoom (imaginary place), fiction",,1916,eng,"Start Publishing LLC, Aberdeen Press, Wildside Press, River Press, B & B Audio",1421807270,206,https://openlibrary.org/works/OL1418128W,https://covers.openlibrary.org/b/id/284442-M.jpg,Open Library API
1916,,,Rinkitink in Oz,L. Frank Baum,4.0,4.0,,,"Classic Literature, Fantasy, Fantasy fiction, Fiction, Juvenile Fiction, Oz (Imaginary place), Children's fiction, Oz (imaginary place), fiction, Fiction, fantasy, general",,1916,"eng, ger","Echo Library, Read Books, North Books, 1st World Library, YurbART",1534971130,488,https://openlibrary.org/works/OL262376W,https://covers.openlibrary.org/b/id/765814-M.jpg,Open Library API
1916,,,The power-house,John Buchan,3.875,16.0,,,"Edward Leithen (Fictitious character), Fiction, Fiction, action & adventure, Fiction, thrillers, general, Fiction, mystery & detective, general, Fiction, legal, Lawyers, fiction, Scotland, fiction, Fiction, general, Lawyers",,1916,eng,"B & W Publishing, Dent, House of Stratus, The Editorium, LLC, Pan",9798652028138,175,https://openlibrary.org/works/OL76582W,https://covers.openlibrary.org/b/id/2039354-M.jpg,Open Library API
1916,,,The Mysterious Stranger,Mark Twain,3.8,5.0,,,"American Humorous stories, Social life and customs, Open Library Staff Picks, Fiction, Manuscripts, Devil, American fiction (fictional works by one author), Twain, mark, 1835-1910, Austria, fiction, Fiction, fantasy, historical",,1916,"rum, spa, rus, eng","New American Library, Kessinger Publishing, LLC, Harper & Brothers, Rey Lear, Reprint Services Corporation",1412138698,82,https://openlibrary.org/works/OL54158W,https://covers.openlibrary.org/b/id/9173884-M.jpg,Open Library API
1916,,,Tarzan and the Jewels of Opar,Edgar Rice Burroughs,4.0,4.0,,,"Classic Literature, Fiction, Tarzan (Fictitious character), Non-Classifiable, Tarzan (fictitious character), fiction, Africa, fiction, Fiction, action & adventure, Tarzan (Fictitious character) -- Fiction, Fantasy fiction, Adventure stories",,1916,eng,"A.C. McClurg & Co., House of Greystoke, IndyPublish, Independently Published, New English Library",1583960104,135,https://openlibrary.org/works/OL1418248W,https://covers.openlibrary.org/b/id/8235276-M.jpg,Open Library API
1916,,,The Ivory Child,H. Rider Haggard,5.0,1.0,,,"Fiction, action & adventure, Quatermain, allan (fictitious character), fiction, Fiction, thrillers, suspense, Fiction, fantasy, general, English literature",,1916,"eng, urd, ger","West Margin Press, Independently Published, collection books, Mybook, Waking Lion Press",9781404309449,271,https://openlibrary.org/works/OL17515W,https://covers.openlibrary.org/b/id/5815386-M.jpg,Open Library API
1916,,,The Mysterious Stranger and Other Stories (7 works),"Mark Twain, Edmund Reiss",4.0,2.0,,,"American Humorous stories, Fiction, Quotations, Social life and customs, United States in fiction, Fiction, short stories (single author), United states, social life and customs, fiction, American fiction (fictional works by one author), Fiction, general, Children's fiction",,1916,eng,"Harper, Independently Published, Harper & Brothers, Xist Publishing, Digireads.com",1427081948,68,https://openlibrary.org/works/OL54018W,https://covers.openlibrary.org/b/id/9162030-M.jpg,Open Library API
1916,,,Penrod and Sam,Booth Tarkington,3.5,2.0,,,"Boys, Fiction, Male friendship, Indiana, fiction, Fiction, humorous, Friendship, fiction, Fiction, coming of age, Fiction, humorous, general, Large type books",,1916,eng,"General Books LLC, Floating Press, The, Echo Library, Read Books, Junior Deluxe Editions",0766197158,137,https://openlibrary.org/works/OL54890W,https://covers.openlibrary.org/b/id/5775045-M.jpg,Open Library API
1916,,,Подросток,Фёдор Михайлович Достоевский,4.0,3.0,,,"Continental european fiction (fictional works by one author), Fiction, Identity (Philosophical concept), Social life and customs, Russian Authors, Russian fiction, Translations into English, History, Social conditions",,1916,"vie, eng, fre, chi, rus, ger","Izdatelstvo Khudozhestvennayo Literatura, William Heinemann Ltd., Norton & Co., NXB Trke, Macmillan Pub Co",9780192837059,78,https://openlibrary.org/works/OL10419085W,https://covers.openlibrary.org/b/id/9415384-M.jpg,Open Library API
1916,,,Finished,"H. Rider Haggard, H. Rider Haggard",,,,,"Fiction, historical, general, Quatermain, allan (fictitious character), fiction, African fiction, Fiction, action & adventure, Fiction, romance, fantasy, Fiction, Zulu War, 1879, Zulu (African people), Allan Quatermain (Fictitious character), Classic Literature",,1916,eng,"Kessinger Publishing, The Perfect Library, Open Road Integrated Media, Inc., Liese. Outside The Box, Andreas, Longmans, Green and Co.",9798625093781,259,https://openlibrary.org/works/OL17437W,https://covers.openlibrary.org/b/id/867088-M.jpg,Open Library API
1917,,,His Last Bow [8 stories],Arthur Conan Doyle,4.133333,30.0,,,"short stories, Detective and mystery fiction, Fiction, Mystery fiction, Historical fiction, Classic Literature, English Detective and mystery stories, Mystery, Private investigators, Romans",,1917,"spa, eng, por, pol, chi, jpn, fre, ger","Joe Books Inc., John Murray Publishers Ltd, Summit Classic Press, Audiofy/Blackstone, NuVision Publications",9781774260739,583,https://openlibrary.org/works/OL262452W,https://covers.openlibrary.org/b/id/8243267-M.jpg,Open Library API
1917,,,La Chute,Albert Camus,3.7017543,57.0,,,"Conscience, Continental european fiction (fictional works by one author), Existentialism, Fiction, psychological, French fiction, French language, French literature, Legal stories, literary fiction",,1917,"eng, ita, fre, spa, tur, ger, cat, dut, snd","Editions Gallimard, Koch, Neff & Oetinger & Co, Createspace Independent Publishing Platform, Penguin Books in association with Hamish Hamilton, Hamish Hamilton",9782070360109,145,https://openlibrary.org/works/OL1230631W,https://covers.openlibrary.org/b/id/8296477-M.jpg,Open Library API
1917,,,Anne's House of Dreams,Lucy Maud Montgomery,4.2352943,17.0,,,"Country life, Marriage, Juvenile fiction, Friendship, History, Fiction, Fiction, general, Er tong wen xue, Zhang pian xiao shuo, Dreams, fiction",,1917,"jpn, spa, pol, fin, ger, eng, dan, fre, chi","George G. Harrap & Co. Ltd., Seal Books, George G. Harrap, Project Gutenberg, Sourcebooks, Incorporated",1707780889,822,https://openlibrary.org/works/OL77764W,https://covers.openlibrary.org/b/id/14640440-M.jpg,Open Library API
1917,,,The Lost Princess of Oz,L. Frank Baum,4.3333335,3.0,,,"Fantasy, Juvenile literature, Children's stories, Classic Literature, Fiction, Oz (Imaginary place), Fantasy fiction, Children's fiction, Oz (imaginary place), fiction, Fiction, fantasy, general",,1917,eng,"West Margin Press, Dover Publications, Incorporated, Wildside Press, LLC, Dancing Unicorn Books, The Perfect Library",9798455765247,591,https://openlibrary.org/works/OL18411W,https://covers.openlibrary.org/b/id/854819-M.jpg,Open Library API
1917,,,Markens grøde,"Knut Hamsun, William John Alexander Worster",4.4,10.0,,,"Literature, Fiction, Classic Literature, Norway -- Fiction., Norway, fiction, Fiction, general, Frontier and pioneer life, Pioneers, Farmers",,1917,"yid, fre, dut, eng, nor, ger, dan, rus","Gyldendal, Franklin Classics Trade Press, Vintage, Alfred A. Knopf, Barnes & Noble, Incorporated",1387842595,114,https://openlibrary.org/works/OL573191W,https://covers.openlibrary.org/b/id/5746701-M.jpg,Open Library API
1917,,,Summer,Edith Wharton,3.8333333,6.0,,,"Fiction, Romance, Historical, Victorian, Young women, fiction, Guardian and ward,  fiction, Man-woman relationships, fiction, Classic Literature, fiction, Love stories, fiction, Literary, American fiction (fictional works by one author)"", Massachusetts, fiction, American literature",,1917,"eng, spa, ara, fre","Barnes & Noble Books, Bantam Classics, Collier Books, Echo Library, IndyPublish",0781205166,85,https://openlibrary.org/works/OL98586W,https://covers.openlibrary.org/b/id/9329550-M.jpg,Open Library API
1917,,,The shadow-line,Joseph Conrad,4.25,4.0,,,"Ship captains, Fiction, English Adventure stories, Classic Literature, Literature, British and irish fiction (fictional works by one author), Conrad, Joseph, in fiction, Sea stories, Maritime fiction, Large type books",,1917,"eng, und, fre, spa","IndyPublish, Portmay Press, Paperbackshop.Co.UK Ltd - Echo Library, Littlehampton Book Services Ltd, Independently Published",1425054048,147,https://openlibrary.org/works/OL38827W,https://covers.openlibrary.org/b/id/8242332-M.jpg,Open Library API
1917,,,Understood Betsy,Dorothy Canfield Fisher,4.25,4.0,,,"Fiction, Country life, Orphans, Self-perception, Juvenile fiction, Farm life, Children's fiction, Self-perception, fiction, Orphans, fiction, Country life, fiction",,1917,eng,"Amereon Ltd, Buccaneer Books, H. Holt and company, Holt, Dell",0030866391,26,https://openlibrary.org/works/OL19235W,https://covers.openlibrary.org/b/id/5596279-M.jpg,Open Library API
1917,,,The Affair at the Semiramis Hotel,A. E. W. Mason,5.0,1.0,,,"Fiction, general",,1917,eng,"CreateSpace Independent Publishing Platform, C. Scribner's sons, Charles Scribner's Sons, Forgotten Books, Franklin Classics",1651192340,547,https://openlibrary.org/works/OL532398W,https://covers.openlibrary.org/b/id/14428518-M.jpg,Open Library API
1917,,,Long Live the King!,Mary Roberts Rinehart,,,,,"Fiction, action & adventure, Europe, fiction, Fiction, romance, general, Historical fiction, Court life",,1917,eng,"Thomas Allen, Barnes & Noble, Incorporated, OK Publishing, BiblioBazaar, Start Publishing LLC",9798758178461,132,https://openlibrary.org/works/OL137385W,https://covers.openlibrary.org/b/id/5837987-M.jpg,Open Library API
1918,,,The Gods of Mars,Edgar Rice Burroughs,4.2,10.0,,,"Fiction, science fiction, general, American Science fiction, Classic Literature, Fiction, Historical Fiction, Science fiction, Science fiction, American, John Carter (Fictitious character), Life on other planets, English Science fiction",,1918,eng,"A.C. McClurg & Co., Dodo Press, Denton & White, Fictionwise, Inc., Kessinger Publishing",149732744X,315,https://openlibrary.org/works/OL1417942W,https://covers.openlibrary.org/b/id/207132-M.jpg,Open Library API
1918,,,Mr. Standfast,John Buchan,4.3636365,11.0,,,"Fiction, World War, 1914-1918, Richard Hannay (Fictitious character), Intelligence service, Classic Literature, Thriller, Hannay, richard (fictitious character), fiction, Great britain, fiction, Fiction, thrillers, espionage, World war, 1914-1918, fiction",,1918,"ger, eng","Nelson, Barnes & Noble, Incorporated, Start Publishing LLC, Creative Media Partners, LLC, Wordsworth",9781548880323,437,https://openlibrary.org/works/OL76598W,https://covers.openlibrary.org/b/id/6962564-M.jpg,Open Library API
1918,,,The Tin Woodman of Oz,L. Frank Baum,3.375,8.0,,,"Giants, Juvenile fiction, Fiction, Oz (Imaginary place), Fantasy, Children's stories, Fantasy fiction, Children's fiction, Oz (imaginary place), fiction, Fiction, historical, general",,1918,eng,"Sweet Cherry Publishing, Dodo Press, Charles River Editors, Del Rey, Rand McNally",9798446820993,461,https://openlibrary.org/works/OL262381W,https://covers.openlibrary.org/b/id/755973-M.jpg,Open Library API
1918,,,The Return of the Soldier,Rebecca West,4.6666665,3.0,,,"World War, 1914-1918, Man-woman relationships, Literature, Classic Literature, Country homes, Amnesia, War neuroses, Soldiers, Fiction, World war, 1914-1918, fiction",,1918,"ita, spa, eng","Franklin Classics, Creative Media Partners, LLC, ISIS, Digireads.com, Penguin USA, Inc.",1551115123,95,https://openlibrary.org/works/OL27834207W,https://covers.openlibrary.org/b/id/13283182-M.jpg,Open Library API
1918,,,Oh Money Money,Eleanor Hodgman Porter,,,,,"Fiction, humorous, general, Fiction, general",,1918,eng,"tredition Verlag, Echo Library, Read Books, Amereon Ltd, 1st World Publishing, Incorporated",1718996713,143,https://openlibrary.org/works/OL2775770W,https://covers.openlibrary.org/b/id/1845153-M.jpg,Open Library API
1918,,,The next person you meet in Heaven,Mitch Albom,4.6,5.0,,,"Amusement rides, Heaven, Older men, Death, Future life, Amusement parks, Accident victims, Fiction, Large type books, Fiction, visionary & metaphysical",,1918,eng,"HarperCollins Canada, Limited, Sphere, Little, Brown Book Group Limited, HarperCollins, Harper",9782848688787,15,https://openlibrary.org/works/OL19749357W,https://covers.openlibrary.org/b/id/12560465-M.jpg,Open Library API
1918,,,The land that time forgot,Edgar Rice Burroughs,3.6,5.0,,,"Prehistoric peoples, Fiction, Dinosaurs, Lost continents, Classic Literature, Fiction, science fiction, general, American Science fiction",,1918,eng,"The Floating Press, Hard Press, Barnes & Noble, 1st World Library - Literary Society, Grosset & Dunlap",1428027432,30,https://openlibrary.org/works/OL1418232W,https://covers.openlibrary.org/b/id/605906-M.jpg,Open Library API
1918,,,Botchan,"夏目漱石, J. Cohn, J. Cohn, Dennis Washburn, Umeji Sasaki, Yasotaro Morri, Kaori Okura",3.0,1.0,,,"Fiction, Fiction, humorous, Japan, fiction, Near and far eastern fiction (fictional works by one author), Teachers, fiction, Fiction, humorous, general, Boys, Fiction, action & adventure, FICTION / General, Fiction, general",,1918,"fre, spa, eng, jpn","P. Owen, Hard Press, tredition Verlag, Gyōsei, Benseisha",4770007019,120,https://openlibrary.org/works/OL1174969W,https://covers.openlibrary.org/b/id/4788315-M.jpg,Open Library API
1918,,,Moon of Israel,H. Rider Haggard,1.0,1.0,,,"The Exodus, Fiction, Egypt, fiction, Fiction, christian, historical, Fiction, fantasy, general, Fiction, action & adventure, Fiction, religious, Fiction, romance, historical, ancient world, Fiction, romance, multicultural & interracial, Fiction, fantasy, action & adventure",,1918,"spa, urd, eng","1st World Library - Literary Society, Open Road Integrated Media, Inc., Franklin Classics Trade Press, Cosimo Classics, Publishers of the Valley",9781727106008,168,https://openlibrary.org/works/OL17524W,https://covers.openlibrary.org/b/id/2009299-M.jpg,Open Library API
1918,,,Love Eternal,H. Rider Haggard,,,,,"Great britain, fiction, Fiction, romance, general, Fiction, fantasy, general",,1918,eng,"Kessinger Publishing, The Perfect Library, Pixabay, Liese. Outside The Box, Andreas, Longmans, Green, and co.",1986057372,303,https://openlibrary.org/works/OL17493W,https://covers.openlibrary.org/b/id/5839489-M.jpg,Open Library API
1919,,,Demian,Hermann Hesse,4.2105265,57.0,,,"Teenage boys, Translations into English, Bildungsromans, Fiction, German fiction, Germany, Bildungsroman, Social conditions, Translations into Portuguese, Portuguese fiction",,1919,"dut, heb, epo, cat, ita, ukr, spa, kor, per, por, ger, eng, fre, chi","Bibliothek Suhrkamp, Peter Owen, Boni and Liveright, Perennial Classics, Cenit",6074536112,176,https://openlibrary.org/works/OL30457295W,https://covers.openlibrary.org/b/id/12569297-M.jpg,Open Library API
1919,,,The moon and sixpence,William Somerset Maugham,4.7777777,9.0,,,"British and irish fiction (fictional works by one author), Fiction, psychological, Tahiti, fiction, Artists, fiction, American fiction, Classic Literature, England in fiction, Fiction, Historical Fiction, Literature",,1919,"amh, eng, ita, por, pol, jpn, chi, rus, ger","Garden City Pub. Co., ISIS Large Print Books, Bookcassette, Independently Published, Barnes & Noble, Incorporated",1661393756,397,https://openlibrary.org/works/OL505740W,https://covers.openlibrary.org/b/id/314604-M.jpg,Open Library API
1919,,,The Haunted Bookshop,Christopher Morley,4.125,8.0,,,"Detective and mystery stories, Booksellers and bookselling, Fiction, Mystery and detective stories, Classic Literature, New york (n.y.), fiction, Fiction, mystery & detective, general, Booksellers and bookselling, fiction, Fiction, general, Bookstores",,1919,"spa, eng","Grossett & Dunlap, Classic Books Library, J. B. Lippincott Company, J.B. Lippincott Co., Grosset & Dunlap",9781974570010,69,https://openlibrary.org/works/OL619317W,https://covers.openlibrary.org/b/id/935927-M.jpg,Open Library API
1919,,,Jurgen,James Branch Cabell,3.8888888,9.0,,,"Classic Literature, Fantasy, Fiction, Middle Ages, Devil, Wives, Poictesme (imaginary place), fiction, Fiction, fantasy, historical, Fiction, fantasy, epic, Fiction, humorous, general",,1919,"eng, yid","Robert M. McBride & Co., Printed for the members of the Limited Editions Club, Grosset & Dunlap, West Margin Press, Echo Library",9798540606158,259,https://openlibrary.org/works/OL6585796W,https://covers.openlibrary.org/b/id/5553063-M.jpg,Open Library API
1919,,,The Moon Pool,A. Merritt,3.3333333,3.0,,,"Fiction, Botanists, Geographical myths, Paranormal fiction, Kidnapping, Fantasy, Imaginary places, Legends, Fiction, science fiction, general, Fiction, mystery & detective, general",,1919,"fre, eng","Nasionale Boekhandel, Collier Books, Simon & Schuster, Independently Published, FISCHER Taschenbuch",9798461321680,230,https://openlibrary.org/works/OL4104767W,https://covers.openlibrary.org/b/id/9317374-M.jpg,Open Library API
1919,,,Rainbow Valley,Lucy Maud Montgomery,4.0,4.0,,,"Orphans, Fiction, French-Canadian fiction, Polish language materials, Juvenile fiction, Adventure stories, Family life, Fiction, general, Brothers and sisters, fiction, Family life, fiction",,1919,"eng, fre, pol, dan, chi, enm","LibriVox, The Perfect Library, Feedbooks, Frederick A. Stokes Company, Ren Kitap",1534801782,671,https://openlibrary.org/works/OL77756W,https://covers.openlibrary.org/b/id/14641168-M.jpg,Open Library API
1919,,,The League of the Scarlet Pimpernel,Emma Orczy,3.6666667,12.0,,,"Classic Literature, Fiction, History, Sir Blakeney, Percy (Fictitious character), British, Fiction, action & adventure, Fiction, historical, France, history, revolution, 1789-1799, fiction, Blakeney, percy, sir (fictitious character), fiction, France, fiction",,1919,eng,"Amereon Ltd, Kessinger Publishing, West Margin Press, Buccaneer Books, Book Jungle",9798794557428,210,https://openlibrary.org/works/OL286350W,https://covers.openlibrary.org/b/id/2783870-M.jpg,Open Library API
1919,,,Night and Day,Virginia Woolf,3.3333333,3.0,,,"Biographers, Literature, Fiction, Triangles (Interpersonal relations), Classic Literature, Family relationships, English Romance fiction, British and Irish fiction (fictional works by one author), Young women, fiction, Mothers and daughters, fiction",,1919,"heb, ita, spa, fre, por, ger, eng, swe, rus","Zemorah, Bitan, Portmay Press, Granada, tredition Verlag, Fischer Taschenbuch Verlag",9798729637188,215,https://openlibrary.org/works/OL39571W,https://covers.openlibrary.org/b/id/1471349-M.jpg,Open Library API
1919,,,The Middle Temple Murder,Joseph Smith Fletcher,3.0,1.0,,,"London (england), fiction, Journalists, fiction, Crime, fiction, Fiction, mystery & detective, general, Fiction, Middle Temple (London, England)",,1919,"fre, eng","Lythway Press, Liese. Outside The Box, Andreas, Nautical & Aviation Publishing Company of Ame, Wildside Press, The Perfect Library",1795329262,204,https://openlibrary.org/works/OL1797756W,https://covers.openlibrary.org/b/id/5842420-M.jpg,Open Library API
1919,,,The Sheik,E. M. Hull,4.3333335,3.0,,,"collectionID:Gbodice_ripper, collectionID:Sleazy_pulp, British, Classic Literature, Fiction, Kidnapping, Romance, Historical romance, Fiction, romance, general, Egypt, fiction",,1919,eng,"BiblioBazaar, eBooksLib, Hard Press, Classic Books, Duckworth",0850462665,25,https://openlibrary.org/works/OL6101936W,https://covers.openlibrary.org/b/id/8260383-M.jpg,Open Library API
1920,,,The Great Gatsby,F. Scott Fitzgerald,3.965812,234.0,,,"Married people, fiction, American fiction (fictional works by one author), Fiction, psychological, Long island (n.y.), fiction, Fiction, Rich people, Mistresses, Married women, Traffic accidents, First loves",,1920,"dut, heb, rum, jpn, ita, spa, swe, pol, kor, ind, por, ger, eng, dan, fre, chi","Marti Yayinlari, Zeplin Kitap, Kiddy Monster Publications, Scribner UK, Círculo de Lectores, S.A.",201203456X,1179,https://openlibrary.org/works/OL468431W,https://covers.openlibrary.org/b/id/10590366-M.jpg,Open Library API
1920,,,The Mysterious Affair at Styles,Agatha Christie,4.034483,87.0,,,"Fiction, Mystery, Crime Fiction, Mystery Thriller, Thriller, Adult, Classic Literature, British Literature, Hercule Poirot (Fictitious Character), Tommy Beresford (Fictitious Character)",,1920,"heb, ara, ita, spa, por, ger, eng, lav, rus, fre, chi","The Classic Collection, Project Gutenberg, Intell World Publishers, Audiofy/Audio Partners, Mud Puddle, Incorporated",1546638695,1091,https://openlibrary.org/works/OL472715W,https://covers.openlibrary.org/b/id/13699667-M.jpg,Open Library API
1920,,,The Tale of Peter Rabbit,Beatrix Potter,3.9791667,48.0,,,"Rabbits, fiction, Children's fiction, Senses and sensation, fiction, Adventure and adventurers, fiction, Pictorial works, Juvenile fiction, Rabbits, Children's stories, English, Peter rabbit (fictitious character), fiction, Toy and movable books",,1920,"fre, spa, eng, jpn","Frederick Warne., Weston Woods, Simon & Schuster Books For Young Readers, Fukuinkan Shoten, Scholastic Inc.",9780590411011,102,https://openlibrary.org/works/OL26460746W,https://covers.openlibrary.org/b/id/2557658-M.jpg,Open Library API
1920,,,The Beautiful and Damned,F. Scott Fitzgerald,4.090909,11.0,,,"Fiction, Inheritance and succession, fiction, Married people, fiction, Family life, fiction, Socialites, fiction, Young men, fiction, Alcoholics, fiction, Facsimiles, History, Rich people",,1920,"ger, eng, spa, ita, chi","Alianza Editorial Sa, Bantam Classics, Cosimo, Inc., Sound Room Publishers, Incorporated, IndyPublish",9798709345577,495,https://openlibrary.org/works/OL468362W,https://covers.openlibrary.org/b/id/7152019-M.jpg,Open Library API
1920,,,The Age of Innocence,Edith Wharton,3.5416667,48.0,,,"Fiction, Triangles (Interpersonal relations), Upper class, Married people, Separated people, Social life and customs, Marriage, Separated women, Upper classes, Social norms",,1920,"fre, chi, eng, spa, rus, ita","Grosset and Dunlap, Everyman's Library/A.A. Knopf, Race Point Publishing, Blackstone Pub, Houghton Mifflin",9798896130116,301,https://openlibrary.org/works/OL98491W,https://covers.openlibrary.org/b/id/11196262-M.jpg,Open Library API
1920,,,This Side of Paradise,F. Scott Fitzgerald,3.9411764,17.0,,,"Fiction, Romance, Historical"", Young men, fiction, World War, 1914-1918, Advertising, Veterans, College students, Children of the rich, Facsimiles",,1920,"por, spa, eng","Digireads, Brand: Bantam Classics, Penguin in association with Bodley Head, ICON Reference, Legend Press",1718130120,495,https://openlibrary.org/works/OL468488W,https://covers.openlibrary.org/b/id/8243609-M.jpg,Open Library API
1920,,,Rilla of Ingleside,Lucy Maud Montgomery,4.75,8.0,,,"Children and war, Juvenile fiction, Family life, World War, 1914-1918, Orphans, Fiction, historical, Fiction, historical, general, Chang pian xiao shuo, Children's fiction, Women, fiction",,1920,"eng, fre, pol, spa, chi","The Perfect Library, Book Jungle, Blurb, Incorporated, Rock's Mills Press, Project Gutenberg",9781505363623,637,https://openlibrary.org/works/OL77757W,https://covers.openlibrary.org/b/id/14638068-M.jpg,Open Library API
1920,,,Emily climbs,Lucy Maud Montgomery,3.0,4.0,,,"Juvenile fiction, Fiction in English, Family, Authorship, Orphans, Fiction, Aunts, Emily Byrd Starr (Fictitious character), Children's fiction, Friendship, fiction",,1920,"chi, spa, fre, eng","Bantam Books, Start Publishing LLC, Frederick A. Stokes Company, Tandem Library, Angus & Robertson",9798471913035,316,https://openlibrary.org/works/OL77777W,https://covers.openlibrary.org/b/id/14638110-M.jpg,Open Library API
1920,,,The Story of Doctor Dolittle,Hugh Lofting,3.4285715,7.0,,,"Animals, Classic Literature, Children's stories, Fiction, Juvenile fiction, Fantasy, Fantasy fiction, Juvenile works, Children's fiction, Animals, fiction",,1920,"pol, chi, eng, jpn, ger, spa","Neeland Media LLC, The Gunston Trust, West Margin Press, McClelland and Stewart, Independently Published",1707790361,224,https://openlibrary.org/works/OL1449046W,https://covers.openlibrary.org/b/id/5262289-M.jpg,Open Library API
1920,,,Madeleine,Ludwig Bemelmans,4.2765956,47.0,,,"Juvenile fiction, Sick, appendicitis, boarding schools, hospitals, surgery, Children's stories, Toy and movable books, Fiction, Stories in rhyme",,1920,"heb, jpn, spa, kor, ger, eng, fre, chi","Fukuinkan Shoten, Live Oak Media, Yuan liu chu ban gong si, L'école des loisirs, Scholastic",1561558028,74,https://openlibrary.org/works/OL1980945W,https://covers.openlibrary.org/b/id/973928-M.jpg,Open Library API
1921,,,Crome yellow,Aldous Huxley,3.6666667,6.0,,,"Fiction, Intellectuals, Country homes, British and irish fiction (fictional works by one author), England, fiction, Fiction, humorous, general, Literature, English Poets, Fiction, classics, Fiction, satire",,1921,"eng, spa, fre, rus","Penguin books in association with Chatto and Windus, Barnes & Noble Books, Cosimo, Inc., Chatto and Windus, West Margin Press",0882336614,299,https://openlibrary.org/works/OL64369W,https://covers.openlibrary.org/b/id/5920672-M.jpg,Open Library API
1921,,,Barbie Horse Trouble Barbie Look Look,Golden Books,3.5333333,15.0,,,"Horses, Juvenile fiction, Children: Kindergarten, Children: Grades 1-2, Animals, English poetry, Juvenile poetry, Nonsense verses, Children's poetry, English, Poetry",,1921,eng,"Golden books, Golden Books, Golden Books Publishing Company, Random House Books for Young Readers, Tandem Library",0307287009,48,https://openlibrary.org/works/OL8043761W,https://covers.openlibrary.org/b/id/2359079-M.jpg,Open Library API
1921,,,The Black Moth,Georgette Heyer,3.7142856,7.0,,,"1920s, Fiction, Romance, Historical, Regency, Aristocracy (Social class), fiction, History, Man-woman relationships, fiction, Nobility, fiction, Social life and customs, Large type books, Literature and fiction, romance, English literature",,1921,"rus, eng, ger","Bantam Books, Start Publishing LLC, HQN Books, Lits, Liese. Outside The Box, Andreas",1511451726,90,https://openlibrary.org/works/OL4092663W,https://covers.openlibrary.org/b/id/6888895-M.jpg,Open Library API
1921,,,The daffodil murder,Edgar Wallace,3.1,10.0,,,"Fiction, Mystery, Fiction, mystery & detective, general, England, fiction, Young women, fiction",,1921,"fre, eng, ger","Independently Published, Pinnacle Press, BiblioBazaar, NéO, Ward Lock",9798414818410,137,https://openlibrary.org/works/OL1517945W,https://covers.openlibrary.org/b/id/2895230-M.jpg,Open Library API
1921,,,The Diary of a Nobody,"George Grossmith, Weedon Grossmith",5.0,2.0,,,"England, fiction, Fiction, humorous, Fiction, general, Suburban life, Fiction, History, Fiction, humorous, general, English literature",,1921,eng,"HardPress, BBC Worldwide, Independently Published, Chivers Audio Books, Little, Brown Book Group Limited",1973762889,151,https://openlibrary.org/works/OL20259087W,https://covers.openlibrary.org/b/id/8915986-M.jpg,Open Library API
1921,,,Tarzan the Terrible (#8),Edgar Rice Burroughs,3.6666667,3.0,,,"Tarzan (Fictitious character), Fiction, Classic Literature, Fiction, action & adventure, Fiction, thrillers, general, Large type books, Africa, fiction, Tarzan (fictitious character), fiction, Tarzan (Fictitious character) -- Fiction, Fantasy fiction",,1921,eng,"Cosimo, Inc., Standard Publications, Inc., Grosset & Dunlap, Echo Library, IndyPublish",1704643252,158,https://openlibrary.org/works/OL1418108W,https://covers.openlibrary.org/b/id/875818-M.jpg,Open Library API
1921,,,Vera,Elizabeth von Arnim,3.8,5.0,,,"General, Fiction, general, Grief, Fiction, Marital violence, Fiction, psychological",,1921,"ger, fre, eng","Hesperus Press, VIRAGO PRESS LTD, Penguin Random House, Insel Verlag, Doubleday, Page",9780671883911,55,https://openlibrary.org/works/OL7972468W,https://covers.openlibrary.org/b/id/3203838-M.jpg,Open Library API
1921,,,Alice Adams,Booth Tarkington,,,,,"Fiction, Middle class families, Social classes, Young women, Classic Literature, Pulitzer Prize Winner, award:pulitzer_prize=1922, award:pulitzer_prize=fiction, Large type books, Indiana, fiction",,1921,eng,"Amereon Ltd, Publishers of the Valley, Aegypan, Published by Doubleday, Page for P. F. Collier, Independently Published",9798421334392,174,https://openlibrary.org/works/OL54898W,https://covers.openlibrary.org/b/id/148969-M.jpg,Open Library API
1921,,,The Royal Book of Oz,Ruth Plumly Thompson,,,,,"Fantasy, Fiction, Scarecrows, Children's fiction, Oz (imaginary place), fiction, Fantasy fiction, Adventure and adventurers, fiction, Fiction, fantasy, general, Oz (Imaginary place), Juvenile fiction",,1921,"eng, fre","Clover Press, The Reilly & Lee co., Start Publishing LLC, Del Rey, Books of Wonder",9798741883235,270,https://openlibrary.org/works/OL1156218W,https://covers.openlibrary.org/b/id/709865-M.jpg,Open Library API
1921,,,The Mysterious Rider,Zane Grey,4.0,1.0,,,"Large type books, Ranchers, Fiction, Gunfights, Orphans, Frontier and pioneer life, Social life and customs, Manners and customs, Fiction, westerns, Westerns",,1921,eng,"The Musson Book Company, Ltd., Dover Publications, Incorporated, Pocket, The Perfect Library, Cloud Cover Classics",9781539455462,415,https://openlibrary.org/works/OL485697W,https://covers.openlibrary.org/b/id/2011171-M.jpg,Open Library API
1922,,,The Secret Adversary,Agatha Christie,3.7878788,33.0,,,"Classic Literature, English language, Fiction, Married people, Murder, Mystery, Private investigators, Problems, exercises, Report writing, Rhetoric",,1922,"ger, eng, pol, spa, und, ita, por, dut, chi, fre","Edito-Service, Barnes & Noble Press, Dover Publications, Incorporated, Espasa, A. Mondadori",2702400728,800,https://openlibrary.org/works/OL471789W,https://covers.openlibrary.org/b/id/14590159-M.jpg,Open Library API
1922,,,Siddhartha,Hermann Hesse,4.114754,61.0,,,"Alegorías, Buddha (The concept), Buddha and Buddhism, Buddhism, Buddhist Philosophy, Budismo, Chrestomathies and readers, Classic Literature, Enlightenment (Buddhism), Ficción",,1922,"fre, eng, chi, spa, vie, ger, rus, guj, san, ita","Owen Limited, Peter, Blackstone Pub, Sounds True, Arcturus, Lightyear Press",9781613820834,206,https://openlibrary.org/works/OL872932W,https://covers.openlibrary.org/b/id/6562535-M.jpg,Open Library API
1922,,,Novels (Adventures of Huckleberry Finn / Adventures of Tom Sawyer),Mark Twain,4.4814816,54.0,,,"Juvenile works, juvenile audience, literature, child witnesses, young men, Male friendship, Runaway children, voyages and travels, juvenile literature, rafting",,1922,"chi, rus, eng, ger, lit","J. M. Dent & Sons, New American Library, Signet Classics, Signet, Reader's Digest Ass'n.",9780679405849,68,https://openlibrary.org/works/OL16025215W,https://covers.openlibrary.org/b/id/12374727-M.jpg,Open Library API
1922,,,Just So Stories,Rudyard Kipling,3.5714285,7.0,,,"Animals, Children's stories, English, Short stories, Fiction, Fiction in English, British and irish fiction (fictional works by one author), Fiction, short stories (single author), Children's fiction, Animals, fiction, Juvenile fiction",,1922,"eng, spa","MiraVista Press, Start Publishing LLC, Digireads.com Publishing, Karbon Kitaplar, HarperChildrensAudio",9798754719408,245,https://openlibrary.org/works/OL19899W,https://covers.openlibrary.org/b/id/36215-M.jpg,Open Library API
1922,,,The Red House Mystery,A. A. Milne,4.4666667,15.0,,,"Mystery and detective stories, Fiction, Detective and mystery stories, England, fiction, Fiction, mystery & detective, general, Large type books, Parodies, imitations, Mansions, Murder, Investigation",,1922,"rus, hun, spa, eng","Hard Press, Siruela, Methuen, E.P. Dutton & co., inc., Astrelʹ",9780753184301,71,https://openlibrary.org/works/OL476846W,https://covers.openlibrary.org/b/id/6299936-M.jpg,Open Library API
1922,,,Jacob's Room,Virginia Woolf,4.1666665,6.0,,,"Fiction, Young men, World War, 1914-1918, Classic Literature, World War (1914-1918) fast (OCoLC)fst01180746, English fiction, British and irish fiction (fictional works by one author), England, fiction, Fiction, psychological, World war, 1914-1918, fiction",,1922,"ger, eng, spa, und, swe, ita, por, dut, fre","Bantam Classics, Ediciones G. P., IndyPublish, Harcourt, Brace, Wildside Press, LLC",9798745653032,309,https://openlibrary.org/works/OL39329W,https://covers.openlibrary.org/b/id/2894970-M.jpg,Open Library API
1922,,,The Enchanted April,Elizabeth von Arnim,3.625,8.0,,,"British in fiction, Open Library Staff Picks, Female friendship, British, Fiction, Italy in fiction, Female friendship in fiction, Fiction, general, Italy, fiction, Man-woman relationships, fiction",,1922,"fre, eng, ger, ita","Alfaguara, ReadaClassic.com, Penguin Books, Limited, Audio Book Contractors, LLC, Readhowyouwant",9798647730916,209,https://openlibrary.org/works/OL8202750W,https://covers.openlibrary.org/b/id/872835-M.jpg,Open Library API
1922,,,The Man Who Knew Too Much,Gilbert Keith Chesterton,3.9411764,17.0,,,"Fiction, English Detective and mystery stories, Aristocracy (Social class), Fiction, mystery & detective, general, Large type books, LITERARY CRITICISM / European / English, Irish, Scottish, Welsh, Great britain, fiction, Fiction, mystery & detective, collections & anthologies, Religion, Fiction, general",,1922,"eng, spa, chi, fre","Independently published, Lulu.com, Darwen Finlayson, General Books LLC, House of Stratus",9781679521836,644,https://openlibrary.org/works/OL76468W,https://covers.openlibrary.org/b/id/12897858-M.jpg,Open Library API
1922,,,The Masque of the Red Death,Edgar Allan Poe,4.105263,19.0,,,"gothic fiction, horror, short story, plagues, abbeys, nobility, Hematidrosis, masquerade balls, shrouds, daggers",,1922,"eng, fre, spa, ukr","NetLibrary, Lulu.com, Perfection Learning, ""Dobra kkniz͡hka"", Independently Published",9780241573754,85,https://openlibrary.org/works/OL41050W,https://covers.openlibrary.org/b/id/11860130-M.jpg,Open Library API
1922,,,The Chessmen of Mars,Edgar Rice Burroughs,4.285714,7.0,,,"Classic Literature, Fiction, Historical Fiction, Science fiction, Barsoom, Fiction, science fiction, action & adventure, Barsoom (imaginary place), fiction, Carter, john (fictitious character), fiction, American Science fiction, Extraterrestrial beings",,1922,"und, eng","A.C. McClurg & Co., Creative Media Partners, LLC, Methuen, Open Road Integrated Media, Inc., Independently Published",9798429816852,313,https://openlibrary.org/works/OL1418244W,https://covers.openlibrary.org/b/id/1930755-M.jpg,Open Library API
1923,,,Murder on the Links,Agatha Christie,3.5,22.0,,,"Fiction, Hercule Poirot (Fictitious character), Private investigators, Murder, Investigation, English Detective and mystery stories, Mystery, Golf courses, English literature, Identity",,1923,"ger, eng, pol, spa, ita, por, chi, fre","Cosimo, Inc., Blurb, Goldmann Verlag, Dover Publications, Incorporated, Hodder and Stoughton",9781774760994,272,https://openlibrary.org/works/OL472073W,https://covers.openlibrary.org/b/id/14582832-M.jpg,Open Library API
1923,,,Whose Body?,Dorothy L. Sayers,4.25,28.0,,,"Mystery, Detectives, Lord Wimsey, Peter (Fictitious character), Translations into Russian, English Detective and mystery stories, Private investigators, Fiction, Police, Classic Literature, Private investigators, fiction",,1923,"eng, rus, ger, fre","Rowohlt TB-V. Rnb., AudioGO, The Audio Partners, West Margin Press, Amfora",9780816167227,319,https://openlibrary.org/works/OL2234917W,https://covers.openlibrary.org/b/id/8311819-M.jpg,Open Library API
1923,,,Emily of New Moon,Lucy Maud Montgomery,3.6666667,9.0,,,"Juvenile fiction, Child authors, Orphans, Fiction, Children's fiction, Starr, emily byrd (fictitious character), fiction, Canada, fiction, Orphans, fiction",,1923,"ger, eng, nor, spa, chi, dan, fre","Little, Brown Book Group Limited, Ke zhu shu fang, West Margin Press, Seal Books, Blurb",6257310504,445,https://openlibrary.org/works/OL77781W,https://covers.openlibrary.org/b/id/14638065-M.jpg,Open Library API
1923,,,Midwinter,John Buchan,3.3333333,27.0,,,"Fiction, historical, general, England, fiction, Jacobite rebellion, 1745-1746, fiction, Fiction, action & adventure, Historical fiction, Jacobite Rebellion, 1745-1746, Fiction, Fiction, classics, Fiction, thrillers, historical",,1923,"gle, eng","hodder and stoughton, Houghton Mifflin Co., T. Nelson, Oifigh Díolta Foillseacháin Rialtais, Reprint Services Corp.",1679063251,184,https://openlibrary.org/works/OL76588W,https://covers.openlibrary.org/b/id/880230-M.jpg,Open Library API
1923,,,Powder and Patch,Georgette Heyer,3.8333333,6.0,,,"Fiction, Romance, Historical, Regency, Mate selection, fiction, Great Britain, England, Literature, Women authors, Fiction, general, Fiction, romance, action & adventure, Fiction, romance, historical, general, First loves -- Fiction",,1923,eng,"Independently published, Mandarin, e.p. dutton & co., inc., Bantam, Goffin Media",9781402228087,58,https://openlibrary.org/works/OL4092668W,https://covers.openlibrary.org/b/id/8263370-M.jpg,Open Library API
1923,,,The Angel of Terror,Edgar Wallace,3.1,10.0,,,"Fiction, Mystery, Suspense, Fiction, mystery & detective, general, Crime, fiction",,1923,"eng, ger","Independently Published, Createspace Independent Publishing Platform, Aberdeen Press, IndyPublish, Lythway Press",1540895602,254,https://openlibrary.org/works/OL1518053W,https://covers.openlibrary.org/b/id/1814681-M.jpg,Open Library API
1923,,,Henry and Ribsy,Beverly Cleary,3.7,10.0,,,"Parents, Pets, Dogs, Chinook salmon, Fiction, Juvenile audience, boys, juvenile fiction, animals, humorous stories",,1923,"eng, swe, dut","Recrorded Books LLC, Demco Media, Penguin Books, Limited, William Morrow and Company, Inc., Fontana",9780062652379,45,https://openlibrary.org/works/OL151966W,https://covers.openlibrary.org/b/id/9400466-M.jpg,Open Library API
1923,,,Henry and Beezus,Beverly Cleary,4.0,3.0,,,"juvenile audience, dogs, cycling, Money-making projects for children, friendship, Accelerated readers, Humorous stories, Juvenile Fiction, Juvenile works, Bicycles and bicycling",,1923,"dan, eng, fin, swe","Avon Books, Tandem Library, Hamish Hamilton Childrens Books, William Morrow & Company, Perfection Learning Prebound",0061685011,49,https://openlibrary.org/works/OL151922W,https://covers.openlibrary.org/b/id/15088092-M.jpg,Open Library API
1923,,,A Lost Lady,Willa Cather,4.6666665,3.0,,,"Fiction, Frontier and pioneer life, Married women, Fiction in English, American fiction (fictional works by one author), Nebraska, fiction, Large type books, Railroad stories, Railroads, Employees",,1923,"spa, eng","Grosset & Dunlap, A.A. Knopf, Virago Press, Limited, Dover Publications, Incorporated, Knopf",1077464460,356,https://openlibrary.org/works/OL12789W,https://covers.openlibrary.org/b/id/1513199-M.jpg,Open Library API
1923,,,Cane,Jean Toomer,3.0,2.0,,,"African Americans, African Americans in literature, American fiction, Fiction, Literary collections, Fiction, short stories (single author), African americans, fiction, Southern states, fiction, Criticism and interpretation, Social life and customs",,1923,"eng, und, fre","Penguin Classics, Nouveaux Horizons, Start Publishing LLC, W.W. Norton & Co., Norton",9781952438516,61,https://openlibrary.org/works/OL49843W,https://covers.openlibrary.org/b/id/252278-M.jpg,Open Library API
1924,,,The Man in the Brown Suit,Agatha Christie,4.1578946,19.0,,,"Fiction, Mystery, English literature, Fiction, mystery & detective, general, French fiction, English Detective and mystery stories, London (england), fiction, Fiction, mystery & detective, traditional, Fiction, mystery & detective, international crime & mystery, Fiction, mystery & detective, amateur sleuth",,1924,"gre, ger, heb, eng, pol, spa, ita, por, dut, chi, fre","Cosimo, Inc., Sound Room Publishers, Incorporated, Dover Publications, Incorporated, HarperCollins Publishers, HarperCollins UK",9781684224487,201,https://openlibrary.org/works/OL472549W,https://covers.openlibrary.org/b/id/11153508-M.jpg,Open Library API
1924,,,Poirot investigates,Agatha Christie,4.3333335,18.0,,,"Hercule Poirot (Fictitious character), Private investigators, Chief Inspector Japp (Fictitious character), Belgians, English Detective and mystery stories, Detective and mystery stories, Fiction, Captain Hastings (Fictitious character), English Short stories, Historical Fiction",,1924,"ger, eng, spa, ita, dut, chi, fre","Blurb, Dodd, and Mead and company, Dover Publications, Incorporated, Warbler Classics, HarperCollins Publishers",1774378612,216,https://openlibrary.org/works/OL471940W,https://covers.openlibrary.org/b/id/13670505-M.jpg,Open Library API
1924,,,Мы,Евгений Иванович Замятин,3.9787233,47.0,,,"Literature: Texts, Untranslated Fiction - General, Literature - Classics / Criticism, Literary Criticism, Russian & Former Soviet Union, Fiction, science fiction, general, Fiction, dystopian, Classic Literature, Fiction, Science Fiction",,1924,"eng, pol, spa, est, chi, rus, fre, srp","Ediciones Lea, Viking Press, Akal, Facsimile Publisher, Bristol Classical Press",9780143136293,210,https://openlibrary.org/works/OL10215W,https://covers.openlibrary.org/b/id/5484189-M.jpg,Open Library API
1924,,,Der Zauberberg,Thomas Mann,4.230769,13.0,,,"Fiction, Sanatoriums, German fiction, Translations into English, Philosophy, Civilization, Special Hospitals, Fictional Works, Tuberculosis, Continental european fiction (fictional works by one author)",,1924,"yid, fre, eng, spa, ger, rus","Vintage, n/a, Fischer Verlag, Kessinger Publishing, Plaza & Janes",2213016119,188,https://openlibrary.org/works/OL14866824W,https://covers.openlibrary.org/b/id/2056242-M.jpg,Open Library API
1924,,,The Boxcar Children,Gertrude Chandler Warner,4.205128,39.0,,,"Orphans, juvenile fiction, brothers and sisters, railroad cars, detective and mystery stories, mystery and detective stories, Detective and mystery fiction, fiction, juvenile works, juvenile audience",,1924,"spa, eng","Listening Library (Audio), Amereon Ltd, Albert Whitman, Otbebookpublishing, E-Kitap Projesi & Cheapest Books",0833529382,87,https://openlibrary.org/works/OL24656586W,https://covers.openlibrary.org/b/id/11349395-M.jpg,Open Library API
1924,,,A Passage to India,E. M. Forster,3.5,16.0,,,"Fiction, Race relations, British, Social conditions, Culture conflict, Novela, Británicos, Relaciones raciales, open_syllabus_project, Briten",,1924,"kan, tur, per, fre, heb, eng, spa, ger, dan, jpn, ita","Gyldendal, Marshall Cavendish, Harourt Brace & Comany, Penguin Books, Limited, Cliff's notes",9781444728811,220,https://openlibrary.org/works/OL88809W,https://covers.openlibrary.org/b/id/1921995-M.jpg,Open Library API
1924,,,Brood of the Witch-Queen,Sax Rohmer,4.6,5.0,,,"Fantasy, Fiction, Horror, Witches, Magic, Ancient Egypt, Fiction, horror, Fiction, thrillers, suspense, Fiction, fantasy, general, Fiction, occult & supernatural",,1924,eng,"Kessinger Publishing, House of Stratus Ltd, Wildside Press, Lulu Press, Inc., Doubleday, Page",1985805111,194,https://openlibrary.org/works/OL2288676W,https://covers.openlibrary.org/b/id/2011286-M.jpg,Open Library API
1924,,,By the Shores of Silver Lake,Laura Ingalls Wilder,4.0,24.0,,,"Juvenile fiction, Frontier and pioneer life, Family life, Fiction, Newbery Honor, Families, Family, Children's fiction, Frontier and pioneer life, fiction, Family life, fiction",,1924,"spa, eng, pol, chi, heb, fre, ger","Harper & Row, Ueberreuter, Library Reproduction Services, Independently Published, Turtleback",9783764150938,62,https://openlibrary.org/works/OL1719790W,https://covers.openlibrary.org/b/id/30789-M.jpg,Open Library API
1924,,,The king of Elfland's daughter,Lord Dunsany,3.75,4.0,,,"Fiction, general, Fantasy fiction, Fiction, fantasy, general, English Fantasy fiction, Children's stories, English",,1924,"heb, eng, por, und","MILLENIUM, Dover Publications, Incorporated, Warbler Press, Del Rey, Dover Publications",9798572205367,84,https://openlibrary.org/works/OL83871W,https://covers.openlibrary.org/b/id/6699209-M.jpg,Open Library API
1924,,,The Hero and the Crown,Robin McKinley,4.1,10.0,,,"Fantasy, Fiction, Newbery Medal, Family, Action & Adventure, Newbery Medal Book, JUVENILE FICTION, Fantasy & Magic, Women heroes, Tomboys",,1924,eng,"HarperCollins Publishers, Paw Prints 2008-08-11, Bound to Stay Bound Books, Open Road Integrated Media, Inc., WILLIAM MORROW",0441013058,36,https://openlibrary.org/works/OL109414W,https://covers.openlibrary.org/b/id/6987328-M.jpg,Open Library API
1925,,,Mrs. Dalloway,Virginia Woolf,3.64,50.0,,,"Fiction, Married women, Married women in fiction, Regret, Suicide victims in fiction, Middle-aged women, First loves, Parties in fiction, Suicide victims, First loves in fiction",,1925,"ger, heb, spa, cat, hun, slv, dut, srp, eng, swe, por, chi, dan, hrv, nor, cze, ita, fin, fre","Alianza Editorial Sa, Cosimo, Inc., Chatto and Windus, Chivers North America, RBA.",1954525001,476,https://openlibrary.org/works/OL39349W,https://covers.openlibrary.org/b/id/6397580-M.jpg,Open Library API
1925,,,The Secret of Chimneys,Agatha Christie,4.368421,19.0,,,"Fiction, Mystery, Superintendent Battle (Fictitious character), English Detective and mystery stories, Murder, Investigation, Conspiracies, Manors, Detective and mystery stories, Fiction, mystery & detective, traditional",,1925,"ger, eng, spa, ita, fre","Warbler Classics, A. Mondadori, HarperCollins Publishers, Harper Collins UK, Digireads.com Publishing",1515447324,121,https://openlibrary.org/works/OL472542W,https://covers.openlibrary.org/b/id/12996574-M.jpg,Open Library API
1925,,,Lady Susan,Jane Austen,3.1818182,11.0,,,"Fiction, Facsimiles, Mate selection, English Manuscripts, Mothers and daughters, Widows, Manuscripts, Great britain, fiction, Fiction, general, Fiction, romance, general",,1925,"fre, pol, ger, spa, por, eng","tredition Verlag, Quiet Vision Pub, Nrdica Libros, Nórdica Libros, Createspace Independent Publishing Platform",109550830X,600,https://openlibrary.org/works/OL66614W,https://covers.openlibrary.org/b/id/12641526-M.jpg,Open Library API
1925,,,The talisman,"Stephen King, Peter Straub",4.0833335,12.0,,,"Fantastique, Romans, Talismans, Mothers and sons, Fiction, Quests (Expeditions), Boys, Fantasy, Horror, Fantasy fiction",,1925,"tur, heb, spa, fre, ger, eng, rus, por, chi","Bt Bound, Scribner, Plaza & Janes Editories, S.A., Laffont, R. Laffont",9789877256307,65,https://openlibrary.org/works/OL81599W,https://covers.openlibrary.org/b/id/14651566-M.jpg,Open Library API
1925,,,The House at Pooh Corner,A. A. Milne,4.3809524,21.0,,,"fiction, children's stories, toys, stuffed animals, teddy bears, bears, mules, donkeys, friendship, Juguetes",,1925,"eng, jpn, und, spa, pol, ger, lat","Methuen Children's Books, Listening Library, BBC Books, Caedmon, Listen for Pleasure",3791535064,87,https://openlibrary.org/works/OL476471W,https://covers.openlibrary.org/b/id/8743133-M.jpg,Open Library API
1925,,,The house without a key,Earl Derr Biggers,3.625,16.0,,,"Fiction, Charlie Chan (Fictitious character), Police, Fiction, mystery & detective, general, Hawaii, fiction, Chan, charlie (fictitious character), fiction, Fiction, mystery & detective, traditional, Fiction, mystery & detective, international crime & mystery, Fiction, mystery & detective, hard-boiled, Fiction, mystery & detective, police procedural",,1925,"eng, fre","Bibliotech Press, Echo Library, Standard Ebooks, Amereon Limited, Buccaneer Books Inc",9798480333398,181,https://openlibrary.org/works/OL6438827W,https://covers.openlibrary.org/b/id/1759662-M.jpg,Open Library API
1925,,,11/22/63,Stephen King,4.115044,113.0,,,"Assassination, Time travel, Fiction, Reading Level-Grade 7, Reading Level-Grade 9, Reading Level-Grade 8, Reading Level-Grade 11, Reading Level-Grade 10, Reading Level-Grade 12, Fiction, alternative history",,1925,"dut, heb, ita, spa, por, eng, rus, fre, chi","Simon Schuster, Scribner, Astrel', M, Large Print Press, Thorndike Press",030795143X,49,https://openlibrary.org/works/OL16002468W,https://covers.openlibrary.org/b/id/10713447-M.jpg,Open Library API
1925,,,The Mist,Stephen King,4.5555553,9.0,,,"Horror novel, thunderstorms, mist, supermarkets, suicide, baggers, tentacles, pharmacies, prophecies, end times",,1925,"spa, eng","Simon & Schuster Audio, Hodder Education Group, Grijalbo, Orbi Fabbri, Scribner",9788447333165,20,https://openlibrary.org/works/OL149144W,https://covers.openlibrary.org/b/id/9330636-M.jpg,Open Library API
1925,,,The Wind Through the Keyhole,Stephen King,4.25,8.0,,,"Roland (Fictitious character : King), Fiction, Shapeshifting, Roland (fictitious character : king), fiction, Fiction, fantasy, general, Witnesses, Quests (Expeditions), Gunfights, Demoniac possession, Cowboys",,1925,"por, chi, eng, dut","Pocket Books, Albatros, Altin Kitaplar, PLAZA & JANES, Simon & Schuster Audio",9789573331131,29,https://openlibrary.org/works/OL16451416W,https://covers.openlibrary.org/b/id/14653576-M.jpg,Open Library API
1925,,,Tod in Venedig,Thomas Mann,3.4666667,15.0,,,"Fiction, Middle age, Homosexuality, Translations into English, Criticism and interpretation, Tod in Venedig (Mann, Thomas), Gustav von Aschenbach (Fictitious character), Middle-aged men, Male homosexuality, Continental european fiction (fictional works by one author)",,1925,eng,"Vintage, Tandem Library, Buccaneer Books, A. A. Knopf, Vintage Books",0060763388,38,https://openlibrary.org/works/OL16246083W,https://covers.openlibrary.org/b/id/1167883-M.jpg,Open Library API
1926,,,The Sun Also Rises,"Ernest Hemingway, Kirby Heyborne, Colm Tóibín",3.7941177,34.0,,,"Fiction, Historical, Expatriation, fiction, Americans, History, Brett Ashley (Fictitious character), Fiction, Ashley, Brett (Fictitious character), Spain, fiction, American fiction (fictional works by one author), Ashley, brett (fictitious character), fiction",,1926,"ger, eng, tur, pol, spa, bul, chi, ita, por, rus, fre",", Dover Publications, Incorporated, Charnwood, Penguin Random House, Digireads.com Publishing",0486850617,215,https://openlibrary.org/works/OL62979W,https://covers.openlibrary.org/b/id/78741-M.jpg,Open Library API
1926,,,The blue castle,Lucy Maud Montgomery,3.7619047,21.0,,,"Juvenile fiction, Friendship, Self-actualization (Psychology), Choice, History, Single women, Fiction, Romance fiction, Fiction, historical, general, Fiction, general",,1926,"eng, chi, fre","Ke zhu shu fang, Little, Brown Book Group Limited, Angus & Robertson, Blurb, McClelland & Stewart Limited",9781711755717,294,https://openlibrary.org/works/OL77775W,https://covers.openlibrary.org/b/id/14640067-M.jpg,Open Library API
1926,,,The Murder of Roger Ackroyd,Agatha Christie,4.233766,77.0,,,"detective fiction, mystery, murder, investigation, victim, Private investigators, Detective and mystery stories, Fiction, Mystery & Detective fiction, historical fiction",,1926,"ara, spa, eng, ita, dut, por, hrv, rus, pol, chi, epo, jpn, fre, ger","Yuan liu chu ban shi ye gu fen you xian gong si, Independently Published, Altin Kitaplar, Planeta, HarperCollins Publishers Limited",9789953300191,220,https://openlibrary.org/works/OL471932W,https://covers.openlibrary.org/b/id/13151356-M.jpg,Open Library API
1926,,,Das Schloß,Franz Kafka,4.5,24.0,,,"Fiction, Bureaucracy, Castles, Criticism and interpretation, Classic Literature, German literature, Classics, Classic, Continental european fiction (fictional works by one author), New York Times reviewed",,1926,"dut, jpn, spa, gre, ger, eng, rus, fre, cze, chi","Bilgi Yayinevi, Zeplin Kitap, Losada, Penguin Books in association with Secker & Warburg, Lectorum Pubns Inc (J)",2253150169,166,https://openlibrary.org/works/OL498434W,https://covers.openlibrary.org/b/id/12605605-M.jpg,Open Library API
1926,,,These Old Shades,Georgette Heyer,3.6190476,21.0,,,"Fiction, Romance, Historical, Georgian, Open Library Staff Picks, Social life and customs, Fiction, short stories (single author), Aristocracy (Social class) fiction, History, Literature and fiction (general), Aristocracy (Social class)",,1926,"eng, rus, ger, und","Dtv, Fawcett, Arrow, Unabridged Books, Sourcebooks Casablanca",0373773404,61,https://openlibrary.org/works/OL4092686W,https://covers.openlibrary.org/b/id/6920381-M.jpg,Open Library API
1926,,,Clouds of Witness,Dorothy L. Sayers,3.909091,11.0,,,"Private investigators, Lord Wimsey, Peter (Fictitious character), English Detective and mystery stories, Fiction, Open Library Staff Picks, English fiction, Large type books, Fiction, mystery & detective, general, Wimsey, peter, lord (fictitious character), fiction, Fiction, mystery & detective, traditional",,1926,"eng, rus, ger, swe","Harcourt, Brace and company, The Audio Partners, Harcourt, Brace and Company, Amfora, Brand: G K Hall n Co",9100464864,80,https://openlibrary.org/works/OL2234815W,https://covers.openlibrary.org/b/id/6978771-M.jpg,Open Library API
1926,,,Lud-in-the-mist,Hope Mirrlees,4.0,6.0,,,"Fiction, fantasy, general, Fairies, Fiction, Fiction, general, Fantasy fiction",,1926,"eng, spa","White Ivy Press, CALLIDOR, Cold Spring Press, Ballantine, Dover Publications, Incorporated",1434487520,32,https://openlibrary.org/works/OL6945563W,https://covers.openlibrary.org/b/id/911085-M.jpg,Open Library API
1926,,,"Uno, nessuno e centomila",Luigi Pirandello,4.714286,7.0,,,"Italian fiction, Translations into English, Identity (Psychology), Fiction, Perception, Will, Liberty, Fiction, general",,1926,"ita, eng","Marsilio Publishers, Eridanos Pr, Marsilio, Mockingbird Press, Garzanti",0941419746,19,https://openlibrary.org/works/OL100433W,https://covers.openlibrary.org/b/id/5430366-M.jpg,Open Library API
1926,,,The light princess,George MacDonald,4.0,4.0,,,"Children's fiction, Princesses, fiction, Fairy tales, Children's stories, Fables, Fantasy fiction, Juvenile fiction, Princesses, Ouvrages pour la jeunesse, Contes",,1926,"ger, eng, fre","West Margin Press, Xist Publishing, Brilliance Audio, Farrar, Straus and Giroux, Tandem Library",1072758725,176,https://openlibrary.org/works/OL15428W,https://covers.openlibrary.org/b/id/14364631-M.jpg,Open Library API
1926,,,Lolly Willowes,Sylvia Townsend Warner,3.75,8.0,,,"Fiction, general, Fiction, Single women, Supernatural, Witches, Social conditions, English literature, Fantasy fiction",,1926,eng,"Kessinger Publishing, Charles River Books, Academy Chicago, Viking Adult, Grosset & Dunlap",0486848485,40,https://openlibrary.org/works/OL112769W,https://covers.openlibrary.org/b/id/705788-M.jpg,Open Library API
1927,,,Der Steppenwolf,Hermann Hesse,4.0,58.0,,,"Fiction, Life, Western Civilization, Psychological fiction, Continental european fiction (fictional works by one author), German fiction, Western civilization in fiction, Translations into Russian, Life in fiction, Ficción",,1927,"dut, heb, ita, spa, pol, kor, por, fin, ger, eng, rus, fre, chi","Amereon House, Orbita, Holt & Company, Henry, Tandem Library, Alianza",287809056X,239,https://openlibrary.org/works/OL872773W,https://covers.openlibrary.org/b/id/3221083-M.jpg,Open Library API
1927,,,To the Lighthouse,Virginia Woolf,3.7586207,29.0,,,"Fiction, Married people, Death, Mothers, Summer resorts, Loss (Psychology), English, Lighthouses, Widowers, Marriage",,1927,"gre, ger, heb, eng, tur, nor, spa, und, cze, swe, ita, por, dut, dan, fre","Pomona Press, Flamingo, Alianza Editorial, Warbler Classics, Penguin Books in association with the Hogarth Press",9798756830668,521,https://openlibrary.org/works/OL39396W,https://covers.openlibrary.org/b/id/8231846-M.jpg,Open Library API
1927,,,The Case-Book of Sherlock Holmes,Arthur Conan Doyle,4.548387,31.0,,,"Fiction, English Detective and mystery stories, Private investigators, Children's stories, English, Mystery and detective stories, English Short stories, Watson, john h. (fictitious character), fiction, British and irish fiction (fictional works by one author), Fiction, mystery & detective, short stories, Fiction, mystery & detective, traditional",,1927,"ger, eng, spa, rus, chi, por, jpn, tgk, fre, srp","Claridad, MAXTOR, Alianza Editorial, Dover Publications, Incorporated, Cambridge Scholars Publisher",1798628015,286,https://openlibrary.org/works/OL262426W,https://covers.openlibrary.org/b/id/8350410-M.jpg,Open Library API
1927,,,The Big Four,Agatha Christie,4.181818,22.0,,,"Fiction, Mystery, Private investigators, Large type books, Hercule Poirot (Fictitious character), Translations into Arabic, English Detective and mystery stories, English literature, Fiction, mystery & detective, Poirot, hercule (fictitious character), fiction",,1927,"ger, heb, eng, pol, spa, ita, por, chi, ara, fre","Harper Collins, Dover Publications, Incorporated, Fontana/Collins, Espasa, Wildside Press, LLC",1990089747,121,https://openlibrary.org/works/OL471947W,https://covers.openlibrary.org/b/id/12996529-M.jpg,Open Library API
1927,,,Witch Wood,John Buchan,3.5714285,28.0,,,"Fiction, historical, Clergy, fiction, Fiction, historical, general, Fiction, fantasy, general, Fiction, horror, Witchcraft, History, Fiction, Clergy, Covenanteers",,1927,eng,"Independently Published, O.U.P, Replica Books, Thomas Nelson and Sons Ltd, hodder and stoughton",1794419667,219,https://openlibrary.org/works/OL76578W,https://covers.openlibrary.org/b/id/4781924-M.jpg,Open Library API
1927,,,The tower treasure,Franklin W. Dixon,3.5,14.0,,,"Children's stories, Mystery and detective stories, siblings, Mystery, Juvenile Fiction, Fiction, Hardy Boys Mystery Stories, Hardy Boys (Fictitious characters), Children's fiction, Hardy boys (fictitious characters), fiction",,1927,eng,"Grossett & Dunlap, Grosset & Dunlap, Blurb, Dover Publications, Incorporated, Murine Publications",1836571062,45,https://openlibrary.org/works/OL47915W,https://covers.openlibrary.org/b/id/13180737-M.jpg,Open Library API
1927,,,Amerika,Franz Kafka,4.0,16.0,,,"German fiction, Translations into English, Immigrants in fiction, Adaptations, Fiction, Social conditions, Young men, Classic Literature, Immigrants, Humorous stories",,1927,"ger, eng, jpn, spa, cze, und, ita, chi","Penguin Group UK, Oxford University Press, Schocken Books, Kadokawa Shoten, Kirmizi Kedi Yayinevi",1784875627,94,https://openlibrary.org/works/OL498411W,https://covers.openlibrary.org/b/id/3080557-M.jpg,Open Library API
1927,,,Men Without Women,Ernest Hemingway,3.5,6.0,,,"Fiction, Nick Adams (Fictitious character), English Short stories, American fiction (fictional works by one author), Adams, nick (fictitious character), fiction, Short stories, Fiction, general, Fiction, short stories (single author)",,1927,"chi, ara, bul, eng, ger, heb","Digireads.com Publishing, Scribner's, Charles Scribner's Sons, C. Scribner's sons, Prakash Book Depot",8172343957,84,https://openlibrary.org/works/OL63000W,https://covers.openlibrary.org/b/id/78749-M.jpg,Open Library API
1927,,,Unnatural Death,Dorothy L. Sayers,4.25,12.0,,,"Private investigators, Lord Wimsey, Peter (Fictitious character), Open Library Staff Picks, English Detective and mystery stories, Fiction, Large type books, Wimsey, peter, lord (fictitious character), fiction, Fiction, mystery & detective, general, Fiction, crime, Crime, fiction",,1927,"eng, jpn, ger, fre","Rowohlt TB-V. Rnb., The Audio Partners, Blurb, Coronet, Perennial Library",0060550325,73,https://openlibrary.org/works/OL2234912W,https://covers.openlibrary.org/b/id/6572555-M.jpg,Open Library API
1927,,,The secret of the old mill,"Franklin W. Dixon, Leslie McFarlane, Tony Carpentieri",4.4,5.0,,,"Counterfeits and counterfeiting, Detective and mystery stories, Fiction, Mystery and detective stories, Hardy Boys (Fictitious characters), Mystery, Juvenile Fiction, Children's fiction, Hardy boys (fictitious characters), fiction, series:HardyBoys",,1927,eng,"Start Publishing LLC, Penguin Publishing Group, Brand: Grosset Dunlap, Audio Book Contractors, Inc., Grossett & Dunlap",9780448089034,31,https://openlibrary.org/works/OL47910W,https://covers.openlibrary.org/b/id/13199799-M.jpg,Open Library API
1928,,,The Mystery of the Blue Train,Agatha Christie,3.9629629,27.0,,,"Crimes against, Detective and mystery stories, Divorce, Divorce in fiction, Fiction, Hercule Poirot (Fictitious character), Jewelry theft, Jewelry theft in fiction, Married women, Married women in fiction",,1928,"ger, eng, pol, spa, cze, chi, ita, rus, fin, fre","Dover Publications, Incorporated, Espasa, Yuan liu chu ban shi ye gu fen you xian gong si, HarperCollins Publishers, Digireads.com Publishing",9780792769798,124,https://openlibrary.org/works/OL471603W,https://covers.openlibrary.org/b/id/14575533-M.jpg,Open Library API
1928,,,Orlando,Virginia Woolf,4.3157897,19.0,,,"Nobility in fiction, Gender identity in fiction, Fiction, England in fiction, Transsexuals, Sex role in fiction, Characters and characteristics in literature, Textual Criticism, Literature, Mujeres",,1928,"ger, heb, slv, eng, dan, spa, swe, ita, cat, por, dut, fin, fre, hun","New American Library, Edição Livros do Brasil, Flamingo, Alianza Editorial, C. Gaige",9798681983439,452,https://openlibrary.org/works/OL39360W,https://covers.openlibrary.org/b/id/3240273-M.jpg,Open Library API
1928,,,Im Westen nichts Neues,Erich Maria Remarque,4.195652,92.0,,,"World War, 1914-1918, Fiction, Open Library Staff Picks, Translations into English, German fiction, Soldiers, German language, History, Continental european fiction (fictional works by one author), Fiction, war & military",,1928,"tur, heb, vie, spa, pol, yid, fre, gre, ice, ger, eng, rus, pan, chi","Little, Brown, putnam's, Nanjing ba ti shu dian, Everbind Anthologies, Classics Illustrated Comics",0972976566,225,https://openlibrary.org/works/OL1209288W,https://covers.openlibrary.org/b/id/12706822-M.jpg,Open Library API
1928,,,The well of loneliness,Radclyffe Hall,3.6,5.0,,,"Lesbians, Fiction, Social conditions, Fiction, lesbian, England, fiction, British and irish fiction (fictional works by one author), Fiction, lgbtq+, lesbian, Scholars, Heroes, Authors",,1928,"heb, eng, ger, swe","Pegasus Press, Innovate Book Publisher, Liese. Outside The Box, Andreas, Penguin Books, Limited, Corgi",9781473374089,86,https://openlibrary.org/works/OL3297469W,https://covers.openlibrary.org/b/id/11157295-M.jpg,Open Library API
1928,,,The Masqueraders,Georgette Heyer,4.2,5.0,,,"Fiction, Romance, Historical, Regency"", Large type books, Fiction, romance, historical, regency, Fiction, historical, general, Fiction, romance, general",,1928,eng,"Sourcebooks, Incorporated, Pan, Murine Publications, Chivers Audio Books, Dtv",0553253816,41,https://openlibrary.org/works/OL16478203W,https://covers.openlibrary.org/b/id/7017850-M.jpg,Open Library API
1928,,,Finnegans Wake,James Joyce,3.5833333,12.0,,,"Facsimiles, Manuscripts, English Manuscripts, Notebooks, sketchbooks, Fiction, Older men, Dreams, Proofs (Printing), Textual Criticism, Classic Literature",,1928,"fre, ger, spa, mul, eng","Aylak Adam, Northwestern University Press, Gallimard, Independently Published, C. Gaige",9780670315376,128,https://openlibrary.org/works/OL86319W,https://covers.openlibrary.org/b/id/6609259-M.jpg,Open Library API
1928,,,The unpleasantness at the Bellona Club,Dorothy L. Sayers,4.125,8.0,,,"Fiction, Private investigators, Lord Wimsey, Peter (Fictitious character), Large type books, Fiction, mystery & detective, general, Wimsey, peter, lord (fictitious character), fiction, Fiction, mystery & detective, traditional, England, fiction, Private investigators, fiction, Vane, harriet (fictitious character), fiction",,1928,"ger, eng, spa, ita, fin, fre","The Audio Partners, Goldmann Verlag, Perennial Library, New English Library, HarperPaperbacks",9780380015979,67,https://openlibrary.org/works/OL2234960W,https://covers.openlibrary.org/b/id/43793-M.jpg,Open Library API
1928,,,Decline and Fall,Evelyn Waugh,3.6,5.0,,,"Social life and customs, Manners and customs, Upper class, Fiction, British and irish fiction (fictional works by one author), Boys, Fiction in English, Teachers, Education, Medicine",,1928,"eng, spa","Penguin, Independently Published, chapman and hall, Grosset & Dunlap, Chivers Audio Books",9780140000757,97,https://openlibrary.org/works/OL5721413W,https://covers.openlibrary.org/b/id/908617-M.jpg,Open Library API
1928,,,The Master Mind of Mars,Edgar Rice Burroughs,4.4,5.0,,,"Fiction, Historical Fiction, Science fiction, John Carter (Fictitious character), Dejah Thoris (Fictitious character), Life on other planets, Fiction, science fiction, space opera, Fiction, science fiction, general, American Science fiction, Extraterrestrial beings",,1928,eng,"Start Publishing LLC, Aberdeen Press, Liese. Outside The Box, Andreas, Del Rey (Ballantine), Wildside Press",9798626949254,130,https://openlibrary.org/works/OL1418222W,https://covers.openlibrary.org/b/id/2889485-M.jpg,Open Library API
1928,,,The Shore Road Mystery,"Franklin W. Dixon, Dixon, Franklin W. (Mc Farlane, Leslie)",4.6666665,3.0,,,"Detective and mystery stories, Fiction, Hardy Boys (Fictitious characters), Juvenile fiction, Mystery, Mystery and detective stories, Hardy boys (fictitious characters), fiction, Children's fiction, series:HardyBoys, collectionID:HBMS1",,1928,eng,"Standard Ebooks, Brand: Books on Tape, Armada, Brand: Imagination Studio, Applewood Books",9780486852874,31,https://openlibrary.org/works/OL47933W,https://covers.openlibrary.org/b/id/10985686-M.jpg,Open Library API
1929,,,Passing,"Nella Larsen, Matthew Hodgson, Tamar Mishmar",4.181818,11.0,,,"Fiction, Passing (Identity), African American women, Human skin color, Female friendship, Married women, Racially mixed people, Identity (Psychology), Criticism and interpretation, Afro-Americans",,1929,"heb, eng","Serpent's Tail Limited, Chemeketa Press, Creative Media Partners, LLC, Dover Pubs., CreateSpace",1974329747,74,https://openlibrary.org/works/OL2645476W,https://covers.openlibrary.org/b/id/11145883-M.jpg,Open Library API
1929,,,The Maltese Falcon,Dashiell Hammett,3.40625,32.0,,,"Fiction, mystery & detective, general, San francisco (calif.), fiction, California, fiction, Private investigators, fiction, Spade, sam (fictitious character), fiction, Ficción, Fiction, Hard-boiled detectives, Investigadores privados, Novela de misterio",,1929,"spa, eng, dut, ind, por, jpn, heb, fre, ger","כתר, Cassell, ISIS Audio Books, Independently Published, Dover Publications, Incorporated",4309724019,95,https://openlibrary.org/works/OL47266W,https://covers.openlibrary.org/b/id/998587-M.jpg,Open Library API
1929,,,A Farewell to Arms,Ernest Hemingway,3.6557376,61.0,,,"Cuentos de guerra, World War I, 1914-1918, Open Library Staff Picks, Fiction, Campaigns, open_syllabus_project, American fiction, Guerra Mundial I, 1914-1918, Ficción, 1914-1918 World War",,1929,"jpn, vie, kor, kur, afr, bul, pol, per, por, ger, tib, mul, dut, heb, spa, mar, eng, fre, cze, chi","Elipsa, scribners, Unidad Editorial, E. Rowohlt, Penguin Random House",1857151496,181,https://openlibrary.org/works/OL63072W,https://covers.openlibrary.org/b/id/7226599-M.jpg,Open Library API
1929,,,The Crime at Black Dudley (Albert Campion #1),Margery Allingham,3.0,6.0,,,"Fiction, Mystery, Murder, Fiction, mystery & detective, general, Fiction, crime, Campion, albert (fictitious character), fiction, Private investigators, fiction, England, fiction, Private investigators, Albert Campion (Fictitious character)",,1929,"spa, fre, eng, ger","Macfadden-Bartell, Open Road Integrated Media, Inc., Amereon Ltd, Bloomsbury Publishing Plc, Independently Published",9780140007701,46,https://openlibrary.org/works/OL2004298W,https://covers.openlibrary.org/b/id/9285668-M.jpg,Open Library API
1929,,,Partners in Crime,Agatha Christie,4.4,5.0,,,"English Detective and mystery stories, Fiction, Mystery, Tuppence Beresford (Fictitious character), Tommy Beresford (Fictitious character), Private investigators, Large type books, English literature, Fiction, mystery & detective, traditional, England, fiction",,1929,"spa, pol, ger, eng, fre","Scherz, Ulverscroft, HarperCollins Publishers, The Audio Partners, Mystery Masters, Wydawnictwo Hachette",9781965684283,83,https://openlibrary.org/works/OL471928W,https://covers.openlibrary.org/b/id/14577916-M.jpg,Open Library API
1929,,,"Look Homeward, Angel",Thomas Wolfe,4.0,2.0,,,"flashlightworthy, Fiction, Mountain life, Boys, Domestic fiction, American fiction (fictional works by one author), Fiction, coming of age, North carolina, fiction, Fiction, family life, general, Family",,1929,"eng, chi, ger, spa","Charles Scribners' Sons, Grosset & Dunlap, New American Library, New English Library, Bruguera",9780451006974,73,https://openlibrary.org/works/OL276141W,https://covers.openlibrary.org/b/id/475567-M.jpg,Open Library API
1929,,,Cup of Gold,John Steinbeck,5.0,1.0,,,"Fiction, Morgan, Henry, in fiction, Governors, Buccaneers, Governors in fiction, Caribbean Area in fiction, Buccaneers in fiction, Morgan, Henry,  in fiction, American fiction (fictional works by one author), Fiction, general",,1929,"ice, eng, und, fre, spa, swe, ger, ita","Verlag Kurt Desch, Transworld Publishers, W. Goldman, B. Wahlström, Ulverscroft",0613708326,73,https://openlibrary.org/works/OL23187W,https://covers.openlibrary.org/b/id/6485083-M.jpg,Open Library API
1929,,,The Sound and the Fury,William Faulkner,3.875,8.0,,,"American Manuscripts, Death, Brothers and sisters, Aristocracy (Social class), Burial, Manuscripts, Facsimiles, Fiction, Family, People with mental disabilities",,1929,"jpn, per, fre, eng, chi, rum, vie, spa, est, rus, lit, geo","RH Audio, Random House, Kōdansha, Alfaguara, Vintage",9577302386,94,https://openlibrary.org/works/OL82870W,https://covers.openlibrary.org/b/id/8292212-M.jpg,Open Library API
1929,,,Red Harvest,Dashiell Hammett,3.8,5.0,,,"Fiction, Private investigators, Continental Op (Fictitious character), Fiction in English, Gangs, Large type books, Fiction, mystery & detective, hard-boiled, Continental op (fictitious character), fiction, Private investigators, fiction, United states, fiction",,1929,"spa, fre, eng, ger, heb","Books on Tape, Orion, French & European Pubns, ISIS Audio Books, Blurb",1504097580,47,https://openlibrary.org/works/OL47269W,https://covers.openlibrary.org/b/id/968508-M.jpg,Open Library API
1929,,,Beauvallet (Beauvallet Dynasty #2),Georgette Heyer,3.5,2.0,,,"Fiction, Historical, Pirates, Nobility, Romance, Fiction, general, Romance fiction, Great britain, fiction, Fiction, historical, general, Large type books",,1929,eng,"William Heinemann Ltd, WIlliam Heinemann Ltd, W. Heinemann, Mandarin, Open Road Integrated Media, Inc.",9781504097758,39,https://openlibrary.org/works/OL4092646W,https://covers.openlibrary.org/b/id/6920952-M.jpg,Open Library API
1930,,,The Hidden Staircase,Carolyn Keene,3.7083333,24.0,,,"Detective and mystery stories, Fiction, Juvenile fiction, Mystery, Mystery and detective stories, Drew, nancy (fictitious character), fiction, Children's fiction, Adventure stories, Women detectives, CollectionID:NDMS",,1930,"eng, heb, ger, fre","Scholastic, Read Books, Grosset & Dunlap, Listening Library, Imagination Studio",9780448490052,43,https://openlibrary.org/works/OL39160W,https://covers.openlibrary.org/b/id/15150728-M.jpg,Open Library API
1930,,,The Murder at the Vicarage,Agatha Christie,4.1666665,30.0,,,"Women detectives, Fiction, Classic, Literature, Audiobook, Braile, DVD, Murder, Mystery, Humour",,1930,"gre, ger, eng, pol, spa, rus, ita, por, jpn, fre","Sagebrush Education Resources, Crime Club / Book Club, Fontana/Collins, Espasa, Collins (for) the Crime Club",9788804507703,127,https://openlibrary.org/works/OL471895W,https://covers.openlibrary.org/b/id/12996560-M.jpg,Open Library API
1930,,,The Secret of the Old Clock,Carolyn Keene,4.095238,21.0,,,"American Detective and mystery stories, Children's stories, American, Detective and mystery stories, Fiction, Juvenile fiction, Mystery, Mystery and detective stories, Nancy Drew (Fictitious character), Adventure stories, Women detectives",,1930,"eng, heb","Grosset & Dunlap, Grosset and Dunlap, New York, Grossett&DunIap, Listening Library (Audio), Penguin USA, Inc.",9781440673641,41,https://openlibrary.org/works/OL39275W,https://covers.openlibrary.org/b/id/15150724-M.jpg,Open Library API
1930,,,Narziss und Goldmund,Hermann Hesse,4.0,20.0,,,"Teacher-student relationships, Fiction, Romance, German fiction, Literatura alemã, Translations from German, English fiction, Translations into English, Fiction, general, Continental european fiction (fictional works by one author)",,1930,"spa, ger, eng, vie","Penguin Classic, Bermann-Fischer, Bu chergilde Gutenberg, Fischer Bucherei, Fischer Bücherei",0553244132,41,https://openlibrary.org/works/OL873100W,https://covers.openlibrary.org/b/id/1016864-M.jpg,Open Library API
1930,,,The Bungalow Mystery,Carolyn Keene,4.2222223,9.0,,,"Children's fiction, Drew, nancy (fictitious character), fiction, Mystery and detective stories, Adventure and adventurers, Detective and mystery stories, Fiction, Juvenile fiction, Mystery, Nancy Drew (Fictitious character), Women detectives",,1930,"eng, heb","Listening Library, HarperCollins Publishers, Penguin Publishing Group, Distributed by Globe Pequot Press, Penguin USA, Inc.",9780001604131,39,https://openlibrary.org/works/OL38989W,https://covers.openlibrary.org/b/id/15150725-M.jpg,Open Library API
1930,,,Swallows and Amazons,Arthur Michell Ransome,4.0,15.0,,,"Adventure and adventurers, Boats and boating, Children's camping and sailing adventures., Children's stories, Fiction, Juvenile fiction, Sailing, Swallows (Fictitious characters), Camping, Amazons (Fictitious characters : Ransome)",,1930,"eng, spa, und, cze, swe, fre, hun","J B LIPPINCOTT & CO., Penguin Books in association with J. Cape, Harpercollins, Brand: Overlook Juvenile, David R Godine",9781446478899,84,https://openlibrary.org/works/OL2459837W,https://covers.openlibrary.org/b/id/7145171-M.jpg,Open Library API
1930,,,Камера Обскура (Kamera obskura),Vladimir Nabokov,4.6666665,9.0,,,"Translations into English, Adultery, Fiction, Continental european fiction (fictional works by one author), American fiction (fictional works by one author), Berlin (germany), fiction, Fiction, general, Slavic philology",,1930,"fre, dut, eng, spa, vie, ger, und, rus, ita","Weidenfeld and Nicolson, ""Azbuka-Klassika"", Sovremennyi͡a︡ zapiski, Penguin Books, Norton*(ww Norton Co",0141186526,41,https://openlibrary.org/works/OL627077W,https://covers.openlibrary.org/b/id/598133-M.jpg,Open Library API
1930,,,Last and First Men,Olaf Stapledon,3.1818182,11.0,,,"Fiction, science fiction, general, Fiction, Fiction in English, Prophecies, Science fiction, Human beings, Long Now Manual for Civilization, English literature, English Science fiction, Human beings--fiction",,1930,eng,"Audible Studios on Brilliance Audio, Lythway Press, Bibliotech Press, Gollancz, Methuen",9781656951144,72,https://openlibrary.org/works/OL3290731W,https://covers.openlibrary.org/b/id/911106-M.jpg,Open Library API
1930,,,The mysterious Mr Quin,Agatha Christie,4.0,1.0,,,"Mystery, English Detective and mystery stories, Fiction, Paranormal fiction, Murder, Investigation, Fiction, mystery & detective, short stories, Fiction, mystery & detective, traditional, England, fiction, Roman policier anglais",,1930,"ita, spa, eng, fre, chi","Scherz, Ulverscroft, ISIS Audio Books, Dodd, Mead and Company, HarperCollins Publishers",0007212585,71,https://openlibrary.org/works/OL472043W,https://covers.openlibrary.org/b/id/14586400-M.jpg,Open Library API
1930,,,The Mystery at Lilac Inn,Carolyn Keene,4.0,7.0,,,"Drew, nancy (fictitious character), fiction, Mystery and detective stories, Children's fiction, Adventure and adventurers, Detective and mystery stories, Fiction, Juvenile fiction, Juvenile literature, Mystery, Nancy Drew (Fictitious character)",,1930,"fre, heb, eng","Grosset & Dunlap, Grosset and Dunlap, applewood books, Hachette, Hachette Littérature",9780448195049,31,https://openlibrary.org/works/OL39241W,https://covers.openlibrary.org/b/id/15150730-M.jpg,Open Library API
1931,,,The Waves,Virginia Woolf,4.3846154,13.0,,,"British and irish fiction (fictional works by one author), Fiction, psychological, Friendship, fiction, Identity (Psychology), Friendship, Fiction, Friendship in fiction, Facsimiles, Manuscripts, Translations",,1931,"ita, dut, spa, fre, dan, eng, ger, hun, glg, fin, por","Ediciones Catedra S.A., Read Books, Ediciones Orbis - Editorial Origen, Clarke, Irwin & Co. Ltd., Peter Smith Publisher Inc",1795194294,255,https://openlibrary.org/works/OL39316W,https://covers.openlibrary.org/b/id/119517-M.jpg,Open Library API
1931,,,The Sittaford Mystery,Agatha Christie,3.6666667,9.0,,,"English Detective and mystery stories, Detective and mystery stories, Murder, Fiction, Mystery, Seances, Private investigators, Investigation, Fiction, mystery & detective, general, Crime, fiction",,1931,"tur, epo, fre, por, ara, eng, spa, ger, rus, ita","Center Point Large Print, Bantam Books, al-Ajyāl lil-Tarjamah wa-al-Nashr, Soundelux Audio Pub, Published for the Crime Club by Collins",0002447533,90,https://openlibrary.org/works/OL471664W,https://covers.openlibrary.org/b/id/13151831-M.jpg,Open Library API
1931,,,Light in August,William Faulkner,3.1,10.0,,,"Fiction, Mississippi in fiction, Drifters, Racially mixed people, Drifters in fiction, Pregnant women in fiction, Racially mixed people in fiction, Pregnant women, Facsimiles, American Manuscripts",,1931,"heb, chi, ita, swe, cze, eng, jpn, spa, fre, ger","[Smith & Haas], Chatto & Windus, Adelphi, Franklin Library, Chatto and Windus",9780701106768,72,https://openlibrary.org/works/OL82931W,https://covers.openlibrary.org/b/id/8292249-M.jpg,Open Library API
1931,,,The Good Earth,Pearl S. Buck,3.9565217,23.0,,,"China, fiction, Fiction, historical, general, Social life and customs, History, Farmers' spouses, Married women, Manners and customs, Farm life, Fiction, American fiction (fictional works by one author)",,1931,"ger, eng, mul, kor, vie, spa, und, ita, por, chi, ara, fre, mar, pan","Example Product Manufacturer, al-Bihar, Berlelsmem, Lāhaura Buka Shāpa, Alianza Editorial",8413623693,169,https://openlibrary.org/works/OL1140109W,https://covers.openlibrary.org/b/id/2626823-M.jpg,Open Library API
1931,,,Pietr-le-Letton,Georges Simenon,2.25,4.0,,,"Fiction, Jules Maigret (Fictitious character), Police, Fiction, mystery & detective, general, Crime, fiction, Maigret, jules (fictitious character), fiction, Paris (france), fiction, Franzo sisch, Roman, Continental european fiction (fictional works by one author)",,1931,"por, heb, ger, eng, fre, spa, dut","Acantilado, Pocket, Fayard, Le Livre de poche, Picador",3257205023,38,https://openlibrary.org/works/OL1242934W,https://covers.openlibrary.org/b/id/9245628-M.jpg,Open Library API
1931,,,Vol de nuit,Antoine de Saint-Exupéry,4.5,10.0,,,"Air pilots, Fiction, Aéronautique, French fiction, Romans, Aeronautics, Air pilots, fiction, Fiction, action & adventure, Continental european fiction (fictional works by one author), Children's fiction",,1931,"dut, jpn, vie, ita, spa, ger, eng, und, fre, chi","Harper & brothers, Goossens, Alma Classics, Mondadori, 新潮社",0686554205,128,https://openlibrary.org/works/OL10267W,https://covers.openlibrary.org/b/id/116397-M.jpg,Open Library API
1931,,,A Fighting Man Of Mars,Edgar Rice Burroughs,4.4,5.0,,,"Fiction, Science Fiction, American Science fiction, Extraterrestrial beings, Fiction, science fiction, action & adventure, Barsoom (imaginary place), fiction, Carter, john (fictitious character), fiction, Fiction, science fiction, general, Science fiction",,1931,eng,"Start Publishing LLC, Ballantine Books, Nuvision Publications, llc, Kessinger Publishing, LLC, NuVision Publications",9781973808718,138,https://openlibrary.org/works/OL1418176W,https://covers.openlibrary.org/b/id/13898460-M.jpg,Open Library API
1931,,,Tom Sawyer,"Mark Twain, John D. Seelye",5.0,2.0,,,"American fiction (fictional works by one author), Missouri, fiction, Sawyer, tom (fictitious character), fiction, Fiction, Boys, Garçons, Romans, nouvelles, JUVENILE FICTION, General",,1931,eng,"Bookbyte Digital, Macmillan Heinemann ELT, Bloomsbury Publishing Plc, Dent & Sons, J. M., Windrush Press, Limited",1907439099,78,https://openlibrary.org/works/OL25639159W,https://covers.openlibrary.org/b/id/14584255-M.jpg,Open Library API
1931,,,The Conqueror,Georgette Heyer,1.6666666,3.0,,,"1930s, Fiction, Kings and rulers, Historical Fiction, Romance, English fiction, Fiction, historical, Fiction, biographical, England, fiction, Fiction, historical, general",,1931,"eng, ger","Deutscher Taschenbuch Verlag, pan books ltd, Mandarin, E.P. Dutton, Pan Books",9780553247145,39,https://openlibrary.org/works/OL4092645W,https://covers.openlibrary.org/b/id/6921432-M.jpg,Open Library API
1931,,,The Inimitable Jeeves,P. G. Wodehouse,4.4,5.0,,,"Bertie Wooster (Fictitious character), Valets, Open Library Staff Picks, Fiction in English, Single men, Fiction, Classic Literature, Jeeves (Fictitious character), Jeeves (fictitious character), fiction, Wooster, bertie (fictitious character), fiction",,1931,eng,"Random House Publishing Group, Jenkins, Overlook Press, Vintage, Penguin (Non-Classics)",9781409064213,29,https://openlibrary.org/works/OL1337101W,https://covers.openlibrary.org/b/id/5145558-M.jpg,Open Library API
1932,,,Brave New World,Aldous Huxley,3.9694989,459.0,,,"Utopias, Brainwashing, Moral and ethical aspects of Science, Fiction, Science and state, Social problems, Passivity (Psychology), Culture, Propaganda, Genetic engineering",,1932,"glg, jpn, cze, chi, und, rus, dut, pol, fre, hrv, cat, eng, spa, ger, ita, por, heb, est","Bange C. GmbH, Jugoslavija, Penguin Random House Grupo Editorial, Amereon Limited, Gui guan",9781521308578,721,https://openlibrary.org/works/OL64365W,https://covers.openlibrary.org/b/id/8231823-M.jpg,Open Library API
1932,,,Little House in the Big Woods,Laura Ingalls Wilder,3.9454546,55.0,,,"Juvenile fiction, Ficción juvenil, Frontier and pioneer life, Fiction, Vida de pioneros, Juvenile literature, Children's fiction, Wisconsin, fiction, Frontier and pioneer life, fiction, Family life, fiction",,1932,"hin, ger, heb, eng, kor, jpn, pol, spa, rus, und, chi, dan, fre","Turtleback Books Distributed by Demco Media, harper & brothers, Harper & brothers, Harper & Brothers, Fireside Books",9781981175826,120,https://openlibrary.org/works/OL1719746W,https://covers.openlibrary.org/b/id/28677-M.jpg,Open Library API
1932,,,Peril at End House,Agatha Christie,4.181818,22.0,,,"Captain Hastings (Fictitious character), English Detective and mystery stories, Fiction, Hercule Poirot (Fictitious character), Mystery, Private investigators, Detective and mystery stories, English literature, English language, Fiction, mystery & detective, general",,1932,"ger, eng, vie, spa, ita, dut, fre","Collins for the Crime Club, AudioGO Ltd., French, Harpercollins, Dodd, Mead & Company",2702478611,111,https://openlibrary.org/works/OL472165W,https://covers.openlibrary.org/b/id/12996556-M.jpg,Open Library API
1932,,,Devil's Cub (Alastair-Audley #2),Georgette Heyer,4.4117646,17.0,,,"Fiction, Romance, Historical, Social life and customs, Aristocracy (Social class), Open Library Staff Picks, Marriage proposals, Nobility, History, Fiction, romance, historical, general, Fiction, mystery & detective, general, Fiction, general",,1932,"eng, ita, rus, ger","Chivers Audio Books, Mandarin, Signet, Peacock / Penguin Harmondsworth, Sourcebooks Casablanca",0330023616,45,https://openlibrary.org/works/OL4092689W,https://covers.openlibrary.org/b/id/6921822-M.jpg,Open Library API
1932,,,The Thirteen Problems,Agatha Christie,3.909091,11.0,,,"Jane Marple (Fictitious character), Fiction, Mystery, Suspense fiction, Open Library Staff Picks, English Detective and mystery stories, English Short stories, Translations into French, English fiction, Roman",,1932,"fre, heb, eng, spa, ger, pol, ita","Bantam Books, Éditions France Loisirs, Published for the Crime Club by Collins, Editorial Molinoy, HarperCollins Publishers",9782702478844,93,https://openlibrary.org/works/OL471921W,https://covers.openlibrary.org/b/id/11163587-M.jpg,Open Library API
1932,,,Voyage au bout de la nuit,Louis-Ferdinand Celine,4.0,19.0,,,"Fiction, short stories (single author), Novela francesa, Traducciones al español, Fiction, general, Fiction, historical, general, Roman, Illustraties, French Picaresque literature, Black humor, Fiction",,1932,"ger, eng, pol, spa, und, ita, rus, fre","Rowolt Taschenbuch Verlag, Chatto and Windus, Futuropolis/Gallimard, Dall'Oglio, J. Calder",886380172X,71,https://openlibrary.org/works/OL1287903W,https://covers.openlibrary.org/b/id/14054027-M.jpg,Open Library API
1932,,,Radetzkymarsch,Joseph Roth,3.6666667,6.0,,,"Fiction, History, Fiction, sagas, Fiction, historical, Austria, fiction, Fiction, historical, general, Fiction, general, Social conditions, Romans, nouvelles, Histoire",,1932,"ger, eng, spa, und, fre","Viking Press, Dtv, Overlook TP, Fischer, PENGUIN POPULAR CLASSICS",9780141393421,70,https://openlibrary.org/works/OL466942W,https://covers.openlibrary.org/b/id/12973199-M.jpg,Open Library API
1932,,,Stamboul train,Graham Greene,2.5,2.0,,,"Murder, Fiction in English, Orient Express (Express train), Fiction, Man-woman relationships, Fiction inEnglish, Railroad travel, Spy stories, British and irish fiction (fictional works by one author), Fiction, romance, suspense",,1932,"ita, fre, eng, spa, ger, dut","Stock, Published for The British Publishers Guild by Heinemann, Viking Adult, Pocket, Rowohlt",0099478366,45,https://openlibrary.org/works/OL106079W,https://covers.openlibrary.org/b/id/5329124-M.jpg,Open Library API
1932,,,The selfish giant,Oscar Wilde,3.5,6.0,,,"Giants, Picture books, Juvenile fiction, Fiction, Fairy tales, Gardens, fiction, Giants, fiction, Children's fiction, Selfishness, Contes de fées",,1932,"eng, chi, fre, gla","P. Pauper Press, Kessinger Publishing, LLC, Floris, NXB Kim Đsong/KimDong Pub. House, Simon & Schuster Children's Publishing",0954140206,37,https://openlibrary.org/works/OL14877873W,https://covers.openlibrary.org/b/id/259533-M.jpg,Open Library API
1932,,,The Pastures of Heaven,John Steinbeck,5.0,1.0,,,"Fiction, Farm life, Rural families, Classic Literature, Literature, Family, California, fiction, Fiction, general, American fiction (fictional works by one author), Fiction, historical, general",,1932,"und, fre, ita, eng, baq, ger, tur, per, heb","Ullstein, Dtv, Arena, E. Benn, Quality Press",9780141922942,58,https://openlibrary.org/works/OL23195W,https://covers.openlibrary.org/b/id/6922830-M.jpg,Open Library API
1933,,,Farmer Boy,Laura Ingalls Wilder,3.8181818,22.0,,,"Children's fiction, Farm life, fiction, Frontier and pioneer life, Family, Family life, Fiction, Children's stories, Farm life, Juvenile fiction, New york (state), fiction",,1933,"heb, eng, pol, spa, chi, dan, fre","Zemorah, Bitan, Flammarion, Agencja KRIS, Harper & brothers, Harper & Brothers",4834004104,69,https://openlibrary.org/works/OL1503063W,https://covers.openlibrary.org/b/id/29745-M.jpg,Open Library API
1933,,,Tender is the Night,F. Scott Fitzgerald,3.85,20.0,,,"Fiction, Psychiatrists, Wealth, Moral and ethical aspects of Wealth, Facsimiles, American Manuscripts, Manuscripts, Moral and ethical aspects, Literature, Psychological fiction",,1933,"kor, eng, spa, cze, ita, dut, rus, fre","Wordsworth Editions Ltd, Hyŏndae Munhwa Sent'a, Collier Books, Guild Publishing, Book-of-the-Month Club",9798604416242,312,https://openlibrary.org/works/OL468485W,https://covers.openlibrary.org/b/id/6984433-M.jpg,Open Library API
1933,,,Murder on the Orient Express,Agatha Christie,4.1260505,119.0,,,"Agatha Christie, Private investigator, P.I., Hercule Poirot, Detective, Murder, Mystery, Juvenile, Humour, Fiction",,1933,"hin, ger, heb, eng, tur, pol, vie, spa, rus, chi, ita, hun, por, jpn, fre, hrv, bel","Collins for the Crime Club, Sagebrush Education Resources, Editorial Galaxia, S.A., Pelckmans, Le Livre de Poche Jeunesse",0745168191,247,https://openlibrary.org/works/OL471576W,https://covers.openlibrary.org/b/id/11100465-M.jpg,Open Library API
1933,,,Lord Edgware Dies,Agatha Christie,3.9166667,12.0,,,"Hercule Poirot (Fictitious character), Private investigators, Fiction, Mystery, Detective and mystery stories, Juvenile literature, Investigadores privados, Poirot, Hercule (Personaje literario), Detectives privados, Novela",,1933,"ger, heb, eng, pol, spa, rus, chi, ara, fre","Collins for the Crime Club, Published for the Crime Club Ltd. by Collins, Al-Ajyal, Harpercollins, Dodd, Mead & Company",9780007120741,113,https://openlibrary.org/works/OL471767W,https://covers.openlibrary.org/b/id/9492111-M.jpg,Open Library API
1933,,,The Red Pony,John Steinbeck,3.2222223,9.0,,,"Horses, Horse, Open Library Staff Picks, Ponies, Fiction, Boys, Ranch life, Coming of age, Loss (Psychology), Western stories",,1933,"ice, cat, dan, chi, fre, eng, tam, per, und, ger, heb, dut","Mandarin, Bantam, Remzi Kitabevi, Paw Prints 2008-06-26, Gallimard / Folio junior 1",0141185090,109,https://openlibrary.org/works/OL23197W,https://covers.openlibrary.org/b/id/9278181-M.jpg,Open Library API
1933,,,The case of the velvet claws,Erle Stanley Gardner,4.0,7.0,,,"Fiction, Perry Mason (Fictitious character), Trials (Murder), American Detective and mystery stories, Translations into Russian, Detective and mystery stories, California, fiction, Lawyers, fiction, Los angeles (calif.), fiction, Mason, perry (fictitious character), fiction",,1933,"heb, eng, rus, fre","W. Morrow and company, Espasa, Blakiston, J'ai lu, American Bar Association",0345907930,30,https://openlibrary.org/works/OL16747W,https://covers.openlibrary.org/b/id/207116-M.jpg,Open Library API
1933,,,Story About Ping,Marjorie Flack,3.857143,7.0,,,"Fiction, Juvenile fiction, Ducks, JUVENILE FICTION / People & Places / Asia, JUVENILE FICTION / Classics, JUVENILE FICTION / Animals / Ducks, Geese, Ducklings, Readers, Espanol, Spanish language",,1933,"spa, wel, eng, und","Red Fox, Random House UK Ltd (A Division of Random House Group), Tandem Library, Dutton Juvenile, Rebound by Sagebrush",0140951172,45,https://openlibrary.org/works/OL2588330W,https://covers.openlibrary.org/b/id/104588-M.jpg,Open Library API
1933,,,Parker Pyne Investigates,Agatha Christie,4.0,2.0,,,"Detective and mystery stories, English Detective and mystery stories, Fiction, Mystery, Parker Pyne (Fictitious character), Private investigators, Murder, Large type books, English literature, Fiction, mystery & detective, traditional",,1933,"fre, heb, ara, eng, spa, ger, pol, ita","Bantam Books, Dodd, Mead & co., Diogenes Verlag, Tandem Library, HarperCollins Audiobooks,",0007212593,69,https://openlibrary.org/works/OL472884W,https://covers.openlibrary.org/b/id/11171205-M.jpg,Open Library API
1933,,,"San Manuel Bueno, mártir",Miguel de Unamuno,4.0666666,15.0,,,"Spanish language, Readers, Priests, Criticism and interpretation, Fiction, Fiction, religious, Spain, fiction, Catholic Church, Clergy, Priesthood",,1933,"tur, spa, eng, ger","ENCUENTRO, Colton Book Imports, Cátedra, Editorial Luis Vives (Edelvives), Espasa Calpe",9798739668660,93,https://openlibrary.org/works/OL503616W,https://covers.openlibrary.org/b/id/4410960-M.jpg,Open Library API
1933,,,Why shoot a butler?,Georgette Heyer,3.0,3.0,,,"1930s, Contemporary, Suspense, Fiction, Country homes, Fiction in English, Detective stories, Butlers, Investigation, Murder",,1933,"ger, eng","Chivers, Granada, Panther, Hamilton & Co, BANTAM DOUBLEDAY DELL",9781407089850,41,https://openlibrary.org/works/OL4092687W,https://covers.openlibrary.org/b/id/6921909-M.jpg,Open Library API
1934,,,Tropic of Cancer,Henry Miller,3.55,20.0,,,"Autobiographical fiction, Fiction, Americans, Authorship, Bohemianism, Sex customs, History, Social life and customs, Amerikaner, Bohème",,1934,"chi, cze, eng, gre, rus, fre, pol, spa","Flamingo, Signet Classics, Editions du chêne, Boukoimanis, The   Book   Club   Associates",9785267002073,92,https://openlibrary.org/works/OL261866W,https://covers.openlibrary.org/b/id/13119236-M.jpg,Open Library API
1934,,,Murder in Three Acts,Agatha Christie,3.6666667,12.0,,,"Fiction, Hercule Poirot (Fictitious character), Murder in fiction, Murder, Private investigators, Private investigators in fiction, Detective and mystery stories, Mystery and detective stories, Investigation, Mystery",,1934,"ger, eng, jpn, pol, spa, chi, ara, fre","Kadokawa Shoten, Crime Club / Book Club, Harpercollins, Dodd, Mead & Company, HarperColiins",0854563261,103,https://openlibrary.org/works/OL471765W,https://covers.openlibrary.org/b/id/6874620-M.jpg,Open Library API
1934,,,"I, Claudius",Robert Graves,4.1904764,21.0,,,"Literature, Emperadores, Fiction in English, Biographical fiction, Emperors, Historia, Emperor of Rome, Rome, Ficción, Fiction",,1934,"dut, spa, ger, eng, rus","Vintage Books, H. Smith and R. Haas, Methuen, A. Barker, Decca Record Co",9780848805111,56,https://openlibrary.org/works/OL5036952W,https://covers.openlibrary.org/b/id/14656260-M.jpg,Open Library API
1934,,,Mary Poppins,Pamela L. Travers,4.0,17.0,,,"Magic, Translations into Thai, Children's stories, Thai, Translations from English, Children's stories, English, Magic in fiction, Fiction, Fantasy, England in fiction, Fairy tales",,1934,"jpn, ukr, spa, fre, ger, eng, tha, rus","POCHE JEUNESSE, Livre de Poche, Chivers, Harcourt, Collins Children's Books",0152017178,57,https://openlibrary.org/works/OL262141W,https://covers.openlibrary.org/b/id/7421-M.jpg,Open Library API
1934,,,The Convenient Marriage,Georgette Heyer,3.7777777,9.0,,,"Open Library Staff Picks, 1930s, Man-woman relationships, fiction, Social life and customs, Arranged marriage, fiction, Marriage customs and rites, History, Manners and customs, England, fiction, Great Britain",,1934,eng,"Pan Books, BBC Audiobooks, Harlequin, Bantam Books (Mm), A National General Company",9780749305208,38,https://openlibrary.org/works/OL4092655W,https://covers.openlibrary.org/b/id/6921929-M.jpg,Open Library API
1934,,,Strega Nona,Tomie dePaola,4.4117646,17.0,,,"Avarice, Fiction, Folklore, Grandmothers, Healing, Juvenile fiction, Magic, Memory, Strega Nona (Fictitious character), Tales",,1934,"eng, spa, chi, fre","Scholastic, Editorial Everest, Arthur, Bound to Stay Bound Books, Shang yi wen hua shi ye gu fen you xian gong si",0788726218,41,https://openlibrary.org/works/OL61090W,https://covers.openlibrary.org/b/id/4482016-M.jpg,Open Library API
1934,,,A Man Lay Dead,Ngaio Marsh,3.909091,11.0,,,"Country-house Mystery, Roderick Alleyn (Fictitious character), Fiction, Police, Large type books, Fiction, mystery & detective, general, Alleyn, roderick (fictitious character), fiction, Fiction, mystery & detective, police procedural, England, fiction",,1934,eng,"St. Martin's Paperbacks, Penguin Books, Amereon Ltd, HarperCollins Publishers Ltd, Sheridan House",9780007344390,35,https://openlibrary.org/works/OL460783W,https://covers.openlibrary.org/b/id/9751560-M.jpg,Open Library API
1934,,,The postman always rings twice,James M. Cain,3.7368422,19.0,,,"Married women, Adultery, Asesinos, Adulterio, Novela psicológica, Triángulos amorosos, Fiction, Triangles (Interpersonal relations), Mujeres casadas, Ficción",,1934,"eng, rus, spa, jpn, kor, fre, dut","Bloomsbury Publishing Plc, Comunicación y Publicaciones, Thorndike Press, RBA Coleccionables, S.A., Triangle Books",0593311914,44,https://openlibrary.org/works/OL3480719W,https://covers.openlibrary.org/b/id/3344546-M.jpg,Open Library API
1934,,,Lust for Life,Irving Stone,4.25,16.0,,,"Open Library Staff Picks, Fiction, Painters, Belletristische Darstellung, Ficción, Fiction, general, Netherlands, fiction, Artists, fiction, Van Gogh, Vincent, 1853-1890, Fiction, biographical",,1934,"ger, heb, eng, pol, spa, cze, rus, slo, dut, chi, fin, hun","Blurb, Plaza & Janes Editories Sa, New American Library, Cümle Yayınları, Emece Editores",9780385042703,115,https://openlibrary.org/works/OL112003W,https://covers.openlibrary.org/b/id/6617761-M.jpg,Open Library API
1934,,,A Handful of Dust,Evelyn Waugh,3.5555556,9.0,,,"Adultery, Fiction, Divorce, Fiction, satire, Fiction, humorous, general, Brazil, fiction, British and irish fiction (fictional works by one author), England, fiction, Fiction, humorous, Aristocracy (Social class)",,1934,"ita, eng, swe","Macmillan Education, Limited, Farrar & Rinehart, Dell], Everyman, Penguin Classic",9798357875617,83,https://openlibrary.org/works/OL5721423W,https://covers.openlibrary.org/b/id/100730-M.jpg,Open Library API
1935,,,Death in the Clouds,Agatha Christie,4.2941175,17.0,,,"Detective and mystery stories, Fiction, Hercule Poirot (Fictitious character), Private investigators, Murder, English Detective and mystery stories, Mystery, Murder in fiction, Private investigators in fiction, Poirot,Hercule(Fictitious character)",,1935,"ger, eng, ind, spa, chi, ita, jpn, fre","Collins for the Crime Club, Goldmann Verlag, Harpercollins, Turtleback Books Distributed by Demco Media, Fontana/Collins",9780061743115,107,https://openlibrary.org/works/OL472324W,https://covers.openlibrary.org/b/id/11433305-M.jpg,Open Library API
1935,,,It Can't Happen Here,Sinclair Lewis,3.65,20.0,,,"Anti-fascist movements, Presidents, Newspaper editors, Fiction, Drama, Science fiction, Dictators, Fascists, Election, Presidents, united states, fiction",,1935,"rus, eng, und","Dramatist's Play Service, Rock's Mills Press, Center Point Large Print, Blackstone Pub, Blackstone Audio, Inc.",9780241310663,157,https://openlibrary.org/works/OL51145W,https://covers.openlibrary.org/b/id/12719018-M.jpg,Open Library API
1935,,,Tortilla Flat,John Steinbeck,4.214286,14.0,,,"Poor, Open Library Staff Picks, Fiction in English, Fiction, Hispanic Americans, Poverty, American fiction, Classic Literature, American fiction (fictional works by one author), Monterey (calif.), fiction",,1935,"dut, heb, spa, ger, eng, swe, fre, chi","Meulenhoff, Chivers, Grosset and Dunlap, Penguin Group UK, Distributed by Heron Books",1440638845,88,https://openlibrary.org/works/OL23201W,https://covers.openlibrary.org/b/id/9157804-M.jpg,Open Library API
1935,,,Death in the Stocks,Georgette Heyer,4.1666665,6.0,,,"1930s, Contemporary, Fiction, Police, Police in fiction, Suspense, Inspector Hannasyde (Fictitious character), Hannasyde, inspector (fictitious character), fiction, Fiction, mystery & detective, general, England, fiction",,1935,"eng, fre, ita","Arrow, Sourcebooks Landmark, Sourcebooks, Inc., Berkley, Longmans, Green and Co.",1282166301,49,https://openlibrary.org/works/OL4092670W,https://covers.openlibrary.org/b/id/7451667-M.jpg,Open Library API
1935,,,Little House on the Prairie,Laura Ingalls Wilder,4.4666667,15.0,,,"Osage Nation, covered wagons, Juvenile audience, pioneers, pioneer children, historical fiction, juvenile works, Frontier and pioneer life, Family, Juvenile fiction",,1935,"kor, spa, eng, und, por, pol, dan, chi, heb, jpn, ice, fre","Ueberreuter, HarperFestival, Independently Published, HarperTrophy, Perfection Learning",0060581816,130,https://openlibrary.org/works/OL1719792W,https://covers.openlibrary.org/b/id/11277564-M.jpg,Open Library API
1935,,,The house of the four winds,John Buchan,3.6666667,27.0,,,"Dickson McCunn (Fictitious character), Fiction, Fiction, mystery & detective, general",,1935,eng,"Nelson, Bollinger, Max, CreateSpace Independent Publishing Platform, thomas nelson and sons ltd, Thomas Nelson and Sons Ltd.",1676106685,152,https://openlibrary.org/works/OL76579W,https://covers.openlibrary.org/b/id/890267-M.jpg,Open Library API
1935,,,Caddie Woodlawn,Carol Ryrie Brink,3.9375,16.0,,,"tomboys, Adolescence & Coming of Age, Adventure, Brothers and sisters, Classics, Family, Fiction, Frontier and pioneer life, Girls & Women, Historical Fiction",,1935,eng,"The Macmillan Company, Bound to Stay Bound Books, Collier-Macmillan, Perfection Learning, Macmillan (N.Y.)",0786258853,56,https://openlibrary.org/works/OL265984W,https://covers.openlibrary.org/b/id/11123476-M.jpg,Open Library API
1935,,,The devil rides out,Dennis Wheatley,3.5,2.0,,,"Fiction in English, Fiction, horror, Fiction, science fiction, general",,1935,eng,"Bantam Books, Mandarin, MacMillan Publishing Company, Heinemann, Century",0099497506,37,https://openlibrary.org/works/OL1174852W,https://covers.openlibrary.org/b/id/1549954-M.jpg,Open Library API
1935,,,The Nursing Home Murder,Ngaio Marsh,4.25,4.0,,,"Fiction, Roderick Alleyn (Fictitious character), Police, Fiction in English, Private investigators, Serial murders, Arts, Fiction, mystery & detective, general, Alleyn, Roderick (fictitious character), fiction, Fiction, mystery & detective, police procedural",,1935,"eng, fre","Berkley Pub. Corp, Aeonian Press, Harpercollins, Harper Collins, Felony & Mayhem Press",0007944667,30,https://openlibrary.org/works/OL460804W,https://covers.openlibrary.org/b/id/5880-M.jpg,Open Library API
1935,,,Mr Norris Changes Trains,Christopher Isherwood,4.6666665,3.0,,,"English fiction, Fiction, Fiction in English, History, Nazis, Berlin (germany), fiction, Fiction, general, Fiction, espionage, Nazis, fiction, Friendship, fiction",,1935,"dut, ger, ita, eng, fre","Berkley Publishing Corp., Vintage Books, Berkley Publishing corp., Avon Pub., Albino",9780749386818,44,https://openlibrary.org/works/OL51211W,https://covers.openlibrary.org/b/id/78360-M.jpg,Open Library API
1936,,,Atlas Shrugged (Centennial Ed. HC),"Ayn Rand, Sophie Bastide-Foltz, Ayn Rand;, Adrian Rand, Ayn Rand",3.278261,115.0,,,"Classic Literature, Fiction, Literature, Fiction, action & adventure, Fiction, science fiction, general, Egoism, Capitalism, Objectivism (Philosophy), Capitalism in fiction, Egoism in fiction",,1936,"spa, rus, eng, ger","Random House, Easton Press, Blackstone Audio, Inc., Penguin Books, Limited, Tandem Library",9780394415765,77,https://openlibrary.org/works/OL731644W,https://covers.openlibrary.org/b/id/362277-M.jpg,Open Library API
1936,,,Anthem,Ayn Rand,3.490196,51.0,,,"Fiction, Individuality, Time travel in fiction, Individuality in fiction, collectivism, Time travel, Psychology, Men, Men in fiction, Man-woman relationships",,1936,"eng, ger, dut","West Margin Press, Simon & Brown, Plume, 12th Media Services, New American Library",1609422414,103,https://openlibrary.org/works/OL731737W,https://covers.openlibrary.org/b/id/802982-M.jpg,Open Library API
1936,,,Anne of Windy Poplars,Lucy Maud Montgomery,3.625,16.0,,,"Juvenile fiction, High school principals, High schools, French fiction, Translations from English, Children's fiction, Prince edward island, fiction, Teachers, fiction, Shirley, anne (fictitious character), fiction, Teachers",,1936,"ger, eng, fre, pol, dan, spa, chi, jpn, swe","Frederick A. Stokes Company, Ren Kitap, Bellona, Chambers Harrap Publishers Ltd, Sourcebooks Fire",1540850129,310,https://openlibrary.org/works/OL77751W,https://covers.openlibrary.org/b/id/14640411-M.jpg,Open Library API
1936,,,The Story of Ferdinand,"Munro Leaf, Robert Lawson",4.428571,21.0,,,"Juvenile fiction, Fiction, Spanish language materials, Bulls, Bullfights, Children's fiction, Animals, fiction, Children's stories, Flowers, Odor",,1936,"lat, spa, eng, jpn, chi, fre, ger","Loguez Ediciones, Live Oak Media, Yuan liu chu ban shi ye gu fen you xian gong si, Buccaneer Books, David R Godine",9780670674275,70,https://openlibrary.org/works/OL4649312W,https://covers.openlibrary.org/b/id/6716679-M.jpg,Open Library API
1936,,,Murder in Mesopotamia,Agatha Christie,4.214286,14.0,,,"Fiction, Hercule Poirot (Fictitious character), Private investigators, Belgians, Americans, Archaeologists, Mystery, Large type books, Excavations (Archaeology), Utgrävningar",,1936,"ger, rum, eng, spa, chi, ita, dut, jpn, fin, fre","Le Livre de Poche, Yuan jing chu ban gong si, The Audio Partners, RBA LIBROS, Dell Publishing Company",9781405088411,108,https://openlibrary.org/works/OL472572W,https://covers.openlibrary.org/b/id/12855104-M.jpg,Open Library API
1936,,,Gone With the Wind,Margaret Mitchell,3.7058823,51.0,,,"survival, slavery, Bildungsroman, open_syllabus_project, history, historical fiction, war stories, United States Civil War, Women, Open Library Staff Picks",,1936,"ger, heb, vie, spa, und, jpn, slv, dut, gre, eng, per, por, rus, chi, hrv, kor, nor, cze, ita, fin, ara, fre","International Collectors Library, Gallimard, Wildside Press, LLC, Ediciones B, Penguin Random House",9798731280778,244,https://openlibrary.org/works/OL267933W,https://covers.openlibrary.org/b/id/14817133-M.jpg,Open Library API
1936,,,Cards on the Table,Agatha Christie,3.875,16.0,,,"Fiction, Hercule Poirot (Fictitious character), Private investigators, Private investigators in fiction, Detective and mystery stories, Mystery, Poirot, Hercule (Fictitious character) Fiction, Zhen tan xiao shuo, Chang pian xiao shuo, Fiction, mystery & detective, general",,1936,"ger, eng, tur, spa, ita, chi, fre","Le Livre de Poche, Yuan jing chu ban gong si, Planeta DeAgostini, Dell Publishing Company, Harpercollins",0785748601,107,https://openlibrary.org/works/OL471637W,https://covers.openlibrary.org/b/id/6469172-M.jpg,Open Library API
1936,,,The A.B.C. Murders,Agatha Christie,4.0677967,59.0,,,"Fiction, Mystery, Agatha Christie, Hercule Poirot (Fictitious character), Series, #13, Classic, British, Literature, Stories",,1936,"gre, ger, eng, jpn, pol, spa, chi, ita, dut, rus, ara, fre","Collins for the Crime Club, Espasa, A. Mondadori, Yuan liu chu ban shi ye gu fen you xian gong si, HarperCollins Publishers",9780671600631,142,https://openlibrary.org/works/OL471509W,https://covers.openlibrary.org/b/id/14573514-M.jpg,Open Library API
1936,,,The Talisman Ring,Georgette Heyer,4.1666665,6.0,,,"1930s, Open Library Staff Picks, Smugglers, fiction, Fugitives from justice, fiction, Aristocracy (Social class), fiction, Fiction, Romance, Historical, Regency, England, fiction, Large type books",,1936,"eng, ger","Dtv, Mandarin, Amereon Ltd, Bantam Books, ISIS Large Print Books",1407099353,41,https://openlibrary.org/works/OL4092602W,https://covers.openlibrary.org/b/id/6923095-M.jpg,Open Library API
1936,,,"Absalom, Absalom!",William Faulkner,4.5,10.0,,,"Fiction, Plantation life, Sutpen family (Fictitious characters), Facsimiles, Textual Criticism, American Manuscripts, Sutpen family (Fictitious character), American Historical fiction, American fiction, Manuscripts",,1936,"spa, fre, gre, eng, por","Random House, Incorporated, Vintage Books, ValdeBooks, Cátedra, Independently Published",9780318543574,58,https://openlibrary.org/works/OL82928W,https://covers.openlibrary.org/b/id/8292960-M.jpg,Open Library API
1937,,,The Hobbit,J.R.R. Tolkien,4.2851324,491.0,,,"Fantasy, Arkenstone, Battle of Five Armies, invisibility, thrushes, eagles, hobbits, wizards, dragons, dwarves",,1937,"tur, vie, jpn, ita, gle, bre, dan, bul, lat, pol, yid, por, ger, rus, swe, nob, dut, rum, cor, ang, heb, epo, cat, spa, fin, eng, lez, fre, cze, chi","Del Rey Books, Brand: BBC Audiobooks America, HarperCollins UK, Lian jing chu ban shi ye gu fen you xian gong si, The Random House Publishing Group",9780007525492,462,https://openlibrary.org/works/OL27482W,https://covers.openlibrary.org/b/id/14627509-M.jpg,Open Library API
1937,,,Of Mice and Men,John Steinbeck,3.9932432,296.0,,,"contemporary fiction, literary fiction, classics, Labor Trilogy, psychological fiction, Male friendship, Goal (Psychology), western stories, Fiction, Vida ranchera",,1937,"tur, jpn, vie, ita, kor, ice, guj, baq, per, yid, por, ger, swe, dut, tmh, rum, cau, heb, cat, spa, eng, und, fre, chi","Heinemann New Windmills, Sel Yayıncılık, Editorial Luis Vives (Edelvives), Laffont, Tairinsha",1440633908,292,https://openlibrary.org/works/OL23204W,https://covers.openlibrary.org/b/id/14319003-M.jpg,Open Library API
1937,,,雪国,川端康成,3.4666667,15.0,,,"Fiction, Fiction, general, Japan, fiction, Fiction, romance, general, Asian literature",,1937,"jpn, chi, rus, dut, fre, ita, eng, spa, ger, ind","Berkley Publishing Corporation, Limited Editions Club, Berkley Medallion, Dom Quixote, LGF",9780140082135,64,https://openlibrary.org/works/OL2045111W,https://covers.openlibrary.org/b/id/421172-M.jpg,Open Library API
1937,,,Death on the Nile,Agatha Christie,4.2,25.0,,,"Belgians, Fiction, Hercule Poirot (Fictitious character), Private investigators, English Detective and mystery stories, murder, Historical Fiction, Mystery, Romance, Poirot, Hercule (Personaje literario)",,1937,"gre, ger, heb, eng, jpn, pol, spa, rus, ita, chi, fin, ara, fre","Rba Libros, Collins for the Crime Club, Harper Collins, Fontana/Collins, Espasa",9782702478417,187,https://openlibrary.org/works/OL471724W,https://covers.openlibrary.org/b/id/14066646-M.jpg,Open Library API
1937,,,Their Eyes Were Watching God,Zora Neale Hurston,4.163265,49.0,,,"African American women, Fiction, Psychology, Self-realization, Florida, fiction, African americans, fiction, Fiction, psychological, African american women in literature, African americans, Allegories",,1937,eng,"J.B. Lippincott Co., Grupo Editorial Lumen, S.A., Perennial Classics, G.K. Hall, Ryerson Pressbooks",9780060838676,66,https://openlibrary.org/works/OL27778127W,https://covers.openlibrary.org/b/id/12752055-M.jpg,Open Library API
1937,,,On the Banks of Plum Creek,Laura Ingalls Wilder,4.0454545,22.0,,,"Fiction, Juvenile fiction, Frontier and pioneer life, Family life, Families, Family, Social life and customs, Newbery Honor, Children's fiction, Minnesota, fiction",,1937,"heb, jpn, spa, pol, ice, ger, eng, rus, fre, chi","harper & brothers publishers, Editorial Noguer, HarperTrophy, a division of HarperCollins,, Harper & brothers, HarperCollins Publishers",9780317536539,82,https://openlibrary.org/works/OL1719794W,https://covers.openlibrary.org/b/id/30787-M.jpg,Open Library API
1937,,,Dumb Witness,Agatha Christie,4.0,11.0,,,"Fiction, Hercule Poirot (Fictitious character), Private investigators, Private investigators in fiction, Mystery, Murder, Last letters before death, Investigation, Large type books, Accidents",,1937,"ger, heb, eng, pol, spa, ita, dut, chi, fre","Collins for the Crime Club, Harpercollins, Bantam Books, Inc., Dodd, Mead & Company, Champs-Elysees",0008129568,97,https://openlibrary.org/works/OL472189W,https://covers.openlibrary.org/b/id/14578123-M.jpg,Open Library API
1937,,,Wet Magic,Edith Nesbit,2.0,2.0,,,"Fantasy fiction, Fantasy, Children's fiction, Magic, fiction, Mermaids, fiction",,1937,eng,"Pixabay, Benn, SeaStar Books, Standard Ebooks, Audio Book Contractors",1545457743,166,https://openlibrary.org/works/OL99513W,https://covers.openlibrary.org/b/id/854565-M.jpg,Open Library API
1937,,,Star Maker,Olaf Stapledon,2.75,4.0,,,"Fiction, general, Fiction in English, Science fiction, Fiction, Cosmology, Long Now Manual for Civilization, Fiction, science fiction, general, English literature, English Science fiction",,1937,eng,"Wesleyan University Press, Penguin Books, Limited, Cem Yayinevi, J.P. Tarcher, Brand: Important Books",9780819566935,77,https://openlibrary.org/works/OL3290739W,https://covers.openlibrary.org/b/id/911107-M.jpg,Open Library API
1937,,,And to think that I saw it on Mulberry Street,Dr. Seuss,4.2222223,18.0,,,"Children's stories, Fiction, Imagination, Juvenile fiction, Spanish language materials, Stories in rhyme, Children's fiction, Imagination, fiction, Children's picture books, Boys",,1937,"spa, eng","HarperCollins, Scholastic Paperbacks, The Vanguard press, HarperCollins Publishers (New Zealand), Random House Books for Young Readers",9780007865178,20,https://openlibrary.org/works/OL1898303W,https://covers.openlibrary.org/b/id/5391016-M.jpg,Open Library API
1938,,,Rebecca,Daphne du Maurier,4.163265,49.0,,,"Married women, Cornwall (England : County), Remarriage, Remarried people, Fiction, Drama, Suspense fiction, Open Library Staff Picks, English fiction, Wives",,1938,"gre, ger, heb, eng, pol, vie, spa, rus, ita, chi, fre","The Sun Dial Press, Little, Brown Book Group Limited, Guild Publishing, International Collectors Library, Plaza & Janes S.A.,Spain",9788401462726,200,https://openlibrary.org/works/OL36633W,https://covers.openlibrary.org/b/id/8238729-M.jpg,Open Library API
1938,,,Appointment with Death,Agatha Christie,3.6666667,15.0,,,"Belgians, Belgians in fiction, Fiction, Fiction inEnglish, Hercule Poirot (Fictitious character), Private investigators, Private investigators in fiction, Detective and mystery stories, English Detective and mystery stories, Americans",,1938,"hin, ger, heb, eng, pol, spa, ita, chi, fre","La Nacion, Yuan jing chu ban gong si, Collins for the Crime Club, published for The Crime Club by Collins, Dell Publishing Company",8467058692,111,https://openlibrary.org/works/OL471667W,https://covers.openlibrary.org/b/id/14561660-M.jpg,Open Library API
1938,,,Out of the Silent Planet,C. S. Lewis,4.0,32.0,,,"Linguists, Elwin Ransom (Fictitious character), Readers, Philologists, Science fiction, College teachers, Life on other planets, Fiction, Good and evil, Fantasy fiction",,1938,"eng, pol","Avon Pub. Co., John Lane, Blackstone Audiobooks, Turtleback Books Distributed by Demco Media, Scribner Classics",8385541780,65,https://openlibrary.org/works/OL71166W,https://covers.openlibrary.org/b/id/9321665-M.jpg,Open Library API
1938,,,La nausée,Jean-Paul Sartre,3.9545455,22.0,,,"Existentialism, Fiction, Litterature francaise, Ecrivains, Romans, nouvelles, Psychanalyse, French novellas, Psychoanalysis, Self-hate (Psychology), Translations into English",,1938,"per, fre, eng, spa, swe, rus, fin, ita","Rodopi, Editorial Sol 90, Losada/Argentina, Penguin Books, Limited, New Directions Publishing Corp.",9782070368051,98,https://openlibrary.org/works/OL1161171W,https://covers.openlibrary.org/b/id/9393973-M.jpg,Open Library API
1938,,,The reluctant dragon,"Kenneth Grahame, Jim Weiss, Ernest H. Shepard, Michael Hague",4.25,8.0,,,"Fiction, Dragons, Juvenile fiction, Fairy tales, Fairy plays, Fantasy, Friendship, Compromise (Ethics), Children's fiction, Dragons, fiction",,1938,eng,"Holt, Rinehart, and Winston, Tandem Library, Puffin, Andre Deutsch Ltd, The Well-Trained Mind Press",9798442512304,228,https://openlibrary.org/works/OL69602W,https://covers.openlibrary.org/b/id/6557137-M.jpg,Open Library API
1938,,,The sword in the stone,T. H. White,4.2222223,9.0,,,"Adaptations, Arthurian romances, Britons, Children's stories, Classic Literature, Fiction, Folklore, Juvenile fiction, Kings and rulers, Knights and knighthood",,1938,"eng, und, ita","HarperCollins Publishers Canada, Limited, Mursia, COLLINS, HarperCollins Children's Books, Thomas T. Beeler Publisher",9780006742005,74,https://openlibrary.org/works/OL1388027W,https://covers.openlibrary.org/b/id/12387482-M.jpg,Open Library API
1938,,,Brighton rock,Graham Greene,2.5,2.0,,,"Fiction, Gangsters, Organized crime, Psychopaths, Teenage boys, Fiction / General, Gangs, Fiction, suspense, England, fiction, Greene, graham, 1904-1991",,1938,"swe, chi, und, ita, eng","William Heinemann Ltd, Penguin UK, Penguin Classics, Macmillan Collector's Library, Edito-Service",1857151461,72,https://openlibrary.org/works/OL106083W,https://covers.openlibrary.org/b/id/7899030-M.jpg,Open Library API
1938,,,The Code of the Woosters,P. G. Wodehouse,3.9230769,13.0,,,"Bertie Wooster (Fictitious character), Open Library Staff Picks, Valets, Single men, Fiction, Classic Literature, Jeeves (Fictitious character), Jeeves (fictitious character), fiction, Wooster, bertie (fictitious character), fiction, Fiction, humorous",,1938,eng,"The Audio Partners, Blackstone Audiobooks, Arrow, P. F. Collier, Simon and Schuster",1597771929,34,https://openlibrary.org/works/OL1337126W,https://covers.openlibrary.org/b/id/254199-M.jpg,Open Library API
1938,,,A Blunt Instrument,Georgette Heyer,3.1666667,6.0,,,"1930s, Contemporary, Country homes, Detective and mystery stories, Fiction, Fiction in English, Investigation, Murder, Police, Suspense",,1938,"eng, ger","Panther, Poisoned Pen Press, Sourcebooks, Incorporated, Chivers, Chivers Audio Books",0099493659,49,https://openlibrary.org/works/OL4092518W,https://covers.openlibrary.org/b/id/6924145-M.jpg,Open Library API
1938,,,The death of the heart,Elizabeth Bowen,4.3333335,3.0,,,"Fiction in English, Classic fiction, Young women, Fiction, Adolescence, Separation (Psychology), British and irish fiction (fictional works by one author), Fiction, general",,1938,eng,"Penguin Classics, Vintage Books, Jonathan Cape, Penguin in association with Jonathan Cape, Penguin Books",9780224600521,28,https://openlibrary.org/works/OL724067W,https://covers.openlibrary.org/b/id/71487-M.jpg,Open Library API
1939,,,And Then There Were None,Agatha Christie,4.240964,166.0,,,"Roman policier, French language materials, Français (langue), Lectures et morceaux choisis, cyanide poisoning, chloral hydrate, potassium cyanide, Scotland Yard, coroners, message in a bottle",,1939,"dut, heb, vie, jpn, ita, spa, fre, pol, gre, fin, ger, eng, hrv, rus, por, hun, chi","Alfred Scherz Verlag, RosettaBooks, Jing xiao zhe Xing guang shu bao she, Independently published, Gallimard",0062490370,214,https://openlibrary.org/works/OL471565W,https://covers.openlibrary.org/b/id/11172296-M.jpg,Open Library API
1939,,,The Grapes of Wrath,John Steinbeck,3.9252336,107.0,,,"Labor camps, Depressions, Labor camps in literature, Classic Literature, Open Library Staff Picks, Pulitzer Prize Winner, Fiction, Migrant agricultural laborers in literature, award:pulitzer_prize=1940, open_syllabus_project",,1939,"tur, jpn, vie, ita, kor, ice, pol, per, ger, swe, tib, dut, gre, heb, cat, spa, eng, und, fre, chi","Sel Yayıncılık, Lectorum Pubns Inc (J), Uitgeverij De lage landen, n.v., Cram Cassettes, J.G. FERGUSON PUBLISHING COMPANY",1407477498,321,https://openlibrary.org/works/OL23205W,https://covers.openlibrary.org/b/id/12715902-M.jpg,Open Library API
1939,,,The Once and Future King,T. H. White,4.090909,33.0,,,"Adaptations, Arthur,, Arthur, in fiction, Arthurian romances, Britons, Britons in fiction, English Fantasy fiction, English Historical fiction, Fantasy fiction, Fiction",,1939,"rus, spa, eng, heb","International Collectors Library, HarperCollins Publishers, Geleos, HarperCollins Publishers Limited, Independently Published",0002216019,81,https://openlibrary.org/works/OL1388028W,https://covers.openlibrary.org/b/id/6630521-M.jpg,Open Library API
1939,,,Hercule Poirot's Christmas,Agatha Christie,4.0454545,22.0,,,"Hercule Poirot (Fictitious character), Private investigators, Murder, Christmas stories, Fiction, Investigadores privados, Navidad, Novela policíaca inglesa, Poirot, Hercule (Personaje literario), Ficción",,1939,"ger, heb, eng, tur, pol, spa, swe, por, chi, fre","Collins for the Crime Club, Harpercollins, BOOKET, Dodd, Mead & Company, Wydaw. Dolnośląskie",9780553267952,110,https://openlibrary.org/works/OL471841W,https://covers.openlibrary.org/b/id/12855074-M.jpg,Open Library API
1939,,,The Big Sleep,Raymond Chandler,4.090909,22.0,,,"Fiction, Philip Marlowe (Fictitious character), Private investigators, Detective and mystery stories, Women, General, Fiction, mystery & detective, hard-boiled, Marlowe, philip (fictitious character), fiction, California, fiction, Los angeles (calif.), fiction",,1939,"bul, ita, spa, pol, por, ger, eng, swe, fre, chi","Chivers, Vintage Books, Vintage Crime/Black Lizard, Knopf Doubleday Publishing Group, ValdeBooks",0194791653,116,https://openlibrary.org/works/OL15400582W,https://covers.openlibrary.org/b/id/7268475-M.jpg,Open Library API
1939,,,Anne of Ingleside,Lucy Maud Montgomery,3.625,8.0,,,"Children's fiction, Shirley, anne (fictitious character), fiction, Prince edward island, fiction, Family life, fiction, Marriage, fiction, Chang pian xiao shuo, Juvenile fiction, Country life, Islamic law",,1939,"ara, spa, eng, pol, chi, fre, ger","McClelland and Stewart-Bantam, Québec Amérique, Independently Published, Sourcebooks, Incorporated, 可筑書房",9798548418579,280,https://openlibrary.org/works/OL77747W,https://covers.openlibrary.org/b/id/14640696-M.jpg,Open Library API
1939,,,The Enchanted Wood,Enid Blyton,4.25,16.0,,,"Children's stories, Magic, fiction, Children's fiction, Faraway tree (imaginary place), fiction, Magic, Juvenile fiction, Friendship, Premier's reading challenge (N.S.W.) grades 3-4, Forests and forestry, fiction, Tree houses, fiction",,1939,eng,"George Newnes Limited, Egmont, eBookit.com, Budget Books, Red Fox",0600331687,37,https://openlibrary.org/works/OL1948444W,https://covers.openlibrary.org/b/id/14599599-M.jpg,Open Library API
1939,,,Sad Cypress,Agatha Christie,4.1,10.0,,,"Fiction, Hercule Poirot (Fictitious character), Private investigators, Detective and mystery stories, Historical Fiction, Mystery, Romance, Fiction, mystery & detective, general, Poirot, hercule (fictitious character), fiction, Private investigators, fiction",,1939,"eng, fre, spa, heb, pol, ger","BBC Audiobooks, FONTANA, BBC Physical Audio, Perfect Bound, HarperCollins Publishers Ltd",9782702413401,86,https://openlibrary.org/works/OL471870W,https://covers.openlibrary.org/b/id/6559532-M.jpg,Open Library API
1939,,,The confidential agent,Graham Greene,3.25,8.0,,,"Fiction, Spy Thrillers, Mystery and detective stories, Fiction, general, British and irish fiction (fictional works by one author), Continental european fiction (fictional works by one author)",,1939,"eng, fre, dan, und, fin, per","Penguin, Penguin books : in association with William Heinemann, Kustannusosakeyhtiö Tammi, Sun Dial Press, Chivers",2020069423,48,https://openlibrary.org/works/OL106076W,https://covers.openlibrary.org/b/id/97527-M.jpg,Open Library API
1939,,,Johnny Got His Gun,Dalton Trumbo,4.071429,14.0,,,"Fiction, World War, 1914-1918, Disfigured persons, Disabled veterans, Psychological aspects of World War, 1914-1918, Veterans, Soldiers, People with disabilities, American fiction (fictional works by one author), Veterans, fiction",,1939,"ger, eng, spa, chi, fre","Ace Star, Amereon Limited, Solin / Boréal, Carol Publishing Corporation, Citadel Press",9780141189819,42,https://openlibrary.org/works/OL2269514W,https://covers.openlibrary.org/b/id/12719037-M.jpg,Open Library API
1940,,,The Long Winter,Laura Ingalls Wilder,4.0434785,23.0,,,"Blizzards, Juvenile fiction, Families, Frontier and pioneer life, Spanish language materials, Fiction, Frontier and pioneer life, fiction, Children's fiction, Social life and customs, Frontier and life",,1940,"ger, heb, eng, pol, spa, und, chi, fre","Harpercollins, Flammarion, Agencja KRIS, harper& row, publishers, HarperCollins Publishers",0060885424,62,https://openlibrary.org/works/OL1719759W,https://covers.openlibrary.org/b/id/4967658-M.jpg,Open Library API
1940,,,For Whom the Bell Tolls,Ernest Hemingway,3.64,25.0,,,"Spain in fiction, Fiction, History, Spanish Civil War, Americans, open_syllabus_project, Guerrilla warfare, Foreign Participation, Novelas españolas, Military participation",,1940,"por, ger, eng, rus, hun, pol, fre, spa, ara, chi, jpn, dut, ita, kor, bul, slo, vie","Zaklad Narodowy Imienia Ossolinskich, Princeton university press, Wan xiang shu dian, Penguin Books Ltd, Altin Kitaplar",0816159688,185,https://openlibrary.org/works/OL63009W,https://covers.openlibrary.org/b/id/2560810-M.jpg,Open Library API
1940,,,Sleeping Murder,Agatha Christie,4.142857,14.0,,,"Fiction, Jane Marple (Fictitious character), Women detectives, Women detectives in fiction, Mystery, Large type books, English Detective and mystery stories, Translations into French, English literature, Fiction, mystery & detective, traditional",,1940,"ger, eng, tur, spa, ita, chi, fre","DolnoÅ›lÄ…skie, HARPER COLLINS 1 PAP, The Audio Partners, HARPERCOLLINS, Librairie générale française",9752109519,117,https://openlibrary.org/works/OL472250W,https://covers.openlibrary.org/b/id/10247294-M.jpg,Open Library API
1940,,,The Corinthian,Georgette Heyer,4.428571,7.0,,,"Open Library Staff Picks, Fiction, Romance, Historical, Regency, Arranged marriage, fiction, Social life and customs, fiction, Nobility, fiction, Young women, fiction, Great Britain, fiction, Marriage, fiction, Man-woman relationships, fiction",,1940,eng,"Sourcebooks, Incorporated, F.A. Thorpe Ulverscoft, Pan, Chivers Audio Books, Yestermorrow",1282271636,36,https://openlibrary.org/works/OL4092656W,https://covers.openlibrary.org/b/id/6941376-M.jpg,Open Library API
1940,,,The Heart is a Lonely Hunter,Carson McCullers,4.0869565,23.0,,,"American fiction (fictional works by one author), Friendship, fiction, Georgia, fiction, Fiction, Teenage girls, Racism, Deaf, Suicide victims, Friendship, Allegories",,1940,"per, dut, chi, eng, spa, ger","Bantam Books, Diogenes Verlag, Houghton Mifflin, Scherz & Goverts, Penguin Books, Limited",9780451005960,64,https://openlibrary.org/works/OL11081469W,https://covers.openlibrary.org/b/id/394799-M.jpg,Open Library API
1940,,,The Quiet American,Graham Greene,3.952381,21.0,,,"Americans, British, Fiction, Fiction in English, German language books, Indochinese War, 1946-1954, Journalists, Politics and government, Triangles (Interpersonal relations), War correspondents",,1940,"ger, heb, eng, vie, spa, rus, slo, dut, chi, fre, hun","Viking Press, Inostrannoĭ Literatury, Edito-Service S.A., Blackstone Audiobooks, heineman",9788482809335,96,https://openlibrary.org/works/OL106081W,https://covers.openlibrary.org/b/id/6783126-M.jpg,Open Library API
1940,,,Flame of Diablo,Sara Craven,3.5,8.0,,,"Fiction, romance, contemporary fiction in english",,1940,"eng, und","Thorndike Pr (Largeprint), Mills & B., Harlequin Enterprises ULC, Mills and Boon, Mills & Boon",9780373103317,9,https://openlibrary.org/works/OL3467508W,https://covers.openlibrary.org/b/id/6896477-M.jpg,Open Library API
1940,,,The power and the Glory,Graham Greene,4.2727275,11.0,,,"Anti-clericalism, Catholic Church, Catholics, Clergy, Fiction, Persecution, Social life and customs, Classics, Multicultural, Supsense",,1940,"fre, eng, chi, spa, ger, dan, und, pol, jpn","Gyldendal, Viking press, Curley Pub., Lythway Press, Promexa",0099286092,67,https://openlibrary.org/works/OL106084W,https://covers.openlibrary.org/b/id/4345363-M.jpg,Open Library API
1940,,,"One, Two, Buckle My Shoe",Agatha Christie,3.7272727,11.0,,,"Fiction, Hercule Poirot (Fictitious character), Private investigators, Chief Inspector Japp (Fictitious character), English Detective and mystery stories, Police, Mystery, Murder, Dentists, Crimes against",,1940,"eng, ita, fre, fin, pol, spa, und, ara, slv, ger, por","Librairie Des Champs-Elysees, BBC Audiobooks, fontana books, HarperCollins Publishers Ltd, Planet Three Publishing Network",9780007860821,104,https://openlibrary.org/works/OL471702W,https://covers.openlibrary.org/b/id/14586349-M.jpg,Open Library API
1940,,,Sonnenfinsternis,Arthur Koestler,4.2,15.0,,,"Fiction, History, Moscow Trials, Moscow, Russia, 1936-1937, Political prisoners, Totalitarianism, Revolution, 1917-1921, Russia, Soviet union, fiction, Fiction, historical, Fiction, legal",,1940,"gre, ger, heb, eng, pol, spa, und, dut, rus, fre","Destino, Zemorah, Bitan, Landsborough, Time, Inc, New American Library",2253003417,119,https://openlibrary.org/works/OL804246W,https://covers.openlibrary.org/b/id/368797-M.jpg,Open Library API
1941,,,Little Town on the Prairie,Laura Ingalls Wilder,3.8421052,19.0,,,"Families, Frontier and pioneer life, Family, Juvenile fiction, Family life, Fiction, Newbery Honor, Children's fiction, Frontier and pioneer life, fiction, South dakota, fiction",,1941,"fre, heb, dut, eng, chi, spa, pol","Ueberreuter Verlag, Egmont Books Ltd, HarperCollins Children's Books, Harper & Brothers Publishers, Tandem Library",0060264519,58,https://openlibrary.org/works/OL1719805W,https://covers.openlibrary.org/b/id/49861-M.jpg,Open Library API
1941,,,Evil Under the Sun,Agatha Christie,3.68,25.0,,,"Hercule Poirot (Fictitious character), Private investigators, Detective and mystery stories, Open Library Staff Picks, Detectives, Fiction, Belgians, Mystery, English literature, Murder",,1941,"fin, vie, spa, eng, ita, rus, pol, chi, fre, ger","Wydawnictwo Hachette, Distributed by Workman Pub. Co., Independently Published, Collins for the Crime Club, Altin Kitaplar",0671706128,120,https://openlibrary.org/works/OL472049W,https://covers.openlibrary.org/b/id/13671433-M.jpg,Open Library API
1941,,,N or M?,Agatha Christie,3.7272727,11.0,,,"Fiction, Married people, Mystery, Private investigators, Tommy Beresford (Fictitious character), Tuppence Beresford (Fictitious character), Spy stories, Large type books, Fiction, mystery & detective, traditional, London (england), fiction",,1941,"fre, heb, eng, chi, spa, gre, ger, cze, ita","Center Point Large Print, Putnam Adult, HARPER COLLINS PUBLICATION LTD, Lychnari, HarperCollins Publishers",9782702413913,76,https://openlibrary.org/works/OL472130W,https://covers.openlibrary.org/b/id/14589804-M.jpg,Open Library API
1941,,,Faro's Daughter,Georgette Heyer,4.375,8.0,,,"Fiction, Romance, Historical, Regency, Social life and customs, England, fiction, Fiction",,1941,"eng, ger","Mandarin, Sourcebooks, Incorporated, DoubleDay, Chivers Audio Books, Rowohlt",9780749305130,35,https://openlibrary.org/works/OL4092555W,https://covers.openlibrary.org/b/id/7001467-M.jpg,Open Library API
1941,,,Curious George,"H. A. Rey, Margret Rey",4.04,25.0,,,"Monkeys, Curious George (Fictitious character), Readers, Spanish language, Fiction, Monos, Spanish language materials, Giraffe, Big books, Bilingual",,1941,"jpn, spa, eng, ger","Tandem Library, HMH Books, Houghton Mifflin Company, Diogenes Verlag, Houghton Mifflin Co.",9780782481310,21,https://openlibrary.org/works/OL2023849W,https://covers.openlibrary.org/b/id/6482322-M.jpg,Open Library API
1941,,,Paddle-to-the-Sea,Holling Clancy Holling,5.0,2.0,,,"Juvenile fiction, Fiction, Canoes and canoeing, Indians of North America, Children's fiction, Saint lawrence river, fiction, Great lakes (north america), fiction, collectionID:caldecotthonor40",,1941,eng,"Tandem Library, Perfection Learning Prebound, Houghton Mifflin, Audio Bookshelf, Blackstone Audiobooks",0395150825,13,https://openlibrary.org/works/OL4528062W,https://covers.openlibrary.org/b/id/7019882-M.jpg,Open Library API
1941,,,Death and the Dancing Footman,Ngaio Marsh,4.2,5.0,,,"Fiction, Fiction in English, Mystery, Police, Roderick Alleyn (Fictitious character), History, Detective and mystery stories, Fiction, mystery & detective, general, Alleyn, roderick (fictitious character), fiction, Fiction, mystery & detective, police procedural",,1941,"ger, dut, spa, eng","Little, Brown, Jove, HarperCollins Publishers Ltd, Ulverscroft, HarperCollins",0884114775,35,https://openlibrary.org/works/OL460819W,https://covers.openlibrary.org/b/id/184469-M.jpg,Open Library API
1941,,,Traitor's purse,Margery Allingham,3.25,4.0,,,"Fiction, Private investigators, Private investigators in fiction, Albert Campion (Fictitious character), Fiction in English, Campion, albert (fictitious character), fiction, Fiction, mystery & detective, general, Large type books, Fiction, mystery & detective, traditional, England, fiction",,1941,eng,"Tuttle+publishing, Aeonian Pr, Carroll & Graf Publishers, Sun Dial Press, Chivers Press",9780786704477,30,https://openlibrary.org/works/OL2004315W,https://covers.openlibrary.org/b/id/823124-M.jpg,Open Library API
1941,,,Dragon Seed (Progress English),"Pearl S. Buck, Adam Verner, Ellen O'Connor",4.25,4.0,,,"Peace, World War, 1939-1945, American Historical fiction, Fiction, Fiction in English, History, Families, Historical fiction, Family, Domestic fiction",,1941,"chi, vie, fre, ita, eng, spa, ger","Methuen & Co LTD. London, Day, NXB Văn nghue, Cardinal, Moyer Bell Ltd.",9781559213356,47,https://openlibrary.org/works/OL1140131W,https://covers.openlibrary.org/b/id/3324534-M.jpg,Open Library API
1941,,,The last tycoon,F. Scott Fitzgerald,2.5,2.0,,,"Fiction, Facsimiles, Motion picture industry, American Manuscripts, Manuscripts, Fiction in English, American fiction, Man-woman relationships, American fiction (fictional works by one author), Motion picture industry, fiction",,1941,"eng, spa, ger, fre","Collier Books, Gallimard, Cambridge University Press, HarperCollins Publishers, Scrinber's",9781982147730,63,https://openlibrary.org/works/OL468451W,https://covers.openlibrary.org/b/id/5412044-M.jpg,Open Library API
1942,,,La Peste,Albert Camus,4.121212,33.0,,,"Fiction, Plague, Plague in literature, Epidemics, Peste bubónica, FICTION / Classics, FICTION / Psychological, FICTION / Literary, Continental european fiction (fictional works by one author), Medicine in Literature",,1942,"ger, heb, rum, eng, tur, pol, spa, per, swe, por, dut, chi, fin, fre, arm","Brand: Paw Prints 2008-07-10, Hermes, Gallimard, Livre de Poche, Penguin Books Canada, Limited",9798648795143,280,https://openlibrary.org/works/OL1230715W,https://covers.openlibrary.org/b/id/13151272-M.jpg,Open Library API
1942,,,L’étranger,Albert Camus,4.0826445,121.0,,,"Philosophical Novels, Murder, Fiction, Medicine in Literature, French, Novelas francesas, Asesinato, Ficción, Relatos de aventuras, Critique et interprétation",,1942,"ger, heb, pol, vie, spa, jpn, dut, hin, jav, kur, eng, mul, per, wel, swe, por, chi, ita, ara, fre","Planeta DeAgostini, FREMEAUX, Editions Gallimard, Gallimard, Penguin Random House",9798779255943,468,https://openlibrary.org/works/OL1230613W,https://covers.openlibrary.org/b/id/13151269-M.jpg,Open Library API
1942,,,Five Little Pigs,Agatha Christie,4.0,19.0,,,"Hercule Poirot (Fictitious character), Private investigators, Detective and mystery stories, Open Library Staff Picks, Fiction, Mystery, Large type books, Murder, Investigation, False imprisonment",,1942,"heb, ita, spa, ger, eng, fre, chi","Scherz, Ulverscroft, LIBRAIRIE DES CHAMPS ELYSEES, HarperCollins Publishers, Rba Libros",0007659504,110,https://openlibrary.org/works/OL471666W,https://covers.openlibrary.org/b/id/14578138-M.jpg,Open Library API
1942,,,Brave New World and Brave New World Revisited,Aldous Huxley,4.1190476,42.0,,,"Fiction, Science Fiction, Family, Freedom, Collectivism, Genetic engineering, Totalitarianism, Brainwashing, Culture, Dystopias",,1942,"eng, spa, ger","Flamingo (HarperCollins), Chatto & Windus, Harper & Row, Heron Books, Audio Renaissance",0060187220,27,https://openlibrary.org/works/OL64440W,https://covers.openlibrary.org/b/id/35568-M.jpg,Open Library API
1942,,,Five on a Treasure Island,Enid Blyton,4.318182,22.0,,,"Children: Grades 4-6, Famous Five (Fictitious characters), Juvenile fiction, Children's fiction, Adventure and adventurers, fiction, famous five, kid's book, adventure, Translations from English, Children's stories, German",,1942,"eng, ger, fre","Bertelsmann, München, Edito-Service, Weltbild Verlag, Juventud, Hodder and Stoughton",9798732290356,85,https://openlibrary.org/works/OL1948704W,https://covers.openlibrary.org/b/id/14570937-M.jpg,Open Library API
1942,,,The Runaway Bunny,Margaret Wise Brown,4.071429,14.0,,,"Madre e hijo, Picture books for children, Rabbits, Mothers, Specimens, Runaway children, Children'sstories, Mother and child in fiction, Fiction, Juvenile fiction",,1942,"eng, spa, chi, jpn, fre","Minnesota Humanities Center, Horupu Shuppan, Rayo, Flammarion, Turtleback Books Distributed by Demco Media",7532465527,77,https://openlibrary.org/works/OL151861W,https://covers.openlibrary.org/b/id/8743590-M.jpg,Open Library API
1942,,,The Moving Finger,Agatha Christie,3.7272727,11.0,,,"Fiction, Women detectives, Jane Marple (Fictitious character), Detective and mystery stories, English fiction, Marple, Jane (Fictitious characters), Mystery, Anonymous letters, Gossip, Large type books",,1942,"ger, eng, pol, spa, ita, dut, rus, fre","Collins for the Crime Club, Crime Club / Book Club, Edito-Service, Espasa, A. Mondadori",0440158613,115,https://openlibrary.org/works/OL471905W,https://covers.openlibrary.org/b/id/13672855-M.jpg,Open Library API
1942,,,Snow Treasure,Marie McSwigan,4.285714,7.0,,,"Juvenile fiction, Fiction, Courage, World War, 1939-1945, History, Children's fiction, World war, 1939-1945, fiction, Norway, fiction, Adventure and adventurers, fiction",,1942,eng,"Scholastic, Dutton's Children's Books, Novel Units, Tandem Library, Dutton Juvenile",9781561372850,12,https://openlibrary.org/works/OL5844479W,https://covers.openlibrary.org/b/id/361623-M.jpg,Open Library API
1942,,,The Body in the Library,Agatha Christie,3.85,20.0,,,"Fiction, Mystery, Women detectives, Detective and mystery stories, Jane Marple (Fictitious character), Agatha Christie, Miss Marple, Series, British, Female",,1942,"tur, dut, heb, ita, spa, pol, ger, eng, fre, chi","HarperCollins UK, RBA Libros, M. Mizraḥi, Oscar Mondadori, HarperCollins Publishers and Blackstone Audio",8804507713,127,https://openlibrary.org/works/OL471610W,https://covers.openlibrary.org/b/id/12855259-M.jpg,Open Library API
1942,,,The Moon is Down,John Steinbeck,4.25,12.0,,,"War in fiction, Cities and towns in fiction, Literature, City and town life in fiction, Open Library Staff Picks, World War, 1939-1945 in fiction, Military occupation in fiction, Fiction, Drama, Military occupation",,1942,"tur, dut, jpn, dan, ara, urd, spa, nor, ita, per, por, ger, eng, swe, und, fre, chi","The Viking press,New York, English Theatre Guild, Sun Dial Press., Shanghai chen guang chu ban she fa xing, Mondadori",0141912553,87,https://openlibrary.org/works/OL23200W,https://covers.openlibrary.org/b/id/8239628-M.jpg,Open Library API
1943,,,Le petit prince,Antoine de Saint-Exupéry,4.362832,226.0,,,"adventure, fantasy, friendship, love, childhood, loss, loneliness, Children's fiction, Friendship, fiction, Fantasy fiction",,1943,"epo, por, bre, kor, tgl, kok, zul, gle, per, wel, amh, ota, gsw, ger, lat, rus, pol, fao, grc, ita, tur, fre, heb, hrv, mwl, yue, und, roh, jpn, cze, cat, yid, eng, chi, spa, vie, ina, arm","Archeological Society of Virginia, Penguin Books, Limited, Yaba Yayınları, Beijing Daily, Maksat Kitap",9798504233154,688,https://openlibrary.org/works/OL10263W,https://covers.openlibrary.org/b/id/10708272-M.jpg,Open Library API
1943,,,The Fountainhead,Ayn Rand,3.7619047,42.0,,,"Fiction, Architects, Individualism, Man-woman relationships, Psychology, Philosophical literature, Object (Philosophy), Didactic fiction, Love stories, Objectivism (Philosophy)",,1943,"eng, vie, dut","The Bobbs-Merrill Company, Plume, New American Library, Blackstone Audiobooks, Signet/New American Library",0808519387,61,https://openlibrary.org/works/OL731663W,https://covers.openlibrary.org/b/id/6767765-M.jpg,Open Library API
1943,,,Das Glasperlenspiel,Hermann Hesse,4.229885,87.0,,,"Continental european fiction (fictional works by one author), Psychological games, Fiction, Enlightenment (Buddhism), Spiritual formation, Scholars, Fictional Works Publication Type, German fiction, Manners and Customs, Philosophical fiction",,1943,"ger, eng, spa, rus, fre","Alianza Editorial, Fischer, Suhrkamp, Alianza, Harcourt Brace* Co",9783100315564,73,https://openlibrary.org/works/OL872724W,https://covers.openlibrary.org/b/id/1017235-M.jpg,Open Library API
1943,,,Schachnovelle,Stefan Zweig,3.967742,31.0,,,"Chess, Chrestomathies and readers, Fiction, German language, Readers, German language, readers, Fiction, general, Criticism and interpretation, Chess players, Social isolation",,1943,"dut, spa, kur, fre, cat, chi, eng, ger, heb, tur, por","Yordam, Vicens Vives, Akil Çelen Kitaplar, Montecristo Publishing LLC, Bilgi Yayinevi",9780241305164,243,https://openlibrary.org/works/OL28429W,https://covers.openlibrary.org/b/id/5548285-M.jpg,Open Library API
1943,,,A tree grows in Brooklyn,Betty Smith,4.357143,28.0,,,"Teenage girls, Girls, Fiction, Classic Literature, Poor families, Brooklyn (Nueva York, N.Y.), Muchachas adolescentes, Reading materials, Pobres, Spanish language",,1943,"spa, eng, enm, chi, rus","Harper & Row, William Heinemann Ltd., Mandarin, Harper Perennial Modern Classics 2008, Yi lin chu ban she",1417681411,87,https://openlibrary.org/works/OL78359W,https://covers.openlibrary.org/b/id/14559662-M.jpg,Open Library API
1943,,,Perelandra,C. S. Lewis,3.5384614,13.0,,,"Linguists, Elwin Ransom (Fictitious character), Open Library Staff Picks, Life on other planets, Philologists, Science fiction, College teachers, English Science fiction, Fiction, Good and evil",,1943,"eng, spa, pol","Collier Books, Minotauro, Blackstone Audiobooks, Amereon Limited, HarperCollins Publishers Ltd",9780684823829,43,https://openlibrary.org/works/OL71163W,https://covers.openlibrary.org/b/id/9186044-M.jpg,Open Library API
1943,,,The magic Faraway Tree,Enid Blyton,4.095238,21.0,,,"Children's stories, Children's fiction, Faraway tree (imaginary place), fiction, Fantasy fiction, magic, kid's book, Children: Grades 4-6, Enchanted Wood (Imaginary place), Juvenile fiction, Imagination in children",,1943,eng,"Independently Published, Hachette Children's Group, Unknown Publisher, Egmont Books (UK), Egmont Books, Limited",0603575498,48,https://openlibrary.org/works/OL1948587W,https://covers.openlibrary.org/b/id/14605635-M.jpg,Open Library API
1943,,,The long ships,Frans Gunnar Bengtsson,4.0,28.0,,,"Swedish fiction, Vikings, Fiction, Middle Ages, sea stories, historical fiction, Tenth century, Fiction, historical, general, Fiction, action & adventure, Roman historique suédois",,1943,"eng, swe, dan, ger","Edito-Service, dtv, Alfred A. Knopf, Buccaneer Books, P. A. Norstedt Soner Forlag",9780451024916,43,https://openlibrary.org/works/OL257663W,https://covers.openlibrary.org/b/id/8121157-M.jpg,Open Library API
1943,,,The Mystery of the Burnt Cottage,Enid Blyton,4.75,12.0,,,"Children's fiction, Mystery and detective stories, Adventure and adventurers, fiction, Children's stories, Juvenile fiction, Detective and mystery stories, Mystery fiction, Adventure stories, Dogs, fiction, Fire, fiction",,1943,"spa, eng","Egmont Childrens Books, Methuen Children's Books, Dragon, HarperCollins Publishers, Methuen",1405266864,31,https://openlibrary.org/works/OL1948998W,https://covers.openlibrary.org/b/id/14603709-M.jpg,Open Library API
1943,,,Johnny Tremain,Esther Forbes,3.7857144,14.0,,,"History, Juvenile fiction, Fiction, Social life and customs, Children's stories, Newbery Medal, Revolution, Study and teaching (Secondary), American Revolution (1775-1783) fast (OCoLC)fst01351668, American literature",,1943,"fre, eng, chi","Houghton Mifflin, A Yearling Book, Buccaneer Books Inc, ABC-Clio, Prentice Hall College Div",0440220246,70,https://openlibrary.org/works/OL2291764W,https://covers.openlibrary.org/b/id/282869-M.jpg,Open Library API
1944,,,Friday's Child,Georgette Heyer,4.8,10.0,,,"1940s, Fiction, Romance, Historical, Regency, Great Britain, fiction",,1944,eng,"Ulverscroft, Chivers, Sourcebooks, Incorporated, Thorndike Press, Pan Books",9781407091723,48,https://openlibrary.org/works/OL4092675W,https://covers.openlibrary.org/b/id/7002048-M.jpg,Open Library API
1944,,,Death Comes as the End,Agatha Christie,4.5,4.0,,,"Fiction, Murder, Mystery, Social life and customs, Manners and customs, Detective and mystery stories, Large type books, Fiction, mystery & detective, traditional, Fiction, historical, Fiction, thrillers, general",,1944,"ger, eng, tur, jpn, pol, spa, chi, rus, fre","Collins for the Crime Club, Ulverscroft Special Collection, Harpercollins, Bantam Books, Inc., Dodd, Mead & Company",9780008255947,87,https://openlibrary.org/works/OL471898W,https://covers.openlibrary.org/b/id/6486149-M.jpg,Open Library API
1944,,,Absent in the Spring,Agatha Christie,4.25,4.0,,,"Fiction, Middle class women, Fiction, mystery & detective, general, Fiction, psychological, Fiction, general, English literature, Young women",,1944,"fre, rus, eng","Fontana, Arbor House Pub Co, HarperCollins Publishers, HarperCollins Publishers Ltd, Arbor House",0006134556,32,https://openlibrary.org/works/OL472688W,https://covers.openlibrary.org/b/id/12824428-M.jpg,Open Library API
1944,,,The Hundred Dresses,"Eleanor Estes, Louis Slobodkin, Jim Stelljes, Louis Slobodkin, Estes",4.214286,28.0,,,"Fiction, Juvenile works, Juvenile fiction, Juvenile audience, friendship, School fiction, Poles in the United States, social isolation, bullying, fashion design",,1944,"chi, spa, eng","Harcourt Brace Jovanovich, Tandem Library, Sagebrush Education Resources, HarperCollins Publishers, Rebound by Sagebrush",0152016902,34,https://openlibrary.org/works/OL78547W,https://covers.openlibrary.org/b/id/10703361-M.jpg,Open Library API
1944,,,Towards Zero,Agatha Christie,4.625,8.0,,,"Fiction, Police, Superintendent Battle (Fictitious character), Detective and mystery stories, Detectives, Large type books, Translations into Indonesian, English fiction, English literature, Fiction, mystery & detective, general",,1944,"spa, pol, fre, ind, chi, eng, ger, vie, und","Blakiston Co.; distributed by Dodd, Mead, New York, Berkley Pub Group, PT Gramedia, The Audio Partners, Mystery Masters, Bantam Books",9781572705449,94,https://openlibrary.org/works/OL472328W,https://covers.openlibrary.org/b/id/13666304-M.jpg,Open Library API
1944,,,Green for danger,Christianna Brand,4.0,2.0,,,"Inspector Cockrill (Fictitious character), Police, Fiction, Large type books, Fiction, mystery & detective, traditional, Cockrill, inspector (fictitious character), fiction, England, fiction, Fiction in English, Blitz",,1944,eng,"Poisoned Pen Press, Chivers, Chivers Audio Books, Bantam Doubleday Dell, Dodd Mead, 1944",1453230203,33,https://openlibrary.org/works/OL4463259W,https://covers.openlibrary.org/b/id/542628-M.jpg,Open Library API
1944,,,Lille pige med svovlstikkerne,"Hans Christian Andersen, Bill Bowler",4.3,10.0,,,"Fairy tales, Juvenile fiction, Folklore, denmark, Folklore, Poverty, Death, Readers, Children, Social conditions, Christmas stories",,1944,"swe, per, spa, eng","Siena Publishing, Intishārāt-i Qadyānī, Oxford University Press, Grupo Anaya Comercial, Turtleback Books Distributed by Demco Media",9788424116323,37,https://openlibrary.org/works/OL25525W,https://covers.openlibrary.org/b/id/446553-M.jpg,Open Library API
1944,,,The Island of Adventure,Enid Blyton,3.6666667,6.0,,,"Children's stories, Islands, Juvenile fiction, Abandoned mines, Tunnels, Adventure and adventurers, Underwater tunnels, Fiction, Treasure troves, Adventure stories",,1944,"ger, eng","Macmillan Children's, ARMADA, HarperCollins Publishers Limited, Armada, Independently Published",3781751309,32,https://openlibrary.org/works/OL1948161W,https://covers.openlibrary.org/b/id/14596605-M.jpg,Open Library API
1944,,,細雪 (Sasameyuki),谷崎潤一郎,4.0,1.0,,,"Fiction, Literature, Sisters, Japanese fiction, Translations into English, Texts, Novel, Japanese, Near and far eastern fiction (fictional works by one author), Japan, fiction",,1944,"eng, fre, und, por, jpn, chi","Tanizaki Jun'ichirō, Penguin Publishing Group, Perigee Books, Secker & Warburg, Berkley Publishing Corp.",1857151550,45,https://openlibrary.org/works/OL668682W,https://covers.openlibrary.org/b/id/417785-M.jpg,Open Library API
1944,,,Gouverneurs de la rosée,Jacques Roumain,4.0,1.0,,,"Haitian fiction, Love stories, French fiction, Fiction, Fiction, general, Liberty, Peace",,1944,"fre, ger, spa, eng","Sine nomine, Temps Actuels, Les Editeurs Français Reunis, Les Editeurs Francais Réunis, ENAG",9789802763757,18,https://openlibrary.org/works/OL953426W,https://covers.openlibrary.org/b/id/275191-M.jpg,Open Library API
1945,,,Animal Farm,George Orwell,4.1514087,568.0,,,"British and Irish fiction (fictional works by one author), political satire, classic, animal drama, Fiction, political, English literature: literary criticism, For National Curriculum Key Stage 4 & GCSE, Fiction, satire, English literature, Fiction",,1945,"tur, jpn, vie, ara, ita, nor, kor, dan, pol, yid, por, ger, rus, swe, tib, hun, mul, dut, ukr, urd, gre, tam, mal, tel, cat, spa, eng, som, und, fre, chi","Posev, Signet (1946), Nāṣanal Bukk St̲āḷ, Penguin Books in association with Secker & Warburg, Para meus estudos",9780812415070,651,https://openlibrary.org/works/OL1168007W,https://covers.openlibrary.org/b/id/11261770-M.jpg,Open Library API
1945,,,The Pearl,John Steinbeck,3.5555556,54.0,,,"American fiction (fictional works by one author), Open Library Staff Picks, Avaricia, Buceadores de perlas, Family, Fishers, Men, Fiction, Parábolas, Avarice",,1945,"tur, nor, kor, ice, bre, dan, pus, per, ind, ger, swe, tib, dut, alb, cpf, heb, cat, spa, fin, eng, fre","Sel Yayıncılık, Kustannusosakeyhtiö Tammi, Gyldendal, Penguin Random House, Gallimard",9786071411549,143,https://openlibrary.org/works/OL7966118W,https://covers.openlibrary.org/b/id/2523104-M.jpg,Open Library API
1945,,,Foundation and Empire,Isaac Asimov,4.114865,148.0,,,"Fiction, Psychohistory, Life on other planets, American Science fiction, Science Fiction, Fiction, science fiction, general, Trantorian empire (imaginary place), fiction, American literature, Vie extraterrestre, Romans, nouvelles",,1945,"dut, fre, ita, eng, spa, ger, por, tur","Doubleday & Company, W. Heyne, Plaza & Janés Editores, Avon, Random House Publishing Group",9786053757740,82,https://openlibrary.org/works/OL46224W,https://covers.openlibrary.org/b/id/9300695-M.jpg,Open Library API
1945,,,Stuart Little,E. B. White,3.5,28.0,,,"Voyages and travels, Mice, Juvenile fiction, JUVENILE FICTION / Social Themes / Friendship, JUVENILE FICTION / Animals / Mice, Hamsters, Guinea Pigs, Fiction, JUVENILE FICTION / Classics, Determination (Personality trait), Size perception, Friendship",,1945,"ger, eng, spa, chi, ita, rus, fre","Alfaguara, Neuf, Turtleback Books Distributed by Demco Media, Diogenes Verlage, Chivers Press",9780060263959,62,https://openlibrary.org/works/OL483385W,https://covers.openlibrary.org/b/id/10522876-M.jpg,Open Library API
1945,,,The Catcher in the Rye,"J. D. Salinger, Shao jia yun",3.5918367,392.0,,,"fictional works, Runaway teenagers, Fiction, Adolescence, teenage boys, Runaway teenagers in literature, Brothers and sisters, Emotionally disturbed teenage boys, Preparatory schools, Open Library Staff Picks",,1945,"tur, dut, heb, jpn, ita, spa, kor, fre, pol, lit, ger, eng, rus, und, por, cze, chi","Gui zhou ta xue chu ban she, Grupo Anaya Comercial, Little, Brown and Co., Little, Brown, Laffont",4560070512,203,https://openlibrary.org/works/OL3335245W,https://covers.openlibrary.org/b/id/9273490-M.jpg,Open Library API
1945,,,Cannery Row,John Steinbeck,4.3125,32.0,,,"Community life, Fiction, Open Library Staff Picks, Marine biologists, American fiction, Reading Level-Grade 11, Reading Level-Grade 10, Reading Level-Grade 12, Monterey (calif.), fiction, American fiction (fictional works by one author)",,1945,"chi, ice, eng, gre, jpn, fre, fin, spa, dan, swe, tur, ger, dut","The Viking press, William Heinemann Ltd., Sel Yayincilik, Van Holkema & Warendorf, Penguin Random House",9789751409164,96,https://openlibrary.org/works/OL23199W,https://covers.openlibrary.org/b/id/100939-M.jpg,Open Library API
1945,,,Pippi Långstrump,Astrid Lindgren,3.6,25.0,,,"Internet Archive Wishlist, Humorous stories, Adapted for Television, Friendship, Juvenile fiction, TV Movies, Cheerfulness, Films, Orphans, Fiction",,1945,"chi, por, ita, cpf, dan, hin, swe, eng, rum, rus, wel, pol, inc, spa, jpn, ger, fre","Nasza Księgarnia, Verlag Friedrich Oetinger, CNL, Carlsen Verlag Gmbh, Hachette",0192782401,116,https://openlibrary.org/works/OL14872925W,https://covers.openlibrary.org/b/id/11452342-M.jpg,Open Library API
1945,,,Sparkling Cyanide,Agatha Christie,3.9166667,12.0,,,"Fiction in Spanish, Murder, Rosemary, Fiction, Detective and mystery stories, Mystery fiction, Large type books, Nightclubs, Cocktails, Investigation",,1945,"heb, spa, pol, ger, eng, hin, fre, chi","HarperCollins UK, HarperCollins Publishers and Blackstone Audio, Librairie des Champs Elysées, Editorial Molino, Perfection Learning",0006110096,111,https://openlibrary.org/works/OL471983W,https://covers.openlibrary.org/b/id/10249704-M.jpg,Open Library API
1945,,,Ficciones,Jorge Luis Borges,4.3421054,38.0,,,"Anachronisms, speculative fiction, subjective idealism, duodecimals, aneurysms, adjectives, hermeticism, philanthropy, cabala, persecution",,1945,"fre, spa, por, eng, ita","Emecé Editores, A.A. Knopf, LUMEN, Globo, Orion Publishing Group, Limited",9780802190734,78,https://openlibrary.org/works/OL110971W,https://covers.openlibrary.org/b/id/10832290-M.jpg,Open Library API
1945,,,Brideshead Revisited,Evelyn Waugh,3.9375,16.0,,,"Catholics, Family, Family chronicles, Fiction, Friendship, Male friendship, Man-woman relationships, Men, Upper class, Upper class families",,1945,"fre, eng, nor, rus, pol","Albatross, Reader's Union with Chapman and Hall, Penguin Books, Limited, Chapman & Hall, BSG-PRESS",9785557099929,88,https://openlibrary.org/works/OL5721394W,https://covers.openlibrary.org/b/id/2560441-M.jpg,Open Library API
1946,,,Dandelion Wine,Ray Bradbury,4.3076925,26.0,,,"Fiction, Boys, City and town life, Translations into Russian, Science fiction, American, American Science fiction, Illinois, fiction, Fiction, coming of age, Bildungsromans, American Fantasy fiction",,1946,"spa, fre, ger, eng, rus","Easton Press, Granada, HarperCollins Publishers, HarperCollins Publishers Limited, Avon Books",8445076043,61,https://openlibrary.org/works/OL103118W,https://covers.openlibrary.org/b/id/14831327-M.jpg,Open Library API
1946,,,The Hollow,Agatha Christie,3.6666667,9.0,,,"Fiction, Hercule Poirot (Fictitious character), Private investigators, Murder, Mystery, Private investigators in fiction, murder mystery, Large type books, Socialites, Investigation",,1946,"ger, heb, eng, spa, fre","French, Harpercollins, BOOKET, Oscar Gialli Mondadori, Center Point Publishing",0008129584,107,https://openlibrary.org/works/OL472526W,https://covers.openlibrary.org/b/id/13679064-M.jpg,Open Library API
1946,,,The House on the Borderland,William Hope Hodgson,4.0,7.0,,,"Classic Literature, Fiction, Horror, Science Fiction, Fiction, science fiction, general, Fiction, fantasy, general, Ireland, fiction, Fiction, visionary & metaphysical, Fiction, horror, English Fantasy fiction",,1946,"eng, spa","Manor Books, Echo Library, Carroll & Graf Publishers, Coppens & Frenks. Publishers, Brand: Wildside Press",9997535901,43,https://openlibrary.org/works/OL810402W,https://covers.openlibrary.org/b/id/542561-M.jpg,Open Library API
1946,,,Slan,"A. E. van Vogt, Oliver Wyman, Kevin J. Anderson",3.4,5.0,,,"Fiction, Science Fiction, Fiction, science fiction, general, award:retro_hugo, American Science fiction",,1946,"eng, spa","Arkham House, Blackstone Audiobooks, Simon and Schuster, Ballantine Books, Amereon Limited",9780425029008,32,https://openlibrary.org/works/OL8404014W,https://covers.openlibrary.org/b/id/5543912-M.jpg,Open Library API
1946,,,The Reluctant Widow,Georgette Heyer,4.125,8.0,,,"Fiction, Romance, Historical, Regency, Mystery, fiction, Social life and customs, Widows, fiction, Ingles (lingua), Literatura inglesa, Large type books, Great Britain, George III, 1760-1820, Love stories, fiction",,1946,"eng, ger","W. Heinemann ltd., Pan Books, Putnam, Arrow, Rowohlt",9781446456576,35,https://openlibrary.org/works/OL4092660W,https://covers.openlibrary.org/b/id/7002066-M.jpg,Open Library API
1946,,,На Дрини ћуприја (Na Drini ćuprija),Ivo Andrić,4.1666665,6.0,,,"Historic bridges, History, Fiction, Fiction, historical, general, Bosnia and hercegovina, fiction, Continental european fiction (fictional works by one author), Historic bridges in fiction, Slavic philology, Slavic literature",,1946,"vie, spa, eng, urd, slv, srp, hrv, chi, heb, mon, fre, ger","The Harvill Press, Ullstein, ""Prosveta,"", Ren min wen xue chu ban she, U̇ndu̇su̇ten-u̇ Keblel-u̇n Qoriy-a",9780451503473,81,https://openlibrary.org/works/OL258416W,https://covers.openlibrary.org/b/id/914685-M.jpg,Open Library API
1946,,,The Skylark of Space,Edward E. Smith,3.6666667,3.0,,,"Fiction, science fiction, space opera, Fiction, Space flight, Space ships, American Science fiction, Science Fiction, British Science fiction, Space flight -- Fiction, Space ships -- Fiction, Fiction, science fiction, general",,1946,"vie, eng","Xuân Thu, Liese. Outside The Box, Andreas, Pulp-Lit Productions, Wildside Press, Armchair Fiction & Music",1612872999,49,https://openlibrary.org/works/OL2685476W,https://covers.openlibrary.org/b/id/5540850-M.jpg,Open Library API
1946,,,The folk of the Faraway Tree,Enid Blyton,4.4444447,9.0,,,"Children's fiction, Fantasy fiction, Faraway tree (imaginary place), fiction, Children's stories, Juvenile fiction, Magic, Imaginary places, Adventure stories, Friendship, Magic, fiction",,1946,"eng, chi, fre, spa","Hamlyn young books, Egmont Childrens Books, Happy Time Books, Random House UK, Molino RBA",1865159557,39,https://openlibrary.org/works/OL1948581W,https://covers.openlibrary.org/b/id/14600089-M.jpg,Open Library API
1946,,,All the King's Men,Robert Penn Warren,4.2,5.0,,,"Drama, Fiction, Political corruption, Politicians, Politicians in fiction, Pulitzer Prize Winner, Southern States in fiction, award:pulitzer_prize=1947, award:pulitzer_prize=fiction, Political fiction",,1946,"chi, rus, eng","Bantam Books, Random House, Harcourt Brace Jovanovich, ""OLMA-Press"", Eyre and Spottiswoode",9780450037665,31,https://openlibrary.org/works/OL14858283W,https://covers.openlibrary.org/b/id/112218-M.jpg,Open Library API
1946,,,Five Go Off in a Caravan,Enid Blyton,4.5,4.0,,,"Children's stories, Large type books, Juvenile fiction, Famous Five (Fictitious characters), Circus, Cinco famosos (Personajes literarios), Novela juvenil, Aventuras, Adventure stories, Criminals",,1946,"ger, eng, spa, fre","Hodder Children's Books, Chivers Audio Books, Hodder & Stoughton Limited, Hodder Children's, Chivers Press",9780340548790,42,https://openlibrary.org/works/OL1948675W,https://covers.openlibrary.org/b/id/14608017-M.jpg,Open Library API
1947,,,Goodnight Moon,Margaret Wise Brown,4.0434785,69.0,,,"Children's fiction, Picture books, Bedtime, fiction, Rabbits, fiction, Literature and fiction, juvenile, Rabbits, Stories in rhyme, Juvenile fiction, Moon in fiction, Board books",,1947,"ger, heb, eng, tur, jpn, vie, spa, ita, chi, fre","Two Hoots, HarperCollins Publishers, Universe Publishing, HARPER & ROW, PUBLISHERS, Harper Collins Publishers",0749730072,143,https://openlibrary.org/works/OL151798W,https://covers.openlibrary.org/b/id/35556-M.jpg,Open Library API
1947,,,Mrs. Piggle-Wiggle,"Betty MacDonald, Alexandra Boiger",4.0833335,12.0,,,"Humorous stories, Behavior, Fiction, Human behavior, Conduct of life, Juvenile fiction, Human behavior in fiction, Mrs. Piggle-Wiggle (Fictitious character), Behavior in fiction, Farm life, fiction",,1947,eng,"Vermilion Labs DBA Bookroo, HarperCollins Childrens Books, Scholastic, HarperTrophy, J.B. Lippincott",9781955899062,25,https://openlibrary.org/works/OL273761W,https://covers.openlibrary.org/b/id/6807372-M.jpg,Open Library API
1947,,,The Labours of Hercules,Agatha Christie,4.375,8.0,,,"Fiction, Hercule Poirot (Fictitious character), Private investigators, English Detective and mystery stories, Private investigators in fiction, Mystery, Large type books, Fiction, mystery & detective, general, Poirot, hercule (fictitious character), fiction, English literature",,1947,"tur, fre, dut, eng, chi, spa, ger, pol","Center Point Large Print, G.K. Hall, Putnam Adult, Published for the Crime Club by Collins, HarperCollins Publishers",9783502507345,89,https://openlibrary.org/works/OL471948W,https://covers.openlibrary.org/b/id/10247192-M.jpg,Open Library API
1947,,,Doctor Faustus,Thomas Mann,4.2,10.0,,,"Fiction, History, Composers, German language materials, Entstehung des Doktor Faustus (Mann, Thomas), Political fiction, Continental european fiction (fictional works by one author), Germany, fiction, Fiction, political, Fiction, historical",,1947,"rus, spa, eng, ger","Edhasa, Vintage Books, Everyman, Fischer Taschenbuch Verlag, Secker and Warburg",9780679739050,67,https://openlibrary.org/works/OL14867080W,https://covers.openlibrary.org/b/id/3976241-M.jpg,Open Library API
1947,,,Stone soup,Marcia Brown,4.4666667,15.0,,,"Folklore, Soups, Spanish language, Picture books, Vocabulary, Readers, Juvenile fiction, Fiction, Novela juvenil, Juvenile literature",,1947,"eng, spa, fre, chi","Atheneum Books for Young Readers, Qing lin guo ji chu ban gu fen you xian gong si, Live Oak Media, Atheneum, Simon & Schuster Children's Publishing",0689711034,37,https://openlibrary.org/works/OL1672346W,https://covers.openlibrary.org/b/id/429038-M.jpg,Open Library API
1947,,,The Dream Within,Barbara Cartland,4.0,8.0,,,"Fiction, Romance, Historical",,1947,"eng, gre, fre","Éd. J'ai lu, Jove/HBJ, Jove, Papyros Graphic Arts, Pyramid Books",9780515041187,17,https://openlibrary.org/works/OL137163W,https://covers.openlibrary.org/b/id/6666354-M.jpg,Open Library API
1947,,,Sentiero dei nidi di ragno,Italo Calvino,4.0,6.0,,,"World War, 1939-1945, Fiction, World war, 1939-1945, fiction, Fiction, historical, general, Italy, fiction, Continental european fiction (fictional works by one author), Fiction, war & military, Fiction, coming of age, Guerrillas, Underground movements",,1947,"eng, chi, ita, kor","Beacon Press, Minŭmsa, Shi pao wen hua chʻu pan chʻi yeh yu hsien kung ssu, raju, Garzanti Italian",9788804668039,36,https://openlibrary.org/works/OL15348W,https://covers.openlibrary.org/b/id/676567-M.jpg,Open Library API
1947,,,Alla vi barn i Bullerbyn,Astrid Lindgren,3.2,5.0,,,"Children's fiction, Children, fiction, Family, fiction, Sweden, fiction, Przyjaźń, Rodzina, Sąsiedztwo (socjologia), Uczniowie, Cities and towns, fiction",,1947,"ger, eng, pol, spa, und, wel, swe, dan","Viking Press, Oxford University Press, Egmont Childrens Books, Puffin Books, Methuen",9788415920236,29,https://openlibrary.org/works/OL14872860W,https://covers.openlibrary.org/b/id/2203363-M.jpg,Open Library API
1947,,,4th of July,"James Patterson, Maxine Paetro",3.75,12.0,,,"Fiction, Police, Serial murders, Trials (Police misconduct), Policewomen, Police shootings, Half Moon Bay (Calif.), Women detectives, Female friendship, California",,1947,"fre, dut, eng, chi, spa, ger, rus, ita","BCA, Grand Central Publishing, Warner Vision Books, Little, Brown & Co., Little, Brown and Co.",9788846208835,51,https://openlibrary.org/works/OL167168W,https://covers.openlibrary.org/b/id/2786155-M.jpg,Open Library API
1947,,,The twenty-one balloons,"William Pène Du Bois, John McDonough",4.181818,11.0,,,"Ballooning, Balloons, Eruption, 1883, Fiction, Historical fiction, Hot air balloons, Inventions, Juvenile fiction, Krakatoa (Indonesia), Newbery Medal",,1947,"eng, spa","Viking Press, Live Oak Media, The Viking Press, Puffin Books, Penguin USA, Inc.",9780833509154,39,https://openlibrary.org/works/OL5279534W,https://covers.openlibrary.org/b/id/7273786-M.jpg,Open Library API
1948,,,The Bell Jar,Sylvia Plath,4.223881,67.0,,,"women college students, summer, Classics, Literature, Psychology, Feminism, Novel, Poetry, Mental Health, American",,1948,"tur, dut, heb, rum, cat, srp, ita, spa, ger, eng, dan, fre, chi","Faber, Edhasa, Easton Press, Turtleback Books Distributed by Demco Media, Bt Bound",9798443779591,177,https://openlibrary.org/works/OL1865528W,https://covers.openlibrary.org/b/id/8477115-M.jpg,Open Library API
1948,,,El túnel,Ernesto Sabato,4.135135,37.0,,,"Spanish fiction, Spanish language, Spanish language books, Written Spanish, Modern fiction, Obsessive-compulsive disorder, Relationship addiction, Painters, Pintores, Conducta compulsiva",,1948,"ger, pol, spa, rum, geo, dut, srp, gre, eng, mac, tur, per, lav, est, alb, swe, por, arm, hrv, nor, ita, baq, fin, ara, fre","SysPrint, FisicalBook, Ballantine Books, Emecé, Planeta",9789878317045,120,https://openlibrary.org/works/OL617847W,https://covers.openlibrary.org/b/id/5517733-M.jpg,Open Library API
1948,,,人間失格,太宰 治,4.116667,120.0,,,"Fiction, Near and far eastern fiction (fictional works by one author), Literature, Men, Comic books, strips, Anxiety, Social life and customs, Comics & graphic novels, manga, general, Youth, Suicide",,1948,"por, eng, kor, fin, jpn, ita","Estação Liberdade, China Friendship Publishing Company, Modern Press, PHP Kenkyūjo, Tuttle Publishing",1974707091,42,https://openlibrary.org/works/OL3923952W,https://covers.openlibrary.org/b/id/13190147-M.jpg,Open Library API
1948,,,I Capture the Castle,Dodie Smith,4.5555553,9.0,,,"Fiction, Castles, Fiction, family life, Fiction, coming of age, Fiction, humorous, England, fiction, Fiction, romance, historical, Diary fiction, Fiction, humorous, general, Poverty",,1948,"heb, eng, spa, und, fre","Little, Brown Book Group Limited, The Audio Partners, Turtleback Books Distributed by Demco Media, Audible Studios on Brilliance Audio, A Wyatt Book for St. Martin's Press",8478889892,78,https://openlibrary.org/works/OL1518582W,https://covers.openlibrary.org/b/id/5080686-M.jpg,Open Library API
1948,,,Triplanetary,"Edward E. Smith, E. E. Smith, Edward E. Smith, E E Doc Smith, Edward Elmer  Smith",3.75,8.0,,,"Fiction, general, Science fiction, Juvenile literature, American Science fiction, Fiction, sagas, Fiction, science fiction, space opera, Scientists, fiction, Fiction, Human-alien encounters, Space warfare",,1948,eng,"Spastic Cat Press, Old Earth Books, IndyPublish, Books In Motion, Cosmos",9781482660913,67,https://openlibrary.org/works/OL2685469W,https://covers.openlibrary.org/b/id/4627686-M.jpg,Open Library API
1948,,,My father's dragon,Ruth Stiles Gannett,4.5,8.0,,,"Fiction, Dragons, Animals, Juvenile fiction, Children's stories, Islands, Slavery, Cats, Rescues, Accelerated Reader",,1948,"jpn, eng","Collins, Buccaneer Books, Independently Published, Radom House, Kids Listen",9780440421214,47,https://openlibrary.org/works/OL2688555W,https://covers.openlibrary.org/b/id/255052-M.jpg,Open Library API
1948,,,The Franchise Affair (Inspector Alan Grant #3),Josephine Tey,3.625,8.0,,,"Fiction, mystery, Large type books, Kidnapping, Fiction, mystery & detective, general, England, fiction, Crime, fiction, Fiction, mystery & detective, traditional, Grant, alan, inspector (fictitious character), fiction, Great britain, fiction",,1948,"ger, chi, eng","Nelson, Chivers Press, Sahi Kitap, Hoja de lata, Thorndike Press",1559351039,105,https://openlibrary.org/works/OL80946W,https://covers.openlibrary.org/b/id/14104-M.jpg,Open Library API
1948,,,Blueberries for Sal,Robert McCloskey,4.25,16.0,,,"Bears, Berries, Blueberries, Fiction, Juvenile fiction, Mothers, Picture books, Picture books for children, Juvenle fiction, Parent and child",,1948,"eng, chi","Tandem Library, Viking Press, Perfection Learning Prebound, Corimbo, Er shi yi shi ji chu ban she",9780788746727,29,https://openlibrary.org/works/OL4638387W,https://covers.openlibrary.org/b/id/11307420-M.jpg,Open Library API
1948,,,Taken at the Flood,Agatha Christie,3.4166667,12.0,,,"Hercule Poirot (Fictitious character), Fiction, Mystery, Large type books, Private investigators, Translations from English, German Detective and mystery stories, England, fiction, Poirot, hercule (fictitious character), fiction, Fiction, mystery & detective, traditional",,1948,"ger, eng, pol, spa, ita, chi, ara, fre","Yuan jing chu ban gong si, Dell, Champs-Elysees, Fontana/Collins, HarperCollins Publishers and Blackstone Audio",0008256098,85,https://openlibrary.org/works/OL472279W,https://covers.openlibrary.org/b/id/13670254-M.jpg,Open Library API
1948,,,Space Cadet,Robert A. Heinlein,4.25,8.0,,,"Science fiction, Juvenile fiction, American Science fiction, Space warfare, Fiction, Large type books, Guerre spatiale, Romans, nouvelles, Fiction, science fiction, general, Russian language",,1948,"rus, heb, eng, ger","Thorndike Press, Lübbe, ZAO TSentrpoligraf, Orb Books, Ballantine",9780575003606,26,https://openlibrary.org/works/OL59710W,https://covers.openlibrary.org/b/id/14632239-M.jpg,Open Library API
1949,,,Nineteen Eighty-Four,George Orwell,4.300248,403.0,,,"futurology, censorship, surveillance, rebels, sting operations, historical negationism, memory holes, thoughtcrime, Outer Party, resistance movements",,1949,"tur, jpn, ara, ita, nor, pol, per, ind, por, ger, rus, swe, dut, rum, ukr, urd, gre, cat, spa, eng, fre, chi","Chiltern, ENWISE, Fark Yayınları, Penguin Books in association with Secker & Warburg, Mestas Ediciones",9780451524935,536,https://openlibrary.org/works/OL1168083W,https://covers.openlibrary.org/b/id/9267242-M.jpg,Open Library API
1949,,,Arabella,Georgette Heyer,4.5,14.0,,,"Fiction, Romance, Historical, Regency, Social life and customs, fiction, Mate selection, fiction, Inheritance and succession, fiction, Man-woman relationships, fiction",,1949,"eng, ger, spa","Amereon Ltd, Chivers Audio Books, The Book Club, Verlag, Publicaciones y Ediciones Salamandra, S.A.",9781444841275,54,https://openlibrary.org/works/OL4092683W,https://covers.openlibrary.org/b/id/75718-M.jpg,Open Library API
1949,,,Crooked House,Agatha Christie,4.2727275,11.0,,,"Mystery, Fiction, Jane Marple (Fictitious character), Large type books, Women detectives, Murder, Investigation, Detective and mystery stories, Drama, Radio plays",,1949,"ger, eng, mul, spa, por, chi, fre","Collins for the Crime Club, RBA LIBROS, Harpercollins, Planeta-Agostini, Fontana/Collins",0671418459,113,https://openlibrary.org/works/OL471891W,https://covers.openlibrary.org/b/id/14570595-M.jpg,Open Library API
1949,,,Earth abides,George Rippey Stewart,3.95,20.0,,,"Disasters, Fiction, Plague, Fiction, general, Fiction in English, Science Fiction, Long Now Manual for Civilization, sociology, ecological novel, Fiction, science fiction, general",,1949,"eng, rus","Б. г., Houghton Mifflin Harcourt Publishing Company, Science Fiction Book Club, Gollancz, Houghton Mifflin",0449203905,32,https://openlibrary.org/works/OL2321336W,https://covers.openlibrary.org/b/id/8310472-M.jpg,Open Library API
1949,,,Farmer Giles of Ham,J.R.R. Tolkien,4.0,7.0,,,"English Fantasy fiction, Fiction, Fantasy, Fairy tales, Children's stories, Dragons, Children's fiction, Fantasy fiction, Dragons, fiction, Fiction, fantasy, general",,1949,"eng, ita, und, cat, tur, ger","Gallimard Jeunesse, George Allen & Unwin Ltd., Houghton Mifflin (Juv), Chivers, HarperCollins Audio",9780261103788,54,https://openlibrary.org/works/OL27517W,https://covers.openlibrary.org/b/id/9158606-M.jpg,Open Library API
1949,,,Red Planet,Robert A. Heinlein,3.8888888,9.0,,,"Mars (Planet), Fiction, Science fiction, Life on other planets, Human-alien encounters, Martians, Boys, Juvenile fiction, Space colonies, Fiction, science fiction, general",,1949,"eng, und","Blackstone Audio, Inc., Gollancz, Del Rey Books, Robert Hale, Charles Scribner's Sons",9780575112841,29,https://openlibrary.org/works/OL59723W,https://covers.openlibrary.org/b/id/13148670-M.jpg,Open Library API
1949,,,Sexus,Henry Miller,4.0,4.0,,,"Biography, New york (n.y.), fiction, American fiction (fictional works by one author), Authors, fiction, Fiction, Sexual behavior, Social conditions, Sex, Fiction, biographical, Man-woman relationships",,1949,"eng, rus, fre, spa, ara, ger, ita","Longanesi, Flamingo, Dar Al Mada, Deutscher Bücherbund, Christian Bourgois",3498042289,42,https://openlibrary.org/works/OL261865W,https://covers.openlibrary.org/b/id/13106915-M.jpg,Open Library API
1949,,,Upper Fourth at Malory Towers,Enid Blyton,4.25,8.0,,,"Schools, fiction, Students, fiction, Children's fiction, Juvenile fiction, Boarding schools, School attendance, fiction, Boarding schools, fiction, Malory Towers (Imaginary place), Mädchen, Internat",,1949,"eng, dut, ger","Egmont, Hodder, Atlantic Book Publishing Co, Dean, Schneider Buch",1405224061,29,https://openlibrary.org/works/OL1948398W,https://covers.openlibrary.org/b/id/14597066-M.jpg,Open Library API
1949,,,Brat Farrar,Josephine Tey,4.285714,7.0,,,"Condensed books, English language, Fiction, Impersonation, Impostors and imposture, Inheritance and succession, Readers, Large type books, Fiction, mystery & detective, general, Missing persons, fiction",,1949,"eng, und","Penguin Books, Limited, Brand: Bentley Pub, Chivers Press, Pocket Books, Pan Pb #X293",0241658993,85,https://openlibrary.org/works/OL80945W,https://covers.openlibrary.org/b/id/425058-M.jpg,Open Library API
1949,,,Olivia,Dorothy Bussy,4.6666665,3.0,,,"Lesbians, Fiction, Fiction, coming of age, Paris (france), fiction, Lesbians, fiction, Teachers, fiction, Teacher-student relationships, Lesbian youth, Lesbian teachers, School principals",,1949,"fre, eng, ita","Penguin, Penguin Publishing Group, MERCURE DE FRAN, Baldini & Castoldi, Stock",9781448130818,27,https://openlibrary.org/works/OL3378758W,https://covers.openlibrary.org/b/id/13818430-M.jpg,Open Library API
1950,,,The Foundation Trilogy,Isaac Asimov,4.203125,64.0,,,"American Science fiction, Fiction, Psychohistory, Science fiction, Life on other planets, Prophecies, Fiction, science fiction, general, Abenteuer, Science-Fiction-Literatur, Weltraum",,1950,"dut, spa, por, ger, eng, rus","Alamut, Sidgwick & Jackson, Mondadori, Doubleday & Company, Círculo de Lectores",9781841593326,54,https://openlibrary.org/works/OL46390W,https://covers.openlibrary.org/b/id/6502517-M.jpg,Open Library API
1950,,,The Return of the King,J.R.R. Tolkien,4.443396,106.0,,,"Elves, Hobbits, The Lord of the Rings, hope, fear, magic, Fiction, Fantasy, English Fantasy fiction, Juvenile fiction",,1950,"ger, pol, vie, spa, cat, dut, afr, srp, gre, eng, tur, ind, slo, por, rus, chi, hrv, kor, cze, bul, ita, yid, baq, fre","Guild Publishing, Tascabili Bompiani, Algoritam, Editions Gallimard, Harper Collins",9780458907700,274,https://openlibrary.org/works/OL27455W,https://covers.openlibrary.org/b/id/14627062-M.jpg,Open Library API
1950,,,"The Lion, the Witch and the Wardrobe",C. S. Lewis,4.132231,121.0,,,"the Blitz, fauns, Turkish Delight, lions, English Children's stories, Fantasy & Magic, Action & Adventure, Classics, juvenile works, English Fantasy fiction",,1950,"ukr, ger, eng, kor, pol, vie, spa, rus, swe, wel, chi, ita, tib, jpn, dan, fre","Geoffrey Bles, Media Rodzina, Harper Collins, HarperCollins Canada, Limited, HarperCollins Publishers",9788804436775,157,https://openlibrary.org/works/OL71037W,https://covers.openlibrary.org/b/id/8441376-M.jpg,Open Library API
1950,,,The Martian Chronicles,Ray Bradbury,4.093458,107.0,,,"American Science fiction, Ciencia-ficción, Drama, English Language Short stories, Ficción, Fiction, Interplanetary voyages, Translations into Russian, Bibliography, Science fiction",,1950,"por, rus, chi, fre, eng, ger, ita, spa","Libros del Zorro Rojo, Blackstone Pub, PlanetaLector, Jin ri shi jie she, Corgi",8445076531,138,https://openlibrary.org/works/OL103134W,https://covers.openlibrary.org/b/id/9346537-M.jpg,Open Library API
1950,,,Les Robots,Isaac Asimov,4.252747,182.0,,,"smear campaigns, supercomputers, computers, Frankenstein complex, hyperspace, heisenbugs, asteroids, Shahada, space stations, space-based solar power",,1950,"chi, por, ita, gre, eng, spa, fre, ger, tur, und, dut","Fiction, Voyager, Editions 84, Dennis Dobson, Arnoldo Mondadori Editore",9780553294385,98,https://openlibrary.org/works/OL46241W,https://covers.openlibrary.org/b/id/12385229-M.jpg,Open Library API
1950,,,Pebble in the Sky,Isaac Asimov,4.1153846,26.0,,,"Fiction in English, American Science fiction, Science fiction, Dystopias, Time travel, Fiction, Fiction, science fiction, general, Space and time, Romans, nouvelles, American Fantasy fiction",,1950,"ger, eng, ita, por, chi, fre","Fawcett, Heyne Verlag, Mao tou ying chu ban, Sidgwick and Jackson, Grafton",2290312975,42,https://openlibrary.org/works/OL46402W,https://covers.openlibrary.org/b/id/6550102-M.jpg,Open Library API
1950,,,In Name Only,Roberta Leigh,3.090909,22.0,,,Fiction,,1950,eng,"Falcon Press, Harlequin Books, Mills & Boon, Harlequin",9780263711493,5,https://openlibrary.org/works/OL4342659W,https://covers.openlibrary.org/b/id/8065138-M.jpg,Open Library API
1950,,,The Grand Sophy,Georgette Heyer,4.125,8.0,,,"Fiction, Romance, Historical, Regency, Social life and customs, fiction, Large type books, Great Britain, fiction, Ingles (lingua), Literatura inglesa, Literature and fiction, romance, Families, fiction, Aristocracy (Social class), fiction, Young women,  fiction",,1950,"eng, ger","Mandarin, Thorndike Press, ISIS Audio Books, Sourcebooks, Incorporated, The Book Club",9781282271784,48,https://openlibrary.org/works/OL4092680W,https://covers.openlibrary.org/b/id/7002387-M.jpg,Open Library API
1950,,,Welcome to the Monkey House,Kurt Vonnegut,4.1764708,17.0,,,"American Science fiction, Short stories, American, American Short stories, Fiction, Science fiction, American, Short stories, American fiction (fictional works by one author), Fiction, short stories (single author)",,1950,"chi, ger, eng","Dial Press Trade Paperbacks, Bt Bound, Mai tian chu ban yu xian gong si, Books On Tape, The Dial Press",9780440194781,20,https://openlibrary.org/works/OL98480W,https://covers.openlibrary.org/b/id/239796-M.jpg,Open Library API
1950,,,A Murder Is Announced,Agatha Christie,4.2272725,22.0,,,"Fiction, Mystery, Agatha Christie, Miss Marple, Series, British, Amateur, Detective, Classic, Literature",,1950,"ger, heb, eng, spa, por, fre","Fontana, Collins, AudioGO, The Audio Partners, Collins for the Crime Club, Harpercollins",9788467061550,126,https://openlibrary.org/works/OL471771W,https://covers.openlibrary.org/b/id/14578204-M.jpg,Open Library API
1951,,,Foundation,Isaac Asimov,4.1070232,299.0,,,"Psychohistory, Open Library Staff Picks, Life on other planets, Fiction, Science Fiction, Long Now Manual for Civilization, Prophecy, Historians, Robots, Fiction, science fiction, general",,1951,"ger, eng, kor, spa, chi, ita, por, rus, fre","Doubleday Bantam, Doubleday Books, Harper. 1 Paperback(s), Turtleback Books Distributed by Demco Media, Ballantine Books",8576574837,99,https://openlibrary.org/works/OL46125W,https://covers.openlibrary.org/b/id/14612610-M.jpg,Open Library API
1951,,,"The Stars, Like Dust",Isaac Asimov,3.5185184,27.0,,,"Science fiction, Space colonies, Imperialism, Manned space flight, Fiction, Fiction, science fiction, action & adventure, Fiction, science fiction, general fiction, Long Now Manual for Civilization, American Science fiction",,1951,"por, chi, ita, eng, fre, ger, tur","Del Rey/Ballantine Books, HarperVoyager, Ithaki Yayinlari, Blackstone Publishing, J'AI LU",8576575116,47,https://openlibrary.org/works/OL46399W,https://covers.openlibrary.org/b/id/6565338-M.jpg,Open Library API
1951,,,Prince Caspian,C. S. Lewis,3.9285715,98.0,,,"Fantasy, Narnia (fictional place), Princes, Juvenile fiction, Good and evil, Fiction, Ships, Juvenile, Fairy tales, Fantasy fiction",,1951,"ger, eng, jpn, pol, vie, spa, und, wel, ita, swe, dut, chi, fre","Unknown Publisher, Media Rodzina, Collier Books, A. Betz, Index",9780006716648,145,https://openlibrary.org/works/OL71069W,https://covers.openlibrary.org/b/id/45897-M.jpg,Open Library API
1951,,,The Day of the Triffids,"John Wyndham, Marcel Battin, Cover by Andy Bridge",4.0487804,41.0,,,"Blind, English Fantasy fiction, Translations into Russian, Science Fiction & Fantasy, Horror, Fiction in English, Fiction, Meteorites, Science fiction, Fantasy fiction, English",,1951,"spa, eng, ita, dut, rus","AST, Fawcett, ""Sudostroenie"", The Easton Press, Penguin Classic",9780575073388,63,https://openlibrary.org/works/OL1911336W,https://covers.openlibrary.org/b/id/535027-M.jpg,Open Library API
1951,,,The Illustrated Man,Ray Bradbury,4.1025643,39.0,,,"American Science fiction, Science fiction, English Short stories, Tattooing, Magic, Storytelling, American Fantasy fiction, American Horror stories, Fiction, Prejudice",,1951,"dut, ger, eng, pol, spa","Booket, Panther Books, Voyager, Perfection Learning Prebound, Panther",9788445077580,82,https://openlibrary.org/works/OL103128W,https://covers.openlibrary.org/b/id/9345484-M.jpg,Open Library API
1951,,,Mrs. McGinty's Dead,Agatha Christie,3.5555556,9.0,,,"Fiction, Hercule Poirot (Fictitious character), Private investigators, Detective and mystery stories, English Detective and mystery stories, Mystery, Large type books, Fiction, mystery & detective, general, Private investigators, fiction, Poirot, hercule (fictitious character), fiction",,1951,"eng, pol, spa, ita, chi, fre","Yuan jing chu ban gong si, Collins for the Crime Club, AudioGO Ltd., Harpercollins, Harper Collins",3596169909,89,https://openlibrary.org/works/OL472044W,https://covers.openlibrary.org/b/id/10249324-M.jpg,Open Library API
1951,,,The Demolished Man,Alfred Bester,3.7619047,21.0,,,"American Science fiction, Hugo Award Winner, award:hugo_award=1953, award:hugo_award=novel, Fiction, science fiction, general, Science fiction, Businessmen, Fiction",,1951,eng,"Science Fiction Book Club, Sidgwick & Jackson, Pocket Books, Literary Licensing, LLC, Garland Pub.",1857988221,32,https://openlibrary.org/works/OL16027965W,https://covers.openlibrary.org/b/id/6874573-M.jpg,Open Library API
1951,,,The Quiet Gentleman,Georgette Heyer,4.571429,7.0,,,"Fiction, Romance, Historical, Regency, Large print books, Triangles (Interpersonal relations), fiction, Brothers, fiction, Aristocracy (Social class), fiction, England, fiction, Family life, fiction, Man-woman relationships, fiction",,1951,"ger, eng","Sourcebooks, Incorporated, Pan, Chivers Audio Books, William Heinemann, Thorndike Press",0373774176,34,https://openlibrary.org/works/OL4092684W,https://covers.openlibrary.org/b/id/7002404-M.jpg,Open Library API
1951,,,The Daughter of Time,Josephine Tey,3.4444444,9.0,,,"Alan Grant (Fictitious character), Fiction, Police, Kings and rulers, History, Hospitals, Polia, Large type books, Detective and mystery stories, Libel and slander",,1951,"eng, und, jpn, heb, fre, ger","Mandarin, Scribner, Macmillan Collector's Library, Berkley Publishing, Buccaneer Books",9798686003705,129,https://openlibrary.org/works/OL80947W,https://covers.openlibrary.org/b/id/6485299-M.jpg,Open Library API
1951,,,Three by Heinlein,Robert A. Heinlein,3.5454545,11.0,,,American Science fiction,,1951,"fre, eng, heb","DENOEL, Doubleday, AG Kult, Masadah, New English Library",2207501590,15,https://openlibrary.org/works/OL59699W,https://covers.openlibrary.org/b/id/14631502-M.jpg,Open Library API
1952,,,Charlotte's Web,E. B. White,4.031401,414.0,,,"Farm life, Animals, Juvenile fiction, Domestic animals, Fantasy, Spiders, Fiction, Friendship, Swine, juvenile works",,1952,"tur, dut, jpn, lat, rum, ita, vie, spa, kor, por, wel, ger, eng, tha, dan, fre, chi, cmn","Editorial Noguer, Lian jing chu ban shi ye gu fen you xian gong si, (Oliver & Boyd), Hōsei Daigaku Shuppankyoku, Lectorum Publications",055319965X,149,https://openlibrary.org/works/OL483391W,https://covers.openlibrary.org/b/id/8461797-M.jpg,Open Library API
1952,,,Player Piano,Kurt Vonnegut,3.7586207,29.0,,,"Fiction, Classic Literature, Mystery, Science Fiction & Fantasy, Utopias, Computers, Science fiction, Machinery, Engineers, Long Now Manual for Civilization",,1952,"rus, eng, ger","Science Fiction Book Club, Caterman., Avon Books, Wilhelm Heyne, Dell Publishing Co.",0795302568,44,https://openlibrary.org/works/OL98484W,https://covers.openlibrary.org/b/id/280246-M.jpg,Open Library API
1952,,,The Old Man and the Sea,Ernest Hemingway,3.8991227,228.0,,,"American Sea stories, Male friendship, Fishers, Fiction, Ameriška književnost, American fiction, Ancianos, Open Library Staff Picks, Fishing stories, Pescadores",,1952,"heb, por, pan, eng, ger, ukr, swa, yid, tib, kor, baq, chi, jpn, mac, ita, cpf, syr, bul, guj, per, ara, spa, fre, vie","Scribner?, G K Hall & Co, Foreign Languages Pub. House, Rowohlt, Reinbek, Penguin Books, Limited",9781790555086,307,https://openlibrary.org/works/OL63073W,https://covers.openlibrary.org/b/id/463307-M.jpg,Open Library API
1952,,,The Price of Salt,Patricia Highsmith,4.5555553,27.0,,,"collectionID:Sleazy_pulp, Fiction, Lesbians, Lesbian romance novel, Lesbian love story, Divorce, Child custody, Road trip, Fiction, action & adventure, Social conditions",,1952,"ger, eng, kor, spa, ita, chi","Little, Brown Book Group Limited, Macfadden-Bartell Corp., Can Yayinlari, Tascabili Bompiani, Naiad Press",52000234075,72,https://openlibrary.org/works/OL59448W,https://covers.openlibrary.org/b/id/250778-M.jpg,Open Library API
1952,,,The Currents of Space,Isaac Asimov,3.8,15.0,,,"Science fiction, Fiction, science fiction, general, sci-fi, science, space, currents, American Science fiction, Life on other planets, Fiction, Conformity",,1952,"chi, fre, ita, eng, ger, por, tur, per","Librairie Des Champs-Elysees/Le Masque Science Fiction, New American Library, Doubleday & Company, Raincoast, Signet",9784150102470,46,https://openlibrary.org/works/OL46385W,https://covers.openlibrary.org/b/id/14616014-M.jpg,Open Library API
1952,,,They Do It with Mirrors,Agatha Christie,4.3333335,9.0,,,"Fiction, Jane Marple (Fictitious character), Women detectives, Detective and mystery stories, Mystery, Marple, jane (fictitious character), fiction, England, fiction, Fiction, mystery & detective, general, English literature, Fiction, mystery & detective, traditional",,1952,"ger, heb, eng, pol, spa, ita, chi, ara, fre","The Audio Partners, Al-Ajyal, Harpercollins, Bantam Books, Inc., HARPER COLLINS 0 PUB",2702400760,114,https://openlibrary.org/works/OL471871W,https://covers.openlibrary.org/b/id/10249524-M.jpg,Open Library API
1952,,,Invisible Man,Ralph Ellison,4.0526314,19.0,,,"Fiction, African American men, African Americans, Race relations, National Book Award Winner, award:national_book_award=1953, award:national_book_award=fiction, open_syllabus_project, Long Now Manual for Civilization, Social conditions",,1952,"spa, eng, ger","Vintage Books, Knopf Doubleday Publishing Group, Penguin Random House Grupo Editorial, Independently Published, Modern Library",0140287574,60,https://openlibrary.org/works/OL495470W,https://covers.openlibrary.org/b/id/998256-M.jpg,Open Library API
1952,,,Go Tell It on the Mountain,James Baldwin,3.6153846,13.0,,,"African americans, fiction, American fiction (fictional works by one author), Fiction, general, African American families, Racism, Fiction, Religion, African American men, African Americans, Blind, books and reading",,1952,"ita, spa, eng","Dial Press Trade Paperback, A Signet Book/The New American Library, Signet 1138, Dial Press Trade Paperbacks, Dell Pub.",0451022726,66,https://openlibrary.org/works/OL228705W,https://covers.openlibrary.org/b/id/97426-M.jpg,Open Library API
1952,,,The Space Merchants,"Frederik Pohl, Cyril M. Kornbluth",4.714286,7.0,,,"Science fiction, consumerism, overpopulation, terraformation, shanghaiing, fiction, Fiction, science fiction, general",,1952,"eng, tur, ger","Penguin, Ballantine Books, St. Martin's Press, Goodchild, Orion Publishing Group, Limited",0345296974,26,https://openlibrary.org/works/OL60943W,https://covers.openlibrary.org/b/id/8405532-M.jpg,Open Library API
1952,,,Childhood’s End,Arthur C. Clarke,3.9230769,26.0,,,"Human-alien encounters, Fiction, Science fiction, Long Now Manual for Civilization, Human evolution, Fiction, science fiction, general, Human-Alien encounter, Reading Level-Grade 7, Reading Level-Grade 9, Reading Level-Grade 8",,1952,"ger, eng, spa, ita, por, fre","Audible, Editora Aleph, Minotauro, Ballantine Books, MINOTAURO",0345227506,81,https://openlibrary.org/works/OL17415W,https://covers.openlibrary.org/b/id/210200-M.jpg,Open Library API
1953,,,The Caves of Steel,Isaac Asimov,4.3076925,26.0,,,"Robots, Fiction, Fiction, science fiction, hard science fiction, Fiction, mystery & detective, general, Interplanetary voyages, Murder, American literature, American Science fiction, Science fiction, Overpopulation",,1953,"tur, fre, por, eng, chi, spa, ger, ita","Bantam Books, Science Fiction Book Club, Easton Press, Tandem Library, Tian di chu ban she",9780449024973,61,https://openlibrary.org/works/OL46401W,https://covers.openlibrary.org/b/id/13790511-M.jpg,Open Library API
1953,,,Fahrenheit 451,Ray Bradbury,3.983908,435.0,,,"Mechanical Hound, girl next door, Long Now Manual for Civilization, Terrorismo estatal, Censura, Novela, Totalitarismo, science fiction, political fiction, satire",,1953,"bre, cze, eng, gre, fre, dut, ger, cat, chi, jpn, glg, ara, swe, tur, ita, rus, spa, srp, por","Collins Educational, Laguna, Txalaparta, S.L., Del Rey, κδόσεις Γρηγόρη",9781613832493,261,https://openlibrary.org/works/OL103123W,https://covers.openlibrary.org/b/id/12993656-M.jpg,Open Library API
1953,,,After the Funeral,Agatha Christie,4.1764708,17.0,,,"Fiction, Mystery, Hercule Poirot (Fictitious character), Private investigators, Belgians, Mystery and detective stories, England, fiction, Fiction, mystery & detective, traditional, Private investigators, fiction, Belgium, fiction",,1953,"gre, ger, heb, eng, spa, ita, por, fre","Harpercollins, Bantam Books, Inc., Columna CAT, HarperCollins Publishers and Blackstone Audio, Molino",1504762266,114,https://openlibrary.org/works/OL471943W,https://covers.openlibrary.org/b/id/12996535-M.jpg,Open Library API
1953,,,The Silver Chair,C. S. Lewis,4.0,31.0,,,"Fiction, Juvenile Fiction, Science Fiction & Fantasy, Children: Grades 2-3, Imaginary Voyages, Magic, Princes, Fantasy fiction, Children's stories, English, Captives",,1953,"ger, eng, pol, vie, spa, chi, ita, swe, jpn","Unknown Publisher, ABC-CLIO Ltd, Media Rodzina, Collier Books, Diamond books",9780816140923,141,https://openlibrary.org/works/OL71078W,https://covers.openlibrary.org/b/id/6950992-M.jpg,Open Library API
1953,,,Casino Royale,Ian Fleming,3.65,40.0,,,"British, Fiction, Fiction in English, Intelligence officers, Secret service, Bond, James (Fictitious character) -- Fiction, Intelligence service, Fiction, thrillers, espionage, Bond, james (fictitious character), fiction, Spy stories",,1953,"ger, heb, eng, spa, ita, rus, fre","Reef Audio, New American Library, Blackstone Audiobooks, Signet Books, Coronet",1512384976,163,https://openlibrary.org/works/OL85753W,https://covers.openlibrary.org/b/id/5540820-M.jpg,Open Library API
1953,,,Second Foundation,Isaac Asimov,4.367647,136.0,,,"Fiction, Psychohistory, Life on other planets, Science fiction, Fiction, science fiction, general, American literature, Psychological fiction, Vie extraterrestre, Romans, nouvelles, Psychohistoire",,1953,"ita, fre, eng, spa, ger, por, dut","Plaza & Janés, Ballantine Books, Mondadori, Penguin Random House, Gnome Press",896017758X,80,https://openlibrary.org/works/OL46309W,https://covers.openlibrary.org/b/id/9261324-M.jpg,Open Library API
1953,,,The First Four Years,Laura Ingalls Wilder,3.6666667,18.0,,,"Juvenile nonfiction, Frontier and pioneer life, Family life, Juvenile fiction, Fiction, Children's stories, Children's fiction, South dakota, fiction, Frontier and pioneer life, fiction, Farm life, fiction",,1953,"spa, pol, por, ger, eng, fre","HarperCollins Publishers, Scholastic, HarperCollins Publishers Limited, Independently Published, Editions du Chat perché : Flammarion",9780060885458,39,https://openlibrary.org/works/OL1719798W,https://covers.openlibrary.org/b/id/30796-M.jpg,Open Library API
1953,,,Junky,"William S. Burroughs, Oliver Harris",3.909091,22.0,,,"Drug addicts, Heroin abuse, Fiction, Drug use, Homosexuals in Fiction, Biography, Continental european fiction (fictional works by one author), Drug abuse, Fiction in English, Heroin",,1953,"ger, eng, spa, ita, dut, jpn, fre","Altikirkbes, Bruce & Watson, New English Library, Pierre Belfond, Bruguera",0141904011,48,https://openlibrary.org/works/OL258131W,https://covers.openlibrary.org/b/id/109160-M.jpg,Open Library API
1953,,,A Pocket Full of Rye,Agatha Christie,4.3846154,13.0,,,"Ficción, Fiction, Jane Marple (Fictitious character), Marple, Jane (Personaje literario), Novela de misterio, Women detectives, English Detective and mystery stories, Large type books, Murder, Investigation",,1953,"heb, spa, pol, ger, eng, rus, fre, chi","Scherz, Yüan jing chu ban shi yeh gong si, Livre de Poche, Ulverscroft, Pocket Book",9780063214064,104,https://openlibrary.org/works/OL472619W,https://covers.openlibrary.org/b/id/14591386-M.jpg,Open Library API
1953,,,A Kiss Before Dying,Ira Levin,3.2,5.0,,,"Serial murders in fiction, Detective and mystery stories, Fiction, Fiction, mystery & detective, general, Fiction, crime, Serial murders, Fiction, psychological, Crime, fiction, Fiction, suspense, Pregnancy, fiction",,1953,"ger, eng, vie, chi, dut, jpn","Pegasus Books, Little, Brown Book Group Limited, Goldmann Verlag, New American Library, Simon and Schuster",9780762102518,54,https://openlibrary.org/works/OL28321W,https://covers.openlibrary.org/b/id/9294500-M.jpg,Open Library API
1954,,,The Fellowship of the Ring,J.R.R. Tolkien,4.352941,391.0,,,"Elves, Dwarves, evil, fear, hope, young adult fiction, Ficción, Ficción fantástica inglesa, Fantastic fiction, The Lord of the Rings",,1954,"tur, jpn, ita, nor, hrv, dan, afr, bul, pol, yid, ind, por, ger, rus, swe, hun, dut, glg, cat, spa, eng, ast, fre, chi","Lian jing chu ban shi ye gu fen you xian gong si, The Random House Publishing Group, Klett-Cotta, Planeta Colombiana Editorial, Trabe",9780547952017,298,https://openlibrary.org/works/OL27513W,https://covers.openlibrary.org/b/id/14627060-M.jpg,Open Library API
1954,,,The Naked Sun,Isaac Asimov,3.9545455,22.0,,,"Fiction, Science fiction, Robots, Robots in fiction, Fiction, science fiction, hard science fiction, Fiction, mystery & detective, general, American literature, Fiction, science fiction, general, American Science fiction, Murder",,1954,"chi, fre, ita, eng, spa, ger, por","Ediciones Roca, LANCER BOOKS INC, J'ai lu / Science-fiction, MLBD, Heyne Verlag",9780345313904,52,https://openlibrary.org/works/OL46398W,https://covers.openlibrary.org/b/id/6542967-M.jpg,Open Library API
1954,,,I am Legend,Richard Matheson,4.2083335,24.0,,,"Fiction, horror, Fiction, science fiction, general, Vampires, fiction, Vampires, Fiction, Epidemics, Human experimentation in medicine, Zombies, Romans, nouvelles, American Science fiction",,1954,"heb, ita, spa, fre, eng, rus","Éditions Denoël, Mondadori, Folio, RosettaBooks, Brand: Booket",9780795315640,55,https://openlibrary.org/works/OL11374287W,https://covers.openlibrary.org/b/id/911109-M.jpg,Open Library API
1954,,,The Horse and His Boy,C. S. Lewis,3.9135802,81.0,,,"Fantasy, Children's fiction, Allegory, Aventures, Magie, Frères et soeurs, Roman pour la jeunesse, Chevaux, Narnia (Lieu imaginaire), Romans, nouvelles, etc. pour la jeunesse",,1954,"ger, eng, tur, pol, vie, spa, chi, ita, swe, jpn, fre, arm","Unknown Publisher, Geoffrey Bles, Media Rodzina, Editions Gallimard, Harper Collins",9780064405010,185,https://openlibrary.org/works/OL71058W,https://covers.openlibrary.org/b/id/9184792-M.jpg,Open Library API
1954,,,The Lord of the Rings,J.R.R. Tolkien,4.4814816,108.0,,,"The Lord of the Rings, Fiction, Ficción, English Fantasy fiction, Ficción fantástica inglesa, Fantasy fiction, Open Library Staff Picks, Middle Earth (Imaginary place), Fiction, fantasy, epic, Middle earth (imaginary place), fiction",,1954,"ger, glg, eng, tur, jpn, pol, kor, spa, cze, swe, bul, slo, ita, cat, por, dut, rus, fre","Guild Publishing, Harper Collins, Ballantine Books, HarperCollins Canada, Limited, Gallimard",0048231835,251,https://openlibrary.org/works/OL27448W,https://covers.openlibrary.org/b/id/14625765-M.jpg,Open Library API
1954,,,The Two Towers,J.R.R. Tolkien,4.3656387,227.0,,,"Ents, Orcs, hobbits, magic, Ficción fantástica inglesa, Ficción, translations into Spanish, readers for new literates, The Lord of the Rings, English Fantasy fiction",,1954,"tur, jpn, ita, baq, hrv, dan, afr, bul, pol, yid, ind, ger, rus, swe, hun, dut, cat, spa, fre, eng, ast, por, cze, chi","BALLANTINE BOOKS @, Klett-Cotta, Planeta Colombiana Editorial, Bard, Texto Online",004823186X,277,https://openlibrary.org/works/OL27479W,https://covers.openlibrary.org/b/id/14627564-M.jpg,Open Library API
1954,,,Lord of the Flies,William Golding,3.6735752,386.0,,,"fiction, relationships, adventure, morality, survival, childhood, children, boys, ethics, castaway",,1954,"chi, eng, jpn, ita, rus, fre, glg, spa, ger, por, dut, vie","Berkley Publishing Group, Lythway P., Kai jin wen hua shi yeh gong si, Planeta DeAgostini, Círculo de Lectores",0899669050,191,https://openlibrary.org/works/OL455327W,https://covers.openlibrary.org/b/id/8684447-M.jpg,Open Library API
1954,,,Alanna,Tamora Pierce,4.3333335,42.0,,,"Fiction, Song of the Lioness, Tortall, Knights and knighthood, Sex role, Knights and knighthood in fiction, Sex role in fiction, Alanna (Fictitious character : Pierce), Juvenile fiction, Fantasy fiction",,1954,"ita, eng, ger, fre","Turtleback Books, Borzoi Sprinters, Arena, Random House, Atheneum Books for Young Readers",1484484363,38,https://openlibrary.org/works/OL29286W,https://covers.openlibrary.org/b/id/9256278-M.jpg,Open Library API
1954,,,Live and let die,Ian Fleming,3.5333333,15.0,,,"British, Fiction, Fiction in English, Intelligence officers, James Bond (Fictitious character), Intelligence service, Fiction, espionage, Bond, james (fictitious character), fiction, Large type books, Fiction, thrillers, espionage",,1954,"eng, heb, spa, tur, ger, ita, vie","Signet / NAL, Ian Fleming Publications, Ltd. and Blackstone Audio, Penguin Random House, MJF Books, Lao Dong",042508759X,134,https://openlibrary.org/works/OL85746W,https://covers.openlibrary.org/b/id/109570-M.jpg,Open Library API
1954,,,The Toll-Gate,Georgette Heyer,4.25,8.0,,,"Fiction, Romance, Historical, Regency, Great Britain, fiction, England, fiction, Social life and customs, fiction, England in fiction, Love stories, English fiction, Fiction, religious, Chicago (ill.), fiction, Large print books",,1954,"eng, ger","Harpercollins (Mm), Dtv, Mandarin, W. Heinemann, PAN",9780434328277,45,https://openlibrary.org/works/OL4092608W,https://covers.openlibrary.org/b/id/76224-M.jpg,Open Library API
1955,,,The Magician's Nephew,C. S. Lewis,4.0185184,108.0,,,"Fantasy, Juvenile fiction, Cartoons and comics, Fiction, Fairy tales, Narnia (Imaginary place), Reading list, Magic, Romance norte americano, Fantasy fiction",,1955,"ger, eng, kor, jpn, ice, pol, spa, chi, ita, swe, rus, fre, arm","Media Rodzina, Harper Collins, HarperCollins Canada, Limited, HarperCollins Publishers, Simon & Schuster Children's Publishing",8804599057,163,https://openlibrary.org/works/OL71042W,https://covers.openlibrary.org/b/id/1072931-M.jpg,Open Library API
1955,,,The End of Eternity,Isaac Asimov,4.352941,17.0,,,"Time travel, Fiction, Fiction in English, Science fiction, Fiction, science fiction, general, Large type books, Science-fiction, American Science fiction, Themes, Alternate history",,1955,"tur, chi, fre, eng, spa, ger, por, ita","Ballantine Books, Martínez Roca, Fawcett,  Orbis, Mondadori",848896692X,62,https://openlibrary.org/works/OL46108W,https://covers.openlibrary.org/b/id/6622699-M.jpg,Open Library API
1955,,,Harold and the Purple Crayon,Crockett Johnson,4.4210525,19.0,,,"Animals, Children's Books/Baby-Preschool, Fiction, Fantasy, Crayon drawing, Crayons, Spanish language materials, Crayones, Juvenile fiction, Ficción juvenil",,1955,"spa, eng, jpn, chi, fre","Harper & Row, Bloomsbury Publishing PLC, HarperFestival, Santillana Ediciones, Alfaguara",0060001771,22,https://openlibrary.org/works/OL3544186W,https://covers.openlibrary.org/b/id/50758-M.jpg,Open Library API
1955,,,Tunnel in the sky,Robert A. Heinlein,4.181818,11.0,,,"society, Survival, political, Interplanetary voyages, Fiction, Science fiction, adventure, space travel, Juvenile fiction, Long Now Manual for Civilization",,1955,"heb, eng, und","Ballantine Books (Mm), Pocket Books, Pan, The Crowood Press, Robert Hale Ltd",1501236466,30,https://openlibrary.org/works/OL59712W,https://covers.openlibrary.org/b/id/14630892-M.jpg,Open Library API
1955,,,The Chrysalids,John Wyndham,4.3333335,9.0,,,"Fiction, Science Fiction, Post-Apocolyptic Life, Mutation (Biology), Telepathy, FICTION / Dystopian, FICTION / Science Fiction / Apocalyptic & Post-Apocalyptic, Fiction, science fiction, general, Fiction, general, Science fiction, fantasy, horror",,1955,"eng, spa, por","Nelson Thornes Ltd, Penguin Books in association with Joseph, New York Review Books, Penguin Books, Limited (UK), Charnwood",0460905589,37,https://openlibrary.org/works/OL1911334W,https://covers.openlibrary.org/b/id/6669244-M.jpg,Open Library API
1955,,,Pedro Páramo,Juan Rulfo,4.137931,29.0,,,"Ficción, Fiction, Readers, Spanish language, Translations into Irish, Jalisco (México), Peasants, Campesinos, Fiction, family life, Mexico, fiction",,1955,"gre, ger, heb, eng, spa, swe, gle, fre","Pataki, Plaza & Janes Editories Sa, Editorial Rm Rio Panuko, Suhrkamp, Ediciones Cátedra",9654074303,134,https://openlibrary.org/works/OL1731119W,https://covers.openlibrary.org/b/id/5419076-M.jpg,Open Library API
1955,,,The Talented Mr. Ripley,Patricia Highsmith,4.117647,17.0,,,"Criminals, fiction, Great britain, fiction, Italy, fiction, Ripley, tom (fictitious character), fiction, Fiction, mystery & detective, general, Fiction, psychological, Serial murders, fiction, American Detective and mystery stories, Criminals, Detective and mystery stories, American",,1955,"ger, eng, spa, per, ita, rus, fre","Little, Brown Book Group Limited, Tascabili Bompiani, Audible Studios on Brilliance Audio, Amfora (SPb.), Editorial Anagrama",1784876763,70,https://openlibrary.org/works/OL59434W,https://covers.openlibrary.org/b/id/2198258-M.jpg,Open Library API
1955,,,Beezus and Ramona,Beverly Cleary,4.111111,27.0,,,"readers, chapter books, JUVENILE FICTION, Humorous Stories, Animals, Classics, Action & Adventure, transportation, realistic fiction, juvenile works",,1955,"gre, ger, eng, spa, und, swe, dan","Oxford University Press, Doubleday Books, HarperCollins Publishers, William Morrow and Company, Avon Books",9780061684951,48,https://openlibrary.org/works/OL151996W,https://covers.openlibrary.org/b/id/9404116-M.jpg,Open Library API
1955,,,Bath Tangle,Georgette Heyer,3.4285715,7.0,,,"Fiction, Romance, Historical, Regency, Stepdaughters, fiction, Open Library",,1955,eng,"Chivers, Penguin Random House, Ulverscroft, William Heinemann Ltd, Thorndike Pr",0061002046,49,https://openlibrary.org/works/OL4092688W,https://covers.openlibrary.org/b/id/42987-M.jpg,Open Library API
1955,,,The October Country,Ray Bradbury,4.428571,7.0,,,"Fantasy fiction, American, Horror tales, American, American Science fiction, American Fantasy fiction, American Horror tales, English Short stories, Fiction, science fiction, short stories, Fiction, fantasy, short stories, Fiction, fantasy, collections & anthologies",,1955,"spa, eng, fre, tur, rus","Panther, Wm. Morrow, Ballantine, Recorded Books, Inc. and Blackstone Publishing, denoel, Paris",0380973871,53,https://openlibrary.org/works/OL103198W,https://covers.openlibrary.org/b/id/14828135-M.jpg,Open Library API
1956,,,Giovanni's Room,James Baldwin,4.2222223,36.0,,,"Race relations, African Americans, Psychology, Afro-Americans, Giovanni, Nikki, Fiction, Americans in fiction, Americans, Sexual behavior, Homosexuality in fiction",,1956,"ger, eng, tur, spa, por, rus, fre","Penguin Group UK, Laurel, AudioGO, Doubleday Books, Blackstone Audiobooks",0679642196,65,https://openlibrary.org/works/OL228702W,https://covers.openlibrary.org/b/id/97395-M.jpg,Open Library API
1956,,,The Last Battle,C. S. Lewis,3.8630137,73.0,,,"Juvenile Fiction, Science Fiction & Fantasy, Fiction, Fantasy, Children's fiction, Narnia (imaginary place), fiction, Fantasy fiction, Juvenile, Narnia (Imaginary place), Magic",,1956,"ger, eng, pol, vie, spa, chi, ita, swe, jpn","Media Rodzina, Collier Books, Index, Fontana Lions, Rayo",9780261667976,106,https://openlibrary.org/works/OL71124W,https://covers.openlibrary.org/b/id/6529226-M.jpg,Open Library API
1956,,,The Stars My Destination,Alfred Bester,3.9166667,24.0,,,"Science fiction, Literature and science, Adventure stories, Fiction, science fiction, general, Astronauts, Fiction, Redemption, Retribution, American Science fiction, Twenty-fifth century",,1956,eng,"Independently Published, Gregg Press, F. Watts, iPicturebooks, Berkley Pub. Corp.",9780575079090,25,https://openlibrary.org/works/OL1819353W,https://covers.openlibrary.org/b/id/911114-M.jpg,Open Library API
1956,,,Train to Pakistan,Khushwant Singh,3.8125,16.0,,,"Political violence, History, Fiction, India, fiction, Fiction, historical, Pakistan, fiction, Fiction, political, Pictorial works, Fiction, historical, general, Political refugees",,1956,eng,"South Asia Books, Greenwood Press, Grove Press, Penguin , Time Books International",9788174364449,17,https://openlibrary.org/works/OL318479W,https://covers.openlibrary.org/b/id/568646-M.jpg,Open Library API
1956,,,Breakfast at Tiffany's,Truman Capote,3.875,16.0,,,"American Short stories, Manners and customs, Fiction, Social life and customs, Translations into Russian, American fiction, Gay men, Interpersonal relations, Gay authors, Young women",,1956,"fre, heb, por, eng, chi, ukr, spa, vie, ger, rus, jpn, cze, ita","Keter, Random House, Penguin Books, Limited, TERRA, Amereon Ltd",0140816275,113,https://openlibrary.org/works/OL1992167W,https://covers.openlibrary.org/b/id/100108-M.jpg,Open Library API
1956,,,The Silver Sword,Ian Serraillier,3.9,20.0,,,"Juvenile fiction, Civilians in War, Fiction, Children's fiction, Refugees, fiction, Warsaw (poland), fiction, World war, 1939-1945, fiction, Children's stories, English fiction, World War, 1939-1945",,1956,"eng, und, dan","Oxford University Press, Chivers North America, S.G. Phillips, Scholastic Paperbacks, Penguin Random House",9780224070775,46,https://openlibrary.org/works/OL4628121W,https://covers.openlibrary.org/b/id/383863-M.jpg,Open Library API
1956,,,Harry the Dirty Dog,Gene Zion,4.3,20.0,,,"Cleanliness, Juvenile fiction, Dogs, Spanish language materials, Fiction, Hygiene, Children's fiction, Dogs, fiction, Picture books, Harry (Fictitious character : Zion)",,1956,"spa, chi, eng, und, tha","The Bodley Head, Scholastic, Perfection Learning Prebound, Turtleback Books, HarperFestival",9780812440768,30,https://openlibrary.org/works/OL1973379W,https://covers.openlibrary.org/b/id/24282-M.jpg,Open Library API
1956,,,Dead Man's Folly,Agatha Christie,3.8,10.0,,,"Fiction, Historical Fiction, Mystery, Romance, Hercule Poirot (Fictitious character), Private investigators, Private investigators in fiction, Belgians, Belgians in fiction, Ariadne Oliver (Fictitious character)",,1956,"ger, eng, vie, spa, chi, fre","Librairie des Champs-Élysées., Literary Express, Inc., Harpercollins, Fontana/Collins, HarperCollins Publishers and Blackstone Audio",9780007138067,96,https://openlibrary.org/works/OL471713W,https://covers.openlibrary.org/b/id/6985969-M.jpg,Open Library API
1956,,,Double Star,Robert A. Heinlein,3.9333334,15.0,,,"Hugo Award Winner, award:hugo_award=1956, award:hugo_award=novel, American Science fiction, Fiction, science fiction, general, Children's fiction, Science fiction, Long Now Manual for Civilization",,1956,"eng, dut, fre","Grafton, Gollancz, Arc Manor, Blackstone Audio, Doubleday",9753420846,42,https://openlibrary.org/works/OL59715W,https://covers.openlibrary.org/b/id/14632131-M.jpg,Open Library API
1956,,,The City and the Stars,Arthur C. Clarke,5.0,3.0,,,"English Science fiction, Fiction, Fiction in English, Life on other planets, Conformity, Fiction, science fiction, general",,1956,"spa, eng, por, lit, ger","Aleph, Yestermorrow Inc, Corgi Books, Science Fiction Book Club, Signet Books",9781568494180,22,https://openlibrary.org/works/OL17400W,https://covers.openlibrary.org/b/id/5540971-M.jpg,Open Library API
1957,,,4:50 from Paddington,Agatha Christie,3.9565217,23.0,,,"Fiction, Mystery, Jane Marple (Fictitious character), Fiction, mystery & detective, general, Marple, jane (fictitious character), fiction, English literature, English language, Fiction, mystery & detective, traditional, Murder, Investigation",,1957,"ger, heb, eng, fre, pol, vie, spa, chi, ita, dut, rus, ara, hin, hun","Collins for the Crime Club, Planeta DeAgostini, HARPER COLLINS 0 PUB, Collins, Fontana Books, Thorpe",9780816191048,140,https://openlibrary.org/works/OL471500W,https://covers.openlibrary.org/b/id/13151352-M.jpg,Open Library API
1957,,,Stars Through the Mist,Betty Neels,3.8666666,15.0,,,"Fiction, Romance, Contemporary, Nurses, fiction, Surgeons, fiction",,1957,eng,"Harlequin Mills & Boon, Limited, Harlequin Books, Harlequin Mills and Boon, Thorndike Press, New York",0263798879,18,https://openlibrary.org/works/OL3457886W,https://covers.openlibrary.org/b/id/221872-M.jpg,Open Library API
1957,,,How the Grinch Stole Christmas!,"Dr. Seuss, Rik Mayall",4.1320753,53.0,,,"Christmas stories.sh, Pictorial works, Juvenile fiction, Children's stories.sh, Christmas stories, Christmas, Behavior, fiction, Christmas, fiction, Children's fiction, Stories in rhyme",,1957,"eng, lat, ger, spa","Random House BFYR, Penguin Random House, HarperCollins Publishers Limited, Bolchazy-Carducci Publishers, HARPER COLL CHILDREN",9788448844646,42,https://openlibrary.org/works/OL261169W,https://covers.openlibrary.org/b/id/12055-M.jpg,Open Library API
1957,,,All Else Confusion,Betty Neels,3.3125,16.0,,,"Fiction, Romance, Contemporary, Man-woman relationships, fiction, Emotional abuse, fiction",,1957,eng,"Harlequin, Harlequin Enterprises, Limited, harlequin, Chivers, Mills and Boon",128372037X,14,https://openlibrary.org/works/OL3457643W,https://covers.openlibrary.org/b/id/218734-M.jpg,Open Library API
1957,,,Forever,Judy Blume,3.8333333,6.0,,,"homosexuality, birth control, Fiction, Fiction in English, New Jersey in fiction, Teenagers in fiction, Family life, Family life in fiction, Sexual behavior, History",,1957,"eng, fre, ger, spa","MACMILLAN CHILDREN'S BOOKS, Star, Simon & Schuster Books for Young Readers, Gollancz, Pan Horizons",9780671469429,44,https://openlibrary.org/works/OL1838409W,https://covers.openlibrary.org/b/id/8588054-M.jpg,Open Library API
1957,,,On The Road,Jack Kerouac,3.5411766,85.0,,,"Beat generation, Fiction, Autobiographical fiction, Beat generation in literature, History and criticism, American Autobiographical fiction, Literature, Classic Literature, Beat generation -- Fiction, Beats (Persons)",,1957,"chi, eng, tib, jpn, ita, fre, spa, heb, slo, tur, ger, por, dut","Pearson Education, Limited, Oscar Mondadori, Caedmon, Paw Prints 2008-07-10, Zemorah-Bitan",0233955569,152,https://openlibrary.org/works/OL65906W,https://covers.openlibrary.org/b/id/34655-M.jpg,Open Library API
1957,,,On the Beach,Nevil Shute,3.75,8.0,,,"Atomic Bomb, English Science fiction, Fiction, Literature, Nuclear warfare, Roman, Juvenile fiction, United States, United States. Navy, Fiction, science fiction, general",,1957,"heb, dut, eng, ger, rus","Text Publishing Company, Bantam Books, Pearson Education Australia, Butterworth-Heinemann, Knopf Doubleday Publishing Group",1982904933,119,https://openlibrary.org/works/OL2779754W,https://covers.openlibrary.org/b/id/997896-M.jpg,Open Library API
1957,,,The Moon for Lavinia,Betty Neels,4.0,10.0,,,"Fiction, Romance, Contemporary, Nurses, fiction, Netherlands, fiction, Doctor Nurse romance, fiction",,1957,"eng, und","Magna Large Print Books, Thorndike Press, Harlequin Enterprises ULC, Mills & Boon, Harlequin Enterprises, Limited",0263798887,16,https://openlibrary.org/works/OL3458063W,https://covers.openlibrary.org/b/id/221695-M.jpg,Open Library API
1957,,,Citizen of the Galaxy,Robert A. Heinlein,4.0,14.0,,,"Science fiction, Translations into Russian, Space flight -- Fiction, Slaves, Interplanetary voyages, Fiction, science fiction, general, American Science fiction, Child slaves, Fiction, Beggars",,1957,"und, rus, fre, eng, spa","Ace Books, ""Severo-zapad"", Sin Limites, Hale, Puffin Books",9780345289117,37,https://openlibrary.org/works/OL59679W,https://covers.openlibrary.org/b/id/14631510-M.jpg,Open Library API
1957,,,The Cat in the Hat,"Dr. Seuss, Simon Mugford",4.1121497,107.0,,,"Nonsense verses, Children's stories, American, Readers, Juvenile fiction, Spanish literature, Poetry, Children's literature, Spanish, Latin language materials",,1957,"chi, yid, eng, rus, fre, spa, heb, ger, lat, ita","Keter, Twentieth Century-Fox Home Video, HarperCollins Children's, Farlag ""ʻEśrim ṿe-arbe"", HarperCollins",9780001717923,85,https://openlibrary.org/works/OL1898309W,https://covers.openlibrary.org/b/id/11342-M.jpg,Open Library API
1958,,,Things Fall Apart,Chinua Achebe,3.9213483,89.0,,,"20th century literature, Christianity, masculinity, British colonialism, LANGUAGE & LITERARY STUDIES, CONTEMPORARY FICTION, literature, Race relations, Men, British",,1958,"eng, und, fre, spa, yor, heb, ger, por, dut, vie","Drmc Mrd, Brand: Anchor Canada, Présence africaine, Sine nomine, Recorded Books",9782708701915,94,https://openlibrary.org/works/OL891786W,https://covers.openlibrary.org/b/id/12816943-M.jpg,Open Library API
1958,,,The Tell-Tale Heart,Edgar Allan Poe,4.203704,54.0,,,"Asesinato, Cuentos de terror estadounidenses, Ficción, American Horror tales, American literature, Children's fiction, Classic Literature, Crime, Crime fiction, Crime in fiction",,1958,"eng, fre, ger, spa","Jamestown Pubns, Mojo Press, Dreamscape Media, LLC, Audiocite, Liese. Outside The Box, Andreas",9781521093443,71,https://openlibrary.org/works/OL41059W,https://covers.openlibrary.org/b/id/11851436-M.jpg,Open Library API
1958,,,Have Spacesuit--Will Travel,Robert A. Heinlein,3.8888888,18.0,,,"Interplanetary voyages, Fiction, Science fiction, Fiction, science fiction, general, American Science fiction, Children's fiction, Outer space, fiction, Long Now Manual for Civilization",,1958,eng,"Blackstone Audiobooks, Del Rey/Ballantine Books, Pocket Books, Blackstone Audio, Metis Yayincilik",9781932076400,32,https://openlibrary.org/works/OL59727W,https://covers.openlibrary.org/b/id/13148668-M.jpg,Open Library API
1958,,,Nine Coaches Waiting,Mary Stewart,4.2727275,11.0,,,"Fiction, historical, general, Fiction, romance, general, Fiction, Governesses, romance, mystery, France, fiction, Fiction, romance, suspense, Fiction, gothic, English fiction",,1958,eng,"Ulverscroft Large Print, Fawcett, Hodder, William Morrow & Co, Chicago Review Press",0340014393,23,https://openlibrary.org/works/OL213266W,https://covers.openlibrary.org/b/id/777961-M.jpg,Open Library API
1958,,,Venetia,Georgette Heyer,4.3076925,13.0,,,"Fiction, Rimance, Historical, Regency, Country life, fiction, Family secrets, fiction, Single women, fiction, Great Britain, fiction, England, fiction, Family life, fiction, Man-woman relationships, fiction, Upper class, fiction, Country life",,1958,eng,"Chivers Press, HQN, G.P. Putnam's Sons, Jove, Berkely",9781402239076,38,https://openlibrary.org/works/OL4092681W,https://covers.openlibrary.org/b/id/75724-M.jpg,Open Library API
1958,,,Methuselah's children,Robert A. Heinlein,3.7,10.0,,,"Longevity, Fiction, American Science fiction, Fiction in English, Fiction, science fiction, general, Long, lazarus (fictitious character), fiction, Novel℗ʺla, Cie  ncia-ficcio, Long Now Manual for Civilization",,1958,"spa, ita, ger, fre, heb, eng","New American Library, Wilhelm Goldmann Verlag, The Crowood Press, Gnome Press, Roc",9780575113190,37,https://openlibrary.org/works/OL59726W,https://covers.openlibrary.org/b/id/14632198-M.jpg,Open Library API
1958,,,The Cat in the Hat Comes Back,Dr. Seuss,3.5416667,24.0,,,"Dr. Seuss, Cat in the Hat, Children's, Books, Stories, Fiction, Rhymes, Rhyming, Play, Alphabet",,1958,"eng, spa, chi, heb","Keter, Houghton Mifflin (Juv), Yuan liu chu ban gong si, Lectorum Publications, Incorporated, Perfection Learning",0395017750,26,https://openlibrary.org/works/OL261147W,https://covers.openlibrary.org/b/id/11344-M.jpg,Open Library API
1958,,,Confessions of a Mask,"三島由紀夫, Meredith Weatherby",3.9,10.0,,,"Japanese Fiction, Gay men, English fiction, Translations from Japanese, Translations into English, Fiction, Near and far eastern fiction (fictional works by one author), Gay men, fiction, Fiction, biographical, Fiction, lgbtq+, gay",,1958,"hrv, eng, jpn","Peter Owen Ltd, Penguin Classics, New Directions], Shinchōsha, Kawade Shobō",9780586037249,24,https://openlibrary.org/works/OL1845165W,https://covers.openlibrary.org/b/id/597870-M.jpg,Open Library API
1958,,,Our Man in Havana,Graham Greene,3.3076923,13.0,,,"Fiction, Intelligence service, Black Comedy, Working class, Secret service, Large type books, Havana (cuba), fiction, Fiction, humorous, general, Fiction, thrillers, espionage, British and irish fiction (fictional works by one author)",,1958,"fin, spa, eng, ita, dut, por, cat, rus, dan, heb, fre, ger","Laffont, Лениздат, Uitgeverij Contact, Ebsco Publishing, Macmillan Collector's Library",0099479249,87,https://openlibrary.org/works/OL106074W,https://covers.openlibrary.org/b/id/15130107-M.jpg,Open Library API
1958,,,The Agony and the Ecstasy,Irving Stone,4.0833335,12.0,,,"Fiction, Artists, Biography, Biographical fiction, American fiction (fictional works by one author), Artists, fiction, Italy, fiction, Fiction, general, Michelangelo Buonarroti, 1475-1564 -- Fiction, Powieści",,1958,"ger, heb, eng, pol, spa, swe, rus","Czytelnik, New American Library, Emecé, Arrow, Signet Books",9780451040503,83,https://openlibrary.org/works/OL112002W,https://covers.openlibrary.org/b/id/7234641-M.jpg,Open Library API
1959,,,The Haunting of Hill House,Shirley Jackson,3.9605262,76.0,,,"Haunted houses, Fiction, Large type books, Casas embrujadas, Cuentos de terror, Ficción, Gothic revival (Literature), Horror tales, Novela gótica, Novela psicológica",,1959,"por, eng, spa, ger, jpn, ita","Diogenes Verlag, Blackstone Audio, Inc., Corgi Childrens, Penguin Books, Limited, Corgi",3865527078,74,https://openlibrary.org/works/OL3171069W,https://covers.openlibrary.org/b/id/4289014-M.jpg,Open Library API
1959,,,The Eyes of the Dragon,Stephen King,4.296296,27.0,,,"suspense, horror, epic fantasy, Fantasy, Fiction, Thriller, Princes, Dragons, Wizards, Horror fiction",,1959,"ger, eng, pol, spa, chi, rus, fre","Little, Brown Book Group Limited, Suma de Letras, OOO Izdatel'stvo AST, Guild Publishing, New American Library",9782226071439,65,https://openlibrary.org/works/OL81602W,https://covers.openlibrary.org/b/id/8524085-M.jpg,Open Library API
1959,,,Starship Troopers,Robert A. Heinlein,3.8225806,62.0,,,"Fiction, Hugo Award Winner, Science fiction, Space warfare, award:hugo_award=1960, award:hugo_award=novel, Long Now Manual for Civilization, Large type books, Fiction, science fiction, action & adventure, Fiction, science fiction, general",,1959,"fre, ita, eng, spa, ger, por","Ediciones Roca, New American Library, Berkley Publishing Corporation, NEL Books, Hodder & Stoughton General Division",9780425029459,60,https://openlibrary.org/works/OL59740W,https://covers.openlibrary.org/b/id/14630746-M.jpg,Open Library API
1959,,,The Sirens of Titan,Kurt Vonnegut,3.8333333,12.0,,,"Ciencia-ficción, Classic Literature, Fiction, Mystery, Science Fiction & Fantasy, Science fiction, American fiction (fictional works by one author), Fiction, science fiction, general",,1959,"spa, eng","Houghton Mifflin, Gollancz, Tandem Library, Hodder Paperbacks, VGSF",9780385294218,31,https://openlibrary.org/works/OL98485W,https://covers.openlibrary.org/b/id/1364468-M.jpg,Open Library API
1959,,,A Separate Peace,John Knowles,3.6875,16.0,,,"Boys, Death, Preparatory schools, Friendship, Preparatory school students, Fiction, World War, 1939-1945, World War (1939-1945) fast (OCoLC)fst01180924, New hampshire, fiction, Friendship, fiction",,1959,"tur, eng, ger, und, ita","Simon & Schuster, Limited, Bantam Books, Recorded Books, Inc., Secker and Warburg, Dell Publishing Co",0606013458,103,https://openlibrary.org/works/OL267913W,https://covers.openlibrary.org/b/id/10628378-M.jpg,Open Library API
1959,,,Cat Among the Pigeons,Agatha Christie,4.0,14.0,,,"Fiction, Mystery, Boarding schools, Detective and mystery stories, Hercule Poirot (Fictitious character), Private investigators, Poirot, hercule (fictitious character), fiction, Fiction, mystery & detective, traditional, England, fiction, Fiction, mystery & detective, general",,1959,"ger, heb, eng, pol, spa, chi, dut, rus, fre","Le Livre de Poche, Yuan jing chu ban gong si, Harpercollins, Harper Collins, Dodd, Mead & Company",9024544459,96,https://openlibrary.org/works/OL471641W,https://covers.openlibrary.org/b/id/12852588-M.jpg,Open Library API
1959,,,The Unknown Ajax,Georgette Heyer,4.75,8.0,,,"1950s, Fiction, Romance, Historical, Regency, Love stories, fiction, Fiction in English, Aristocracy (Social class), fiction, Inheritance and succession,  fiction, Fiction, romance, suspense, Great Britain, fiction, London (England), fiction, Fiction, romance, historical, regency & georgian",,1959,eng,"HarperCollins Publishers (Mm), William Heinemann, Putnam, Ace Books, Harlequin Enterprises, Limited",0708904696,31,https://openlibrary.org/works/OL4092673W,https://covers.openlibrary.org/b/id/221685-M.jpg,Open Library API
1959,,,The Magic World,Edith Nesbit,3.3333333,3.0,,,"Magic, Children's stories, English, Short stories, Fiction, Children's fiction, Fantasy fiction, Magic, fiction, Fiction, general",,1959,"eng, und","Independently published, The Perfect Library, Coward-McCann, West Margin Press, Mayflower Books",1986973344,352,https://openlibrary.org/works/OL7984948W,https://covers.openlibrary.org/b/id/2970137-M.jpg,Open Library API
1959,,,Naked Lunch,"William S. Burroughs, William Burroughs",3.7619047,21.0,,,"Drug Use, Heroin, Drug addicts, Recovering addicts, Fiction, Autobiography, Beat Generation, War on Drugs, English language, Alienation (Social psychology)",,1959,"ita, ger, spa, rus, chi, eng","HarperPerennial, The Olympia Press, Ballantine Books, Grove, London. Fourth Estate",9780714539676,54,https://openlibrary.org/works/OL258134W,https://covers.openlibrary.org/b/id/9788627-M.jpg,Open Library API
1959,,,My side of the mountain,Jean Craighead George,4.142857,42.0,,,"Supervivencia (accidentes de aviación, naufragios, etc.), Falcons, Spanish language materials, Fiction, Juvenile literature, Self-reliance, Literatura juvenil, Vida montañesa, Autodependencia, Survival",,1959,"eng, spa, und, chi","Scholastic, Dutton/Penguin, Penguin Putnam, scholastic, Perfection Learning Prebound",0590981811,45,https://openlibrary.org/works/OL111900W,https://covers.openlibrary.org/b/id/108669-M.jpg,Open Library API
1960,,,To Kill a Mockingbird,Harper Lee,4.123077,260.0,,,"fiction, fiction classics, contemporary fiction, racial segregation, mob mentality, Southern Gothic, southern life, racial injustice, class, courage",,1960,"tur, heb, cat, urd, spa, fre, per, kor, por, ger, eng, swe, rus, chi","Sel Yayıncılık, HarperLuxe, William A. Thomas Braille Bookstore, ZETA BOLSILLO, Perennial Classics",0822072092,213,https://openlibrary.org/works/OL3140822W,https://covers.openlibrary.org/b/id/14351077-M.jpg,Open Library API
1960,,,The Mirror Crack'd from Side to Side,Agatha Christie,4.4444447,18.0,,,"Fiction, Mystery, Jane Marple (Fictitious character), Women detectives in fiction, Women detectives, Romance Ingles, Crime & mystery, England, fiction, Marple, jane (fictitious character), fiction, Fiction, mystery & detective, traditional",,1960,"heb, ara, ita, spa, pol, gre, ger, eng, rus, fre, chi","Scherz, Ming yüan chu ban she, Livre de Poche, HarperCollins Publishers, HarperCollins Publishers Limited",9780061155390,126,https://openlibrary.org/works/OL471990W,https://covers.openlibrary.org/b/id/10561150-M.jpg,Open Library API
1960,,,The Incredible Journey,Sheila Burnford,3.9310346,29.0,,,"Adventure and adventurers, Fiction, Juvenile fiction, dogs, juvenile works, pets, siamese cats, Wilderness survival, Children's fiction, Dogs, fiction",,1960,"eng, und, ger, fre","Bantam Skylark, Little Brown & Co., Franklin Watts, Coronet, Amereon Limited",3596216575,95,https://openlibrary.org/works/OL2562769W,https://covers.openlibrary.org/b/id/14539398-M.jpg,Open Library API
1960,,,Are You My Mother?,P. D. Eastman,4.2807016,57.0,,,"French language, Readers, Animals, Bilingual, Birds, Juvenile fiction, Spanish language, Spanish language materials, Madres, Ficción juvenil",,1960,"und, fre, spa, eng","HarperCollins Publishers, Bound to Stay Bound Books, Random House BFYR, MerryMakers, Collins & Harvill",9781579820312,48,https://openlibrary.org/works/OL517198W,https://covers.openlibrary.org/b/id/254626-M.jpg,Open Library API
1960,,,Cricket in Times Square,George Selden,3.6842105,19.0,,,"Mice, Cats, Crickets, Fiction, Children's fiction, Mice, fiction, Crickets, fiction, Cats, fiction, New york (n.y.), fiction, Juvenile fiction",,1960,"chi, ice, eng, und, fre, dan, spa","Square Fish, Listening Library, Kestrel, Dell Publishing Co., Bantam Doubleday Dell Publishing Group",9780812422184,77,https://openlibrary.org/works/OL4110995W,https://covers.openlibrary.org/b/id/282442-M.jpg,Open Library API
1960,,,Harriet the Spy,Louise Fitzhugh,4.4117646,17.0,,,"Juvenile works, Juvenile audience, Fiction, Harriet the Spy (Fictitious character), Schools, School stories, Friendship, Spy stories, Classics, Fiction in English",,1960,"fre, eng, chi, ita","Recorded Books, Inc., Harper & Row, Publishers, Transworld Publishers Limited, Gollancz, Cornerstone Books",0174324944,63,https://openlibrary.org/works/OL5277971W,https://covers.openlibrary.org/b/id/12569145-M.jpg,Open Library API
1960,,,Mistress of Mellyn,Eleanor Burford,4.2,10.0,,,"Fiction, Family secrets, Widowers, Governesses in fiction, Family secrets in fiction, Governesses, Widowers in fiction, Fiction in English, Mansions, Romance",,1960,"swe, spa, eng, chi, nor, ger","Fontana Books, Fawcett, Fontana, F.A. Thorpe, Fawcett Crest Book",3596320585,46,https://openlibrary.org/works/OL3931421W,https://covers.openlibrary.org/b/id/2310666-M.jpg,Open Library API
1960,,,A Bear Called Paddington,Michael Bond,4.0,19.0,,,"Bears, Bears in fiction, Humorous stories, Juvenile fiction, Fiction, Paddington Bear (Fictitious character), Fiction, general, Children's fiction, Bears, fiction, Paddington bear (fictitious character), fiction",,1960,"rum, eng, lat, und, por, dan","Harpercollins, Det Danske Forlag, Picture Lions, Bookmart, HarperCollins Canada, Limited",9789738077324,47,https://openlibrary.org/works/OL10490647W,https://covers.openlibrary.org/b/id/6381303-M.jpg,Open Library API
1960,,,"One Fish, Two Fish, Red Fish, Blue Fish",Dr. Seuss,3.8983052,59.0,,,"Peces, Animales caseros, Juvenile fiction, Fiction, Stories in rhyme, Ficción juvenil, Cuentos en rima, Pets, Fishes, Fishes -- Juvenile fiction",,1960,"eng, spa, chi","Yuan Liu, Beginner Books, Amer School Pub, Picture Lions, Random House Trade",9780394892245,24,https://openlibrary.org/works/OL261202W,https://covers.openlibrary.org/b/id/12096-M.jpg,Open Library API
1960,,,Deathworld 1,"Harry Harrison, Christian Rummel",3.5833333,12.0,,,"Fiction, science fiction, general, Life on other planets in fiction, Life on other planets, Fiction, American Science fiction, Fiction in English, Science Fiction, Science Fiction & Fantasy",,1960,eng,"Vintage Sci-Fi Classics, Audible Studios on Brilliance Audio, BANTAM BOOKS, Bantam Books, Createspace Independent Publishing Platform",9798455258251,41,https://openlibrary.org/works/OL467158W,https://covers.openlibrary.org/b/id/458767-M.jpg,Open Library API
1961,,,Solaris,Stanisław Lem,3.9285715,28.0,,,"Translations into English, English fiction, Polish Science fiction, Polish fiction, Translations from Polish, Science fiction, Fiction, science fiction, general, Slavic philology, Life on other planets, Fiction",,1961,"ita, eng, tur, pol, hun, heb, fre, cze, por, rus, ger, spa","Wydawn. Ministerstwa Oborony Narodowej, Suhrkamp Verlag, Wydawnictwo Literackie, Deutscher Taschenbuch Verlag, Premier Digital Publishing",9788020409980,76,https://openlibrary.org/works/OL109524W,https://covers.openlibrary.org/b/id/12313764-M.jpg,Open Library API
1961,,,Where the Red Fern Grows,Wilson Rawls,4.1770835,96.0,,,"Social Issues - Friendship, Juvenile Fiction, Children's Books/Ages 9-12 Fiction, Children: Grades 4-6, Social Situations - Adolescence, Social Issues - Adolescence, Classics, Juvenile Fiction / Social Situations / Adolescence, Children's 9-12 - Literature - Classics / Contemporary, Action & Adventure - General",,1961,"chi, fre, eng","EMC/Paradigm Pub., Listening Library, Zong jing xiao Tai-wan Ying wen za zhi she, RANDOM HOUSE, Thorndike Press",0807218049,57,https://openlibrary.org/works/OL465360W,https://covers.openlibrary.org/b/id/7996608-M.jpg,Open Library API
1961,,,Catch-22,Joseph Heller,4.118812,202.0,,,"Open Library Staff Picks, Satire, War stories, Fiction, Drama, World War, 1939-1945, Catch-22 (Heller, Joseph), World War (1939-1945) fast (OCoLC)fst01180924, Fictional Works Publication Type, Bombardiers",,1961,"ger, heb, eng, kor, spa, rus, swe, chi, ara, fre","Laurel, Dell Publishing company, Dell, Heron Books, Simon and Schuster",9780224613286,134,https://openlibrary.org/works/OL276798W,https://covers.openlibrary.org/b/id/6468653-M.jpg,Open Library API
1961,,,A Civil Contract,Georgette Heyer,4.571429,7.0,,,"Fiction, Romance, Historical, Regency, Arranged marriage, fiction, Man-woman relationships, fiction, Fiction, religious, London (England), fiction, Social life and customs,  fiction, Great Britain, fiction, Marriage, fiction, Lawyers, fiction, Manners and customs, fiction",,1961,eng,"Amereon Limited, Berkley Pub Group (Mm), Harpercollins (Mm), William Heinemann, Putnam",1407095684,36,https://openlibrary.org/works/OL4092664W,https://covers.openlibrary.org/b/id/4978991-M.jpg,Open Library API
1961,,,The Bronze Bow,Elizabeth George Speare,4.736842,19.0,,,"Juvenile fiction, Newbery Medal, Fiction, Historical fiction, Jesus christ, fiction, Jews, history, fiction, Palestine, fiction, Rome, history, fiction, Children's fiction, Books and reading",,1961,"eng, und","William A. Thomas Braille Bookstore, Blackstone Audiobooks, Hougton Mifflin, HarperCollins and Blackstone Publishing, Novel Units",9780575001763,31,https://openlibrary.org/works/OL4783048W,https://covers.openlibrary.org/b/id/255407-M.jpg,Open Library API
1961,,,What was I scared of?,Dr. Seuss,4.4074073,54.0,,,"Glow-in-the-dark books, Stories in rhyme, Fear, Fiction, Toy and movable books, Specimens, Juvenile fiction, Children's fiction, Fear, fiction",,1961,eng,"Random House, Scholastic, Random House Books for Young Readers, Scholastic Inc., HarperCollins Publishers Limited",0375958673,5,https://openlibrary.org/works/OL1898272W,https://covers.openlibrary.org/b/id/14420601-M.jpg,Open Library API
1961,,,Franny and Zooey,J. D. Salinger,4.25,28.0,,,"Fiction, NOVELAS ESTADOUNIDENSES, Short stories, Women college students, Brothers and sisters, Dysfunctional families, Young men, Spiritual life, College students, Religious life",,1961,"rum, fre, ger, heb, jpn, spa, cat, eng","Random House Publishing Group, Penguin Books UK, Turtleback Books Distributed by Demco Media, Bantam Books, Heinemann",0553203487,65,https://openlibrary.org/works/OL3335291W,https://covers.openlibrary.org/b/id/6501579-M.jpg,Open Library API
1961,,,Stranger in a Strange Land,Robert A. Heinlein,4.5,4.0,,,"Hugo Award Winner, award:hugo_award=1962, award:hugo_award=novel, Fiction, Fiction in English, Science fiction, American Science fiction, Religion, Cults, Sects",,1961,"heb, spa, ger, eng, swe, fre","G.P. Putnam's Sons, Berkley Publishing Corp., Lübbe, Capricorn Books, R. Laffont",9780450050770,80,https://openlibrary.org/works/OL59688W,https://covers.openlibrary.org/b/id/14630668-M.jpg,Open Library API
1961,,,El coronel no tiene quien le escriba,"Gabriel García Márquez, Luisa Rivera",3.9444444,18.0,,,"Fiction, Manners and customs in fiction, South American Fiction, Translations into English, Spanish language, Readers, Novela colombiana, Military pensions, Pensiones militares, Novela",,1961,"slo, fre, dut, por, eng, spa, ger","Era, Editorial Oveja Negra, Biblioteca Visao, Aims Intl Books Corp, Random House",9788439729235,86,https://openlibrary.org/works/OL274509W,https://covers.openlibrary.org/b/id/10096705-M.jpg,Open Library API
1961,,,Mother Night,Kurt Vonnegut,4.1764708,34.0,,,"Black humor (Literature), Fiction, Science fiction, Spy stories, War criminals, Trials, Prisoners, National socialism, World War, 1939-1945, War crime trials",,1961,"eng, rus, chi, ita","Delaconte Press, Dial Press, Delta, Fawcett Publications, Avon Books",0586036490,32,https://openlibrary.org/works/OL98487W,https://covers.openlibrary.org/b/id/239848-M.jpg,Open Library API
1962,,,We Have Always Lived in the Castle,"Shirley Jackson, Bernadette Dunne",4.3207545,53.0,,,"mystery, first-person narrative, Fiction, Literature, Gothic fiction, psychological fiction, Sisters, Murder, Investigation, Social isolation",,1962,"ita, eng, ger, fre","Amereon Ltd, PENGUIN BOOKS, Penguin Books, Limited, Penguin (Non-Classics), Blackstone Audiobooks",9783865527097,39,https://openlibrary.org/works/OL3171087W,https://covers.openlibrary.org/b/id/11545332-M.jpg,Open Library API
1962,,,The Man in the High Castle,Philip K. Dick,3.568,125.0,,,"award:hugo_award=1963, Fiction, Hugo Award Winner, Science Fiction, award:hugo_award=novel, Fiction, alternative history, Fiction, science fiction, general, nyt:trade-fiction-paperback=2015-12-13, New York Times bestseller, nyt:combined-print-and-e-book-fiction=2015-12-13",,1962,"spa, eng, ita, por, hrv, pol, chi, jpn, gre, fre, ger","Aleph, Dom Wydawniczy Rebis, J'ai lu, J'AI LU, Putnam",8375105686,83,https://openlibrary.org/works/OL2172403W,https://covers.openlibrary.org/b/id/420452-M.jpg,Open Library API
1962,,,One Flew Over the Cuckoo's Nest,Ken Kesey,4.137931,29.0,,,"Allegories, psychiatric nursing, medical novels, Belletristische Darstellung, Psychiatrische Klinik, Fiction, Psychiatric nurses in fiction, Psychiatric hospital patients in fiction, Psychiatric hospital patients, Psychiatric nurses",,1962,"ukr, ger, rum, geo, eng, pol, vie, spa, chi, dut, rus, dan, fre","Viking Press, Wydawnictwo Albatros, Patmos, Bolsillo, Stock",9785881961268,102,https://openlibrary.org/works/OL2944469W,https://covers.openlibrary.org/b/id/9272688-M.jpg,Open Library API
1962,,,Something Wicked This Way Comes,Ray Bradbury,4.09375,32.0,,,"Boys, Fiction, Male friendship, Fathers and sons, Carnival, Fiction in English, sci-fi, Social life and customs, Fantasy, Fantasy fiction",,1962,"fre, ger, spa, eng, ita","Minotauro, Grafton Books, Simon and Schuster Paperbacks, Orion Publishing Group, Limited, MINOTAURO",9781887368230,60,https://openlibrary.org/works/OL103194W,https://covers.openlibrary.org/b/id/9346340-M.jpg,Open Library API
1962,,,A Wrinkle in Time,Madeleine L'Engle,3.9127908,172.0,,,"Love, sci-fi, Newbery Medal, Open Library Staff Picks, Juvenile fiction, Space and time, Fiction, Science fiction, Friendship in adolesce, Time travel",,1962,"kur, heb, eng, spa, fre","General Press, Alfaguara, DARKSIDE, Dell Pub., Listening Library (Audio)",9780821925324,105,https://openlibrary.org/works/OL41495W,https://covers.openlibrary.org/b/id/8709146-M.jpg,Open Library API
1962,,,Aura,Carlos Fuentes,3.9,10.0,,,"Spanish Science fiction, Translations into English, Fiction (fictional works by one author), Fiction, general, Spanish language materials, Mexican fiction, Man-woman relationships, Fiction, Mexicano Novela, Spanish fiction",,1962,"per, vie, slv, por, lit, fin, mal, ben, eng, srp, pol, ara, swe, spa, nor, ger, ita, dut, arm, tur","Norma, Feltrinelli, Harcourt?, Meulenhoff, Deutsch",9780907310105,65,https://openlibrary.org/works/OL872225W,https://covers.openlibrary.org/b/id/4480453-M.jpg,Open Library API
1962,,,The Spy Who Came in from the Cold,John le Carré,4.1702127,47.0,,,"Fiction, Cold War, Intelligence officers, Intelligence service, English Spy stories, Spies, George Smiley (Fictitious character), Cold War (1945-1989) fast (OCoLC)fst01754978, Spy stories, Smiley, george (fictitious character), fiction",,1962,"heb, vie, ita, spa, fre, por, ger, eng, rus, chi","Hutchinson, Seix Barral, Coward-Mccann, Gallimard, Oscar Mondadori",1602836582,144,https://openlibrary.org/works/OL15723140W,https://covers.openlibrary.org/b/id/7013626-M.jpg,Open Library API
1962,,,Another Country,James Baldwin,4.4166665,12.0,,,"Classic Literature, Fiction, Suicide victims, African Americans, Racism, Racism -- Fiction., Social conditions, Suicide, Race relations, Man-woman relationships",,1962,"tur, ger, eng","Vintage Books, Knopf Doubleday Publishing Group, Penguin Group UK, DH Audio, Corgi Books",0552990477,49,https://openlibrary.org/works/OL228715W,https://covers.openlibrary.org/b/id/1642063-M.jpg,Open Library API
1962,,,The Drowned World,J. G. Ballard,3.5,6.0,,,"English fiction, Science Fiction, Fantasy fiction, Global warming, Fiction, Dystopia, Fiction, fantasy, general, Fiction, science fiction, general, English Science fiction, Natural disasters",,1962,"eng, rus, ita","Dragon's Dream, Indigo, Penguin Books, Gollancz., HarperCollins Publishers Limited",8807818280,22,https://openlibrary.org/works/OL2745976W,https://covers.openlibrary.org/b/id/5540959-M.jpg,Open Library API
1962,,,A Clockwork Orange,Anthony Burgess,4.030303,66.0,,,"bible, aversion therapy, unintended consequences, Beethoven's Fifth Symphony, gang rape, psychiatric hospitals, maturity, metanoia, assault, joyriding",,1962,"cat, tur, fre, por, eng, kor, spa, ger, rus, ita","Penguin Books, Limited, Penguin Books, Klett-Cotta Verlag, ALEPH, W.W. Norton & Company",6052957921,136,https://openlibrary.org/works/OL261794W,https://covers.openlibrary.org/b/id/13151224-M.jpg,Open Library API
1963,,,Cat's Cradle,Kurt Vonnegut,3.961165,103.0,,,"End of the world, Fiction, American Fantasy fiction, Classic Literature, Humor (Fiction), Science Fiction, Large type books, American fiction (fictional works by one author), Fiction, humorous, Fiction, science fiction, general",,1963,"chi, heb, rus, eng, ger, spa","Penguin, Delacontee Press, Peter Smith Pub Inc, Amereon Ltd., Dell Publishing Co., Inc.",0805013199,69,https://openlibrary.org/works/OL98454W,https://covers.openlibrary.org/b/id/12709654-M.jpg,Open Library API
1963,,,Amelia Bedelia,"Peggy Parish, Fritz Siebel, Barbara Siebel Thomas, Wallace Tripp",4.354839,31.0,,,"Humorous stories, Juvenile fiction, Household employees, Amelia-Bedelia (Fictitious character), Fiction, Women household employees, Spanish language materials, Cuentos humorísticos, Materiales en español, Juvenile literature",,1963,"eng, spa","Harper and Row, Perfection Learning Prebound, Lectorum Publications, Turtleback Books Distributed by Demco Media, Harper Arco Iris",0881039160,36,https://openlibrary.org/works/OL1932963W,https://covers.openlibrary.org/b/id/33823-M.jpg,Open Library API
1963,,,Where the Wild Things Are,Maurice Sendak,4.1238093,105.0,,,"Caldecott Medal, Dreams, Fantasy, Fantasy fiction, Fiction, Imagination, Juvenile fiction, Miniature books, Monsters, Specimens",,1963,"dut, heb, jpn, ita, spa, kor, nor, wel, baq, ger, eng, rus, fre, chi, afr","Scholastic Inc., HarperColins,2012, J. W. Cappelens, EDL, Diogenes Verlag AG",965072172X,125,https://openlibrary.org/works/OL2568879W,https://covers.openlibrary.org/b/id/50842-M.jpg,Open Library API
1963,,,La planète des singes,Pierre Boulle,3.7222223,18.0,,,"French language edition, Fiction, Monkeys, Fiction, science fiction, action & adventure, Science fiction, Apes, Sci-Fi, Movies, Motion Pictures, Films",,1963,"eng, spa, por, rus, fre","AudioGO, Editora Aleph, Suma de Letras Suma de Letras, Edition Pocket, New American Library",8367515196,61,https://openlibrary.org/works/OL1319418W,https://covers.openlibrary.org/b/id/1009545-M.jpg,Open Library API
1963,,,Clifford the Big Red Dog,Norman Bridwell,4.142857,14.0,,,"Children's fiction, Dogs, fiction, Clifford, the big red dog (fictitious character), fiction, Storms, fiction, Clifford (Fictitious character : Bridwell), Juvenile fiction, Dogs, Fiction, Perros, Novela juvenil",,1963,"eng, spa","Four Winds Press, Tandem Library, Sidekicks, Scholastic Book Services, Initial Teaching Publishing",9780833520548,33,https://openlibrary.org/works/OL73128W,https://covers.openlibrary.org/b/id/383686-M.jpg,Open Library API
1963,,,Rayuela,Julio Cortázar,4.230769,13.0,,,"Chronology, Social life and customs, Spanish fiction, Argentine fiction, Translations into English, Manners and customs, Fiction, Fiction, general, Fiction (fictional works by one author), Fiction, suspense",,1963,"ger, heb, pol, spa, rum, geo, dut, srp, gre, eng, tur, per, est, swe, por, rus, dan, chi, lit, arm, ukr, nor, cze, bul, ita, fin, ara, fre","Harvill Press, La Repubblica, GEDI, Leer-e, Suma de Letras",9789896230791,129,https://openlibrary.org/works/OL14860424W,https://covers.openlibrary.org/b/id/1047466-M.jpg,Open Library API
1963,,,The Man Who Fell to Earth,Walter S. Tevis,3.5555556,9.0,,,"Human-alien encounters, Fiction, Science Fiction, Life on other planets, Fiction, science fiction, general, Readers, Fiction, general, Kentucky, fiction",,1963,"eng, ger","Ullstein, Bloomsbury Paperbacks, Lancer Books, Abacus, Ballantine Pub. Group",0349133689,30,https://openlibrary.org/works/OL83886W,https://covers.openlibrary.org/b/id/209597-M.jpg,Open Library API
1963,,,The Watsons go to Birmingham--1963,"Christopher Paul Curtis, Reginald André Jackson, Eida de la Vega",4.3333335,18.0,,,"Brothers and sisters, Family, Juvenile fiction, Family life, Prejudices, Fiction, African Americans, Frères et soeurs, Histoire, Familles noires américaines",,1963,"ger, eng, spa","Holt, Rinehart and Winston, Cengage Gale, Pathways Publishing, Thorndike Press, Adobe Systems, Incorporated",9780606109932,44,https://openlibrary.org/works/OL115601W,https://covers.openlibrary.org/b/id/10323552-M.jpg,Open Library API
1963,,,The Clocks,Agatha Christie,3.3636363,11.0,,,"Fiction, Mystery, Hercule Poirot (Fictitious character), Private investigators, Detective and mystery stories, English Detective and mystery stories, England, fiction, Poirot, hercule (fictitious character), fiction, Fiction, mystery & detective, traditional, Murder",,1963,"ita, amh, spa, pol, ind, ger, eng, fre","Scherz, Thorpe, Ulverscroft, Kaiser, HarperCollins Publishers",2702400086,99,https://openlibrary.org/works/OL471670W,https://covers.openlibrary.org/b/id/12996554-M.jpg,Open Library API
1963,,,Orphans of the Sky,Robert A. Heinlein,3.2857144,7.0,,,"Fiction in English, Fiction, science fiction, general, American Science fiction, Interstellar travel, Fiction, Space ships",,1963,"eng, ger","New American Library, Berkley Publishing Corporation, London: Victor Gollancz Ltd,, Putnam, Stealth Pr",9780575113206,33,https://openlibrary.org/works/OL59738W,https://covers.openlibrary.org/b/id/14631626-M.jpg,Open Library API
1964,,,The Book Of Three,Lloyd Alexander,4.0,30.0,,,"Fantasy, Juvenile fiction, Swine, Celtic Mythology, Heroes, Good and evil, Prydain (Imaginary place), Fiction, Adventure and adventurers, Children's fiction",,1964,"pol, eng, heb, tur, und","Henry Holt and Co. BYR Paperbacks, Egmont Childrens Books, Perfection Learning Prebound, Henry Holt & Co, Heinemann",1429961945,53,https://openlibrary.org/works/OL270887W,https://covers.openlibrary.org/b/id/580388-M.jpg,Open Library API
1964,,,Charlie and the Chocolate Factory,Roald Dahl,4.0505414,277.0,,,"Childrens Media Tie-In Books, Children's Middle Grade Action & Adventure Books, Children's Picture Books, Avarice, Behavior, Chocolat, Chocolate, Chocolate factories, Conducta, Conduct of life",,1964,"enm, ger, heb, eng, kor, tur, pol, nor, spa, wel, sco, ita, chi, por, jpn, fre","Contemporary French Fiction, Santillana USA, Itchy Coo, Bantam Skylark, Allyn & Bacon, Incorporated",1417786094,221,https://openlibrary.org/works/OL45790W,https://covers.openlibrary.org/b/id/12459564-M.jpg,Open Library API
1964,,,"Thank You, Amelia Bedelia","Peggy Parish, Fritz Siebel",3.9333334,15.0,,,"Juvenile fiction, Humorous stories, Domestics, Domestics -- Juvenile fiction, Household employees, fiction, Amelia-bedelia (fictitious character), fiction, Children's fiction, Literature and fiction, women authors, Household employees, Fiction",,1964,"eng, pol","HarperTrophy, HarperCollinsPublishers, Weekly Reader Books, Scholastic, Harper & Row",0590984721,16,https://openlibrary.org/works/OL1932991W,https://covers.openlibrary.org/b/id/51452-M.jpg,Open Library API
1964,,,Games People Play,Eric Berne,3.7627118,59.0,,,"Game theory, Interpersonal relations, Social interaction, Transactional analysis, Social Psychology, Interacción social, Psihoterapija, Social role, Sociale relaties, Psychologische aspecten",,1964,"heb, eng, spa, rus, fre","LITUR, Progress, Stock, Grove Press, Inc., Ballantine Books",9780345246820,57,https://openlibrary.org/works/OL1593567W,https://covers.openlibrary.org/b/id/8281189-M.jpg,Open Library API
1964,,,Farnham's Freehold,Robert A. Heinlein,3.2857144,7.0,,,"Fiction, Slaves, Fiction in English, Nuclear warfare, Fiction, science fiction, action & adventure, Fiction, science fiction, general, American Science fiction",,1964,eng,"New American Library of Canada, Baen, Blackstone Audio, Inc., Corgi, Ace Books",0425083799,35,https://openlibrary.org/works/OL59737W,https://covers.openlibrary.org/b/id/6633146-M.jpg,Open Library API
1964,,,Last Exit to Brooklyn,"Hubert Selby, Jr., Hubert Selby Jr.",4.5,8.0,,,"Fiction, psychological, New york (n.y.), fiction, Fiction, urban, City and town life, Fiction, Obsessive-compulsive disorder, Social isolation, American Science fiction, Fiction, city life, LGBTQ fiction before Stonewall",,1964,"rus, fre, eng, ger, heb","Distributed by Corgi, Grove Press, Important Books, Open Road Integrated Media, Inc., Bloomsbury Publishing",9780714503301,42,https://openlibrary.org/works/OL2737302W,https://covers.openlibrary.org/b/id/568595-M.jpg,Open Library API
1964,,,The Giving Tree,Shel Silverstein,4.1568627,102.0,,,"Children's poetry, American, Fiction, Humorous poetry, Juvenile fiction, Latin language materials, Trees, Generosity, Boys, Love, Sacrifice",,1964,"lat, eng, jpn, spa, fre, kor","Bolchazy-Carducci, あすなろ書房, L'École des Loisirs, Tŏgu Chʻulpʻansa, HarperCollins",0060256699,20,https://openlibrary.org/works/OL3368288W,https://covers.openlibrary.org/b/id/8981758-M.jpg,Open Library API
1964,,,This Rough Magic,Mary Stewart,4.25,8.0,,,"Fiction, Large type books, Actors, Fiction, mystery & detective, general, Fiction, romance, suspense, Greece, fiction, Actors, fiction, Fiction, thrillers, general, Actresses, fiction, Acteurs",,1964,eng,"Hodder, Coronet, Morrow, F. Watts, Oxford University Press",0688026141,32,https://openlibrary.org/works/OL213275W,https://covers.openlibrary.org/b/id/34233-M.jpg,Open Library API
1964,,,A Caribbean Mystery,Agatha Christie,4.0,10.0,,,"Agatha Christie, Miss Marple, Series, British, Amateur, Detective, Fiction, Classic, Literature, Braille",,1964,"ger, eng, pol, spa, ita, dut, fre","Sagebrush Education Resources, The Audio Partners, G. K. Hall & Company, Harpercollins, Dodd, Mead & Company",1483037177,107,https://openlibrary.org/works/OL472458W,https://covers.openlibrary.org/b/id/14578132-M.jpg,Open Library API
1964,,,Bread and jam for Frances,Russell Hoban,4.3636365,11.0,,,"Fiction, Food habits, Badgers, Frances (Fictitious character : Hoban), Easy reading materials, Spanish language materials, Juvenile fiction, Badgers -- Fiction, Food habits -- Fiction, Children: Babies Toddlers",,1964,"eng, spa","Tandem Library, Perfection Learning Prebound, Faber, Scholastic Book Services, Scholastic",006022360X,20,https://openlibrary.org/works/OL74290W,https://covers.openlibrary.org/b/id/23710-M.jpg,Open Library API
1965,,,Dune,Frank Herbert,4.3049645,423.0,,,"Dune (Imaginary place), Fiction, Fiction, science fiction, general, Dune (imaginary place), fiction, New York Times reviewed, Science fiction, Science-fiction, American literature, nyt:mass-market-monthly=2021-11-07, New York Times bestseller",,1965,"tur, spa, fre, gre, pol, ger, eng, rus, por","Hodder & Stoughton Ltd, Ace Books, Inc., Brand: Acervo, Gollancz Paperback, Berkley Trade",057501864X,120,https://openlibrary.org/works/OL893415W,https://covers.openlibrary.org/b/id/11481354-M.jpg,Open Library API
1965,,,Stoner,John Williams,4.2826085,46.0,,,"domestic fiction, psychological fiction, Literature, Fiction, Study and teaching, College teachers, Adultery, English teachers, Marital conflict, campus",,1965,"nob, dut, rum, dan, cat, ita, spa, pol, fre, por, ger, eng, swe, rus, chi","New York Review of Books, Vintage Books, Polirom, Yapi Kredi Yayinlari, New York Review Books",9789868856035,49,https://openlibrary.org/works/OL3511459W,https://covers.openlibrary.org/b/id/8310729-M.jpg,Open Library API
1965,,,At Bertram's Hotel,Agatha Christie,4.0666666,15.0,,,"Fiction, Jane Marple (Fictitious character), Women detectives, Older women, History, Hotels, Mystery, Detective and mystery stories, Mystery fiction, Marple, Jane (Fictitious character)",,1965,"ger, eng, pol, spa, ita, chi, fre","Fontana, Collins, Collins for the Crime Club, The Audio Partners, published for The Crime Club by Collins, Harpercollins",9781611733730,114,https://openlibrary.org/works/OL265415W,https://covers.openlibrary.org/b/id/6379981-M.jpg,Open Library API
1965,,,The Mouse and the Motorcycle,Beverly Cleary,3.8529413,34.0,,,"transportation, juvenile fiction, readers, chapter books, animals, mice, humorous stories, hotels, People & Places, social themes",,1965,"eng, spa, dan","Avon Books (Mm), Fitzgerald Books, Demco Media, HarperCollins Espanol, Avon",9780606047548,64,https://openlibrary.org/works/OL151936W,https://covers.openlibrary.org/b/id/12996603-M.jpg,Open Library API
1965,,,The Magus,"John Fowles, Fowles J",3.75,12.0,,,"British, English Psychological fiction, Fiction, Greece, Islands, Travel, Fiction, psychological, Teachers, fiction, Greece, fiction, Fiction, general",,1965,"eng, pol, rus, spa","Ayrnt Yaynlar, Triad Granada, Penguin Random House, World Books, Jonathan Cape",9780316230230,61,https://openlibrary.org/works/OL15028W,https://covers.openlibrary.org/b/id/5424278-M.jpg,Open Library API
1965,,,The moon is a harsh mistress,Robert A. Heinlein,4.0119047,84.0,,,"Fiction, science fiction, general, Stone, hazel (fictitious character), fiction, American Science fiction, Fiction, Hugo Award Winner, Imaginary wars and battles, award:hugo_award=1967, award:hugo_award=novel, Penal colonies, Revolutions",,1965,"jpn, fre, eng, spa, ger, heb","Dobson Books, La Factoría de Ideas, Berkley Medallion, Putnam, ʻAm ʻoved",9788470021787,53,https://openlibrary.org/works/OL59704W,https://covers.openlibrary.org/b/id/14631258-M.jpg,Open Library API
1965,,,In Cold Blood,Truman Capote,4.042105,95.0,,,"True, Crime, Murder, Mystery, Cas, Études de, Meurtre, Análisis de casos, Asesinato, Case studies, Murder -- Kansas -- Case studies.",,1965,"heb, jpn, ita, spa, ger, eng, rus, fre, chi","Editorial Noguer, Random House , NY, H. Hamilton, The New American Library, Signet Books",0451099583,117,https://openlibrary.org/works/OL1992198W,https://covers.openlibrary.org/b/id/228066-M.jpg,Open Library API
1965,,,The Cyberiad,Stanisław Lem,3.6818182,22.0,,,"Poland in fiction, Fiction, Polish Science fiction, Polish fiction, Polish Short stories, Continental european fiction (fictional works by one author), Fiction, science fiction, general, Translations into English, Robots, Inventors",,1965,"spa, pol, ger, eng, fre","Secker and Warburg, Avon Books, Futura Publications Limited, Penguin Classics, Wydaw. Literackie",9788375524154,42,https://openlibrary.org/works/OL2683553W,https://covers.openlibrary.org/b/id/116079-M.jpg,Open Library API
1965,,,The three stigmata of Palmer Eldritch,Philip K. Dick,3.6153846,26.0,,,"Drugs, Fiction, Fiction in English, Immortalism, Science Fiction, Space colonies, Twenty-first century, Fiction, science fiction, general, Large type books, Hallucinogenic drugs",,1965,"ger, eng, spa, por, fre","Macfadden-Bartell Corp., Manor Books, Minotauro, Mariner Books, Blackstone Audiobooks",9788576570929,44,https://openlibrary.org/works/OL2172402W,https://covers.openlibrary.org/b/id/4910773-M.jpg,Open Library API
1965,,,The Black Cauldron,Lloyd Alexander,4.130435,23.0,,,"Courage, Fantasy, Good and evil, Heroes, Juvenile fiction, Prydain (Imaginary place), Magic, Quests (Expeditions), Fiction, Pigs",,1965,"tur, fre, heb, eng, spa, ger, und","Random House, Purnell, Tandem Library, Mouse Works, Holt, Rinehart & winston",9780361069359,60,https://openlibrary.org/works/OL1966566W,https://covers.openlibrary.org/b/id/580387-M.jpg,Open Library API
1966,,,Мастер и Маргарита,Михаил Афанасьевич Булгаков,4.1368423,95.0,,,"satire, humor, Politicians, Good and evil, Alienation, atheism, magicians, bands, political fiction, allegories",,1966,"rum, spa, geo, eng, ita, cze, por, lit, fre, pol, tur, chi, rus, ger","Harper & Row, The Folio Society., JiaHu Books, Alma Classics, Dhv der Hörverlag",9785170661022,234,https://openlibrary.org/works/OL676009W,https://covers.openlibrary.org/b/id/12947486-M.jpg,Open Library API
1966,,,Wide Sargasso Sea,Jean Rhys,3.9375,16.0,,,"stream of consciousness, Creoles, postcolonial literature, race, colonialism, feminist, canonical, Fiction in English, Fiction, open_syllabus_project",,1966,"eng, spa, ger, fre","W W Norton & Co Ltd, Hodder and Stoughton, Editorial Anagrama, Bruguera, Penguin Classics",0393352560,48,https://openlibrary.org/works/OL1858668W,https://covers.openlibrary.org/b/id/9269373-M.jpg,Open Library API
1966,,,The Magic Finger,Roald Dahl,4.0333333,30.0,,,"Fiction, Magic, Hunting, Ficción juvenil, Caza, Magia, Children's literature, Children's stories, Young Adult Fiction, Juvenile fiction",,1966,"chi, eng, wel, pol, spa, fre, cat, dut","Alfaguara Ediciones, S.A. (Spain), Penguin Books, Limited, Gallimard-Jeunesse, Allen & Unwin, Harper & Row",1606864483,75,https://openlibrary.org/works/OL45876W,https://covers.openlibrary.org/b/id/9158800-M.jpg,Open Library API
1966,,,Flowers for Algernon,Daniel Keyes,4.285714,98.0,,,"institutionalization, dementia, phenylketonuria, award:nebula_award=novel, Brain, Surgery, People with mental disabilities, Gifted persons, Fiction, American Science fiction",,1966,"spa, eng, ita, und, por, rus, pol, jpn, fre","Harcourt, Brace & Co., Cassell, Harvest / Harcourt Inc., Creative Education, L´ALTRA",9780745131924,79,https://openlibrary.org/works/OL515754W,https://covers.openlibrary.org/b/id/12947700-M.jpg,Open Library API
1966,,,Rocannon's World,Ursula K. Le Guin,3.642857,14.0,,,"Fiction in English, Fiction, science fiction, general, Science fiction",,1966,"ger, eng, por, ita","Le Livre de Poche, Minotauro, Orion Publishing Group, Limited, Blackstone Audio, Inc., Bromera",9788476603819,26,https://openlibrary.org/works/OL59850W,https://covers.openlibrary.org/b/id/1926090-M.jpg,Open Library API
1966,,,The Chosen,"Chaim Potok, Jonathan Davis",4.0,9.0,,,"Jewish families, Fiction, Jews, Fathers and sons, Friendship, Hasidism, Male friendship, Teenage boys, Large type books, Fiction, religious",,1966,eng,"Fawcett, Ballantine Books, Simon and Schuster, Fawcett Columbine, Fawcett Publication, Inc.",0449209628,68,https://openlibrary.org/works/OL1812090W,https://covers.openlibrary.org/b/id/257337-M.jpg,Open Library API
1966,,,"Bartleby, the Scrivener",Herman Melville,4.0333333,30.0,,,"open_syllabus_project, Fiction, Young men, Copyists, classic literature, Psychology, Securities industry, Fiction, history and criticism, American fiction (fictional works by one author), Presidents, united states, messages",,1966,"ita, spa, fre, eng, ger, por","Dercum Audio, Gargola, Editions Mille de Mille et Une Nuit, Bartleby Press, IndyPublish",9781425032586,66,https://openlibrary.org/works/OL102732W,https://covers.openlibrary.org/b/id/10521439-M.jpg,Open Library API
1966,,,Terrace In The Sun,Anne Weale,3.7727273,22.0,,,"Fiction in English, romance, Large type books, Romance, fiction",,1966,eng,"Atlantic large print, Lythway Press, Mills & Boon, Harlequin, Curley",0373010672,8,https://openlibrary.org/works/OL3754835W,https://covers.openlibrary.org/b/id/8205884-M.jpg,Open Library API
1966,,,A Man of the People,Chinua Achebe,3.642857,14.0,,,"Politicians, Fiction, Fiction (fictional works by one author), Nigeria, fiction, Politicians, fiction, Politique et gouvernement, Romans, Satire, Nigerian (English), Politics and government",,1966,"urd, spa, eng, swa","HarperCollins Publishers, Heinemann EducationalBooks, Penguin Books Ltd, Doubleday, DEBOLSILLO",8499085865,40,https://openlibrary.org/works/OL891787W,https://covers.openlibrary.org/b/id/6535892-M.jpg,Open Library API
1966,,,World of Ptavvs,Larry Niven,3.7272727,11.0,,,"Science Fiction in English, Fiction in English, Fiction, science fiction, general, Science Fiction, scifi",,1966,"eng, ger","Audible Studios on Brilliance, Science Fiction Book Club, Opta, Ballantine Books, MADONALD.",0345245911,23,https://openlibrary.org/works/OL510447W,https://covers.openlibrary.org/b/id/6675716-M.jpg,Open Library API
1967,,,The Outsiders,"S. E. Hinton, Jim Fyfe, Jodi Picoult",4.36,125.0,,,"juvenile works, violence, fiction classics, Fiction, Gangs, Family life, Family, Juvenile fiction, Brothers, Young adult fiction",,1967,"rus, dan, fre, eng, spa, ger, heb","Turtleback, Deutscher Taschenbuch Verlag GmbH & Co., Viking Juvenile, Penguin Books, Limited, Collins Tracks",0141191058,77,https://openlibrary.org/works/OL2718328W,https://covers.openlibrary.org/b/id/7263662-M.jpg,Open Library API
1967,,,The Twits,Roald Dahl,3.9464285,56.0,,,"humorous stories, animals, Open Library Staff Picks, animal welfare, practical jokes, fiction, children's stories, juvenile fiction, revenge, tricksters",,1967,"wel, kor, spa, eng, sco, pol, chi, fre, ger","Gallimard Jeunesse, Penguin Group Books, HarperFestival, Aguilar, Gallimard",9780060584443,101,https://openlibrary.org/works/OL45884W,https://covers.openlibrary.org/b/id/14838233-M.jpg,Open Library API
1967,,,From the Mixed-Up Files of Mrs. Basil E. Frankweiler,"E. L. Konigsburg, Jill Clayburgh",4.1666665,30.0,,,"Juvenile fiction, Large type books, Fiction, Runaways, Self-reliance, Brothers and sisters, History, Museums, Metropolitan Museum of Art (New York, N.Y.), Children: Grades 2-3",,1967,"chi, eng, ara, jpn","Dell Publishing, Puffin Books, Atheneum, Bound to Stay Bound Books, Palabra",0689703082,59,https://openlibrary.org/works/OL2987238W,https://covers.openlibrary.org/b/id/541206-M.jpg,Open Library API
1967,,,"Brown Bear, Brown Bear, What Do You See?","Bill Martin Jr., Eric Carle",4.086207,58.0,,,"Fiction, Children's Books/Baby-Preschool, Animals, Color, Juvenile fiction, Stories in rhyme, Colors, Ficción juvenil, Vietnamese language materials, Spanish language materials",,1967,"ger, eng, jpn, yor, som, vie, spa, und, rus, pan, guj, chi, ara, fre, sna","Kaiseisha, Shang yi wen hua shi ye gu fen you xian gong si, Picture Lions, Tomorrow Publishing House, Holt & Company, Henry",0039216241,82,https://openlibrary.org/works/OL59133W,https://covers.openlibrary.org/b/id/12624136-M.jpg,Open Library API
1967,,,Lord of Light,Roger Zelazny,3.6774194,31.0,,,"Fiction, Hindu Gods, Hugo Award Winner, Space colonies, award:hugo_award=1968, award:hugo_award=novel, Philosophy, Literature, Fiction, science fiction, general, American Science fiction",,1967,"fre, spa, ger, eng","Ein Heyne Buch, Doubleday & Co., Methuen, Gregg Press, Faber",9780739416884,27,https://openlibrary.org/works/OL13992W,https://covers.openlibrary.org/b/id/29946-M.jpg,Open Library API
1967,,,Cien años de soledad,Gabriel García Márquez,4.0833335,84.0,,,"Spanish language books, Fiction, Social conditions, Macondo (Imaginary place), novel, magic realism, Latinamerican literature, Condiciones sociales, Novela, Literatura épica",,1967,"gre, ger, guj, eng, kor, jpn, pol, tur, spa, rus, und, ita, por, chi, ara, fre","Sagebrush Education Resources, Editorial Sud-Americana, Random House Mondadori, Plaza & Janes Editories Sa, Barnes and Noble",9580431035,207,https://openlibrary.org/works/OL274505W,https://covers.openlibrary.org/b/id/12627383-M.jpg,Open Library API
1967,,,Niezwyciężony,Stanisław Lem,3.857143,14.0,,,"Polish Science fiction, Slavic philology, Fiction, Continental european fiction (fictional works by one author), Fiction, science fiction, general, Fiction, general",,1967,"fre, pol, eng, spa, ger","Iskry, Laffont, Seabury Press, Minotauro, MIT Press",0262538474,22,https://openlibrary.org/works/OL109498W,https://covers.openlibrary.org/b/id/7394465-M.jpg,Open Library API
1967,,,First Term at Malory Towers,Enid Blyton,3.857143,7.0,,,"Schools, fiction, Students, fiction, Children's fiction, Juvenile fiction, Boarding schools, Boarding schools, fiction, Malory Towers (Imaginary place), Girls, Fiction, Friendship, fiction",,1967,"eng, ger","Dragon Books, Hamlyn young books, Egmont Childrens Books, Dragon, Granada Publishing Ltd",1444929879,28,https://openlibrary.org/works/OL1948395W,https://covers.openlibrary.org/b/id/14596326-M.jpg,Open Library API
1967,,,Conan,Robert E. Howard,4.5454545,11.0,,,"English Short stories, Shortstories, English, Fantasy fiction, American, Fiction, Conan (Fictitious character), American Fantasy fiction, English Shortstories, Conan (fictitious character), fiction, Fiction, fantasy, general, Cimmeria (imaginary place), fiction",,1967,"ger, eng, por, fre","Ace, Planeta Cómic, Penguin Putnam~mass, Brand: Ace, Sphere Books Ltd",9780441116713,20,https://openlibrary.org/works/OL3384310W,https://covers.openlibrary.org/b/id/6614295-M.jpg,Open Library API
1967,,,The French Lieutenant's Woman,John Fowles,4.285714,7.0,,,"Fiction, Triangles (Interpersonal relations), Man-woman relationships, Women, Sexuality, History, Fiction, romance, historical, England, fiction, Man-woman relationships, fiction, Fiction, romance, historical, general",,1967,"ger, eng, kor, und, ita, rus","Little Brown, The Audio Partners, Guild Publishing, New American Library, Signet Books",0099497077,79,https://openlibrary.org/works/OL15010W,https://covers.openlibrary.org/b/id/188822-M.jpg,Open Library API
1968,,,A Wizard of Earthsea,Ursula K. Le Guin,3.9491525,118.0,,,"Fiction, Magic, Magic in fiction, Fantasy, Wizards, Wizards in fiction, Bk. 1., Earthsea (Le Guin, Ursula K.), Juvenile fiction, Children's fiction",,1968,"heb, vie, spa, pol, und, ger, eng, rus, swe, glg, fre, chi","RAYO VERDE EDITORIAL, S.L., Zemorah, Bitan, Livre de Poche, Metis Yayincilik, Carlsen",9780812421453,86,https://openlibrary.org/works/OL59798W,https://covers.openlibrary.org/b/id/13617691-M.jpg,Open Library API
1968,,,2001,Arthur C. Clarke,4.195122,123.0,,,"Human-computer interaction, Computers, Fiction, Science fiction, Twenty-first century, Space vehicles, Long Now Manual for Civilization, English Science fiction, Fiction, science fiction, hard science fiction, Saturn",,1968,"eng, rus, fre, spa, por, cat, ger, ita, dut","SIGNET BOOKS, CD Unabridged Library Edition, Pearson Education, Limited, J'AI LU, Cahiers du cinéma",9788835720010,117,https://openlibrary.org/works/OL17365W,https://covers.openlibrary.org/b/id/11344400-M.jpg,Open Library API
1968,,,The Last Unicorn,Peter S. Beagle,4.296296,27.0,,,"Unicorns, Fiction, Legends and stories, Juvenile literature, American Fantasy fiction, Large type books, Fiction, fantasy, general, Fantasy fiction, Fiction, general, Fiction, science fiction, general",,1968,"fre, eng, spa","Dark Horse Comics, Gregg Press, Denoël, IDW Publishing, Bodley Head",9780345254849,37,https://openlibrary.org/works/OL26459W,https://covers.openlibrary.org/b/id/294651-M.jpg,Open Library API
1968,,,Slaughterhouse-Five,Kurt Vonnegut,4.1647058,255.0,,,"American science fiction, bombing of Dresden, Open Library staff picks, military fiction, war stories, World War II, World War, 1939-1945, literature and the war, war, free will and determinism",,1968,"ukr, nob, ger, heb, rum, eng, spa, swe, ita, por, rus, fre, bel","Laurel, Delta, Penguin Random House, Archaia, Harperaudio",9781559949255,131,https://openlibrary.org/works/OL98459W,https://covers.openlibrary.org/b/id/12727001-M.jpg,Open Library API
1968,,,Dragonflight,Anne McCaffrey,3.8666666,45.0,,,"Pern (Imaginary place), Science Fiction, Fantasy fiction, Juvenile fiction, Fiction in English, Fiction, Fantasy, Life on other planets, Space colonies, Dragons",,1968,"eng, fre, fin, spa, heb, tur, ger, ita","Brilliance Audio on MP3-CD Lib Ed, Del Rey, Del Ray, Acervo, Sifriyat Maʻariv",9781491510971,78,https://openlibrary.org/works/OL73387W,https://covers.openlibrary.org/b/id/10306696-M.jpg,Open Library API
1968,,,At the Mountains of Madness,"H.P. Lovecraft, Enrique Breccia",3.7906976,43.0,,,"Fiction, Fossils, Scientific expeditions, Stone carving, Collection and preservation, Supernatural, Supernatural in literature, American Horror tales, Children's fiction, Horror stories",,1968,"eng, spa","Voyager, Sounds Terrifying, Open Road Media Sci-Fi & Fantasy, Del Rey, Ballantine Books",8420636401,19,https://openlibrary.org/works/OL152268W,https://covers.openlibrary.org/b/id/6610039-M.jpg,Open Library API
1968,,,Caps for Sale,Esphyr Slobodkina,4.0,18.0,,,"Peddlers and peddling, Juvenile fiction, Monkeys, Blind, Books and reading, Peddlers, Hats, Children: Kindergarten, folk tales, picture books",,1968,eng,"Live Oak Media, Littlehampton Book Services Ltd, Weston Woods, HarperTrophy, Scholastic Audio Cassette",1591126975,18,https://openlibrary.org/works/OL278245W,https://covers.openlibrary.org/b/id/50821-M.jpg,Open Library API
1968,,,Do Androids Dream of Electric Sheep?,Philip K. Dick,4.0503144,159.0,,,"Androids, Fiction, Rick Deckard (Fictitious character), Science Fiction, Twenty-first century, open_syllabus_project, Bounty hunters, Fiction, science fiction, general, Large type books, Movie-TV Tie-In",,1968,"chi, hrv, eng, jpn, rus, fre, spa, heb, por, tur, ger, ita","Hayakawa Books, pocket eldhasa, Booket, HarperCollins, J'AI LU",2874270970,90,https://openlibrary.org/works/OL2172356W,https://covers.openlibrary.org/b/id/207515-M.jpg,Open Library API
1968,,,In Watermelon Sugar,"Richard Brautigan, Richard Brautigan, richard brautigan",4.285714,7.0,,,"Fiction, general, Children's fiction",,1968,eng,"Penguin Random House, Dell Pub. Co., dell publishing co, inc., Four Seasons, Laurel Leaf Library",9780099437598,17,https://openlibrary.org/works/OL29654W,https://covers.openlibrary.org/b/id/74366-M.jpg,Open Library API
1968,,,Corduroy,Don Freeman,4.0,27.0,,,"Chinese language materials, Corduroy (Fictitions character), Day, Department stores, Fiction, Juvenile fiction, Picture books, Teddy bears, Toys, Percussion instruments",,1968,"eng, chi, heb, spa","Jing Lian He Chu Ban Gong Si, Perfection Form Co, Viking Books for Young Readers, Perfection Learning, Puffin",9780590600903,57,https://openlibrary.org/works/OL4114525W,https://covers.openlibrary.org/b/id/1333207-M.jpg,Open Library API
1969,,,Ubik,Philip K. Dick,3.9452055,73.0,,,"Fiction, Death, Businessmen, Explosions, Science Fiction, Fiction, science fiction, general, Iowa, fiction, Fiction, humorous, FICTION / Science Fiction / General, FICTION / Literary",,1969,"cmn, pol, fre, eng, gre, spa, ger, por, ita","Knopf Doubleday Publishing Group, Ulverscroft Ltd, Phoenix, Suhrkamp, Brilliance Audio",9783518369401,68,https://openlibrary.org/works/OL2172454W,https://covers.openlibrary.org/b/id/5018327-M.jpg,Open Library API
1969,,,The Godfather,Mario Puzo,4.2444444,45.0,,,"Detective and mystery stories, Organized crime, Criminals, Italian Americans, Mafia, Fiction, Criminals in fiction, Drama, Italian Americans in fiction, Mafia in fiction",,1969,"chi, eng, jpn, rus, fre, ger, spa, pol, enm, ita, dut, vie","Koch, Neff & Oetinger & Co, Corbaccio, Penguin Random House, New Amer Library Trade, Arrow Books Ltd",0099499665,109,https://openlibrary.org/works/OL1673205W,https://covers.openlibrary.org/b/id/6507069-M.jpg,Open Library API
1969,,,Nightfall,Isaac Asimov,4.185185,27.0,,,"American Science fiction, American Fantasy fiction, Fiction, science fiction, general, Science fiction",,1969,"rus, fre, por, spa, eng","Plaza & Janes, Fawcett Pub., Random House Publish, Doubleday, New York, TERRE DE BRUME",9782843623103,27,https://openlibrary.org/works/OL46374W,https://covers.openlibrary.org/b/id/9302081-M.jpg,Open Library API
1969,,,Dune Messiah,Frank Herbert,3.9481483,135.0,,,"American Science fiction, Dune (Imaginary place), Fiction, Imaginary places, Science Fiction, Translations into Russian, Novela, Dune (Lugar imaginario), Lectures et morceaux choisis, Anglais (langue)",,1969,"ger, eng, tur, pol, spa, und, por, dut, rus, fre","CORONET (HODD), Editora Aleph, Heyne Verlag, Acervo, New English Library",9780425053140,70,https://openlibrary.org/works/OL893526W,https://covers.openlibrary.org/b/id/2421405-M.jpg,Open Library API
1969,,,Americanah,Chimamanda Ngozi Adichie,3.8222222,45.0,,,"Nigerians, Immigrants, Refugees, African-Americans, literary fiction, African-American fiction, cultural heritage, Fiction, blogging, romance",,1969,"spa, eng, dut, fre, hrv, tur, jpn, rus","fanbooks, Thorndike Press, Munshiram Manoharlal Publishers Pvt. Ltd., Can Yayınları, Gallimard",9781410486134,56,https://openlibrary.org/works/OL16805415W,https://covers.openlibrary.org/b/id/8474037-M.jpg,Open Library API
1969,,,Hallowe'en Party,Agatha Christie,3.4666667,15.0,,,"Fiction, Mystery, Murder, Murder Mystery, Private investigators, Private investigators in fiction, Hercule Poirot (Fictitious character), Senior detectives, Drowning victims, Murder investigations",,1969,"ger, eng, pol, vie, spa, ita, dut, chi, fre","Harpercollins, Dodd, Mead & Company, Center Point Publishing, Fontana/Collins, Columna CAT",0063352133,100,https://openlibrary.org/works/OL471832W,https://covers.openlibrary.org/b/id/11160095-M.jpg,Open Library API
1969,,,The Very Hungry Caterpillar,Eric Carle,4.009804,102.0,,,"Children's fiction, Caterpillars, fiction, Toy and movable books, Fiction, Caterpillars, German language materials, Italian language materials, Specimens, Translations into Chinese, Chinese language edition",,1969,"ger, heb, eng, jpn, tha, vie, som, spa, per, wel, chi, ita, kir, guj, dut, rus, ara, fre","A. Mondadori, HarperCollins Publishers, Penguin Random House, Brand: Philomel, Deutscher Taschenb",849662952X,178,https://openlibrary.org/works/OL52987W,https://covers.openlibrary.org/b/id/7835968-M.jpg,Open Library API
1969,,,Portnoy's Complaint,Philip Roth,3.7058823,17.0,,,"Coming of age, Mothers and sons, Czech fiction, Young men in fiction, Jewish men in fiction, Fiction, Jewish men, Sex addicts, Young men, Mothers and sons in fiction",,1969,"ita, spa, fre, cat, rus, eng, ger, heb, und, cze, por","Random house, Bantam Books, Guild, Transworld Publishers, Suma de Letras",9788535922264,79,https://openlibrary.org/works/OL74676W,https://covers.openlibrary.org/b/id/6458427-M.jpg,Open Library API
1969,,,Delta of Venus,"Anaïs Nin, N Clarke",3.875,8.0,,,"American Erotic stories, Fiction, erotica, general, Fiction, short stories (single author), Translations into Russian, Erotic stories, American, Histoires érotiques américaines, Fiction, Fiction, erotica, American Short stories, Sexuality",,1969,"eng, rus, fre, heb, spa, ger","Harcour, Ebury Publishing, ANAIS NIN, Le livre de poche, Droemer Knaur",0140184708,60,https://openlibrary.org/works/OL278323W,https://covers.openlibrary.org/b/id/5731296-M.jpg,Open Library API
1969,,,The Ship Who Sang,Anne McCaffrey,4.2727275,11.0,,,"Fiction in English, Space ships, Cyborgs, Fiction, Fiction, fantasy, general",,1969,"heb, eng, ger","Walker, Deutscher Bücherbund, Turtleback Books Distributed by Demco Media, Corgi, Del Rey",0552119369,22,https://openlibrary.org/works/OL73367W,https://covers.openlibrary.org/b/id/207261-M.jpg,Open Library API
1970,,,"Are You There God? It's Me, Margaret.",Judy Blume,4.1842103,38.0,,,"Children's Middle Grade Books, young adult novels, puberty, menarche, Christians, Jews, prayer, sanitary napkins, menstruation, Seven Minutes in Heaven",,1970,"eng, dan, fre, spa","MACMILLAN CHILDREN'S BOOKS, Editorial Oceano de Mexico, atheneum, Kolektif Kitap, Richard Jackson Books/Athaneum Books for Young Readers",9781447223955,66,https://openlibrary.org/works/OL268217W,https://covers.openlibrary.org/b/id/12388102-M.jpg,Open Library API
1970,,,The Chronicles of Narnia,C. S. Lewis,4.1686745,83.0,,,"Fantasy fiction, Fiction, Juvenile works, Juvenile fiction, Juvenile audience, good and evil, children, fantasy, Action and adventure fiction, Princes",,1970,"eng, rus, pol, spa","Media Rodzina, Collier Books, Rayo, HarperCollins Children's Books, HarperCollins Publishers",0064405370,60,https://openlibrary.org/works/OL70988W,https://covers.openlibrary.org/b/id/9321656-M.jpg,Open Library API
1970,,,The Bluest Eye,Toni Morrison,4.193548,31.0,,,"foster care, Dick and Jane, flashback, White Anglo-Saxon Protestants, inferiority complex, whiteness, third-person narrative, Coming of age, African American fiction, Eye",,1970,"tur, heb, spa, fre, ger, eng, por","Companhia Das Letras, Sel Yayıncılık, Holt McDougal, RosettaBooks, Washington Square Press",1583425381,63,https://openlibrary.org/works/OL50565W,https://covers.openlibrary.org/b/id/15152696-M.jpg,Open Library API
1970,,,Runaway Ralph,Beverly Cleary,4.2987013,77.0,,,"watchdogs, motorcycling, camping, running away, summer camp, summer, Juvenile fiction, Mice, Fiction, Mice -- Fiction",,1970,"spa, und, eng","Avon Camelot, Listening Library, Puffin, Hamish Hamilton, HarperTrophy",0062040553,60,https://openlibrary.org/works/OL151956W,https://covers.openlibrary.org/b/id/15033545-M.jpg,Open Library API
1970,,,Savage surrender,Charlotte Lamb,3.875,16.0,,,"Fiction in English, Fiction, Romance, Contemporary, Love triangle, fiction",,1970,eng,"Mills & Boon, Harlequin Presents 401, Mills and Boon, Mills and boon",0263096599,4,https://openlibrary.org/works/OL11277308W,https://covers.openlibrary.org/b/id/6277480-M.jpg,Open Library API
1970,,,Works (Buried Talents / Dance of the Dead / Dress of White Silk / From Shadowed Places / I Am Legend / Mad House / Person to Person / Prey / The Funeral / The Near Departed / Witch War),Richard Matheson,4.173913,23.0,,,"Occult, American Horror tales, Vampires, Epidemics, Horror, Fiction, Science Fiction, Horror fiction, Horror tales, Short stories",,1970,"chi, eng","Tor Books, tor, Tom Doherty Associates, Tom Doherty Assoc Llc, Blackstone Audio Inc.",0765318741,9,https://openlibrary.org/works/OL64225W,https://covers.openlibrary.org/b/id/6462252-M.jpg,Open Library API
1970,,,Fantastic Mr Fox,Roald Dahl,3.982301,113.0,,,"Animals, Hunger, Open Library Staff Picks, Juvenile fiction, Children's stories, English, Foxes, Fiction, Zorros, Ficción juvenil, Tunnels",,1970,"ger, eng, pol, spa, wel, sco, chi, ita, baq, jpn, dan, fre","Santillana USA, Itchy Coo, Harper Collins, Gallimard, Alfaguara Infantil",9781855496743,139,https://openlibrary.org/works/OL45804W,https://covers.openlibrary.org/b/id/6498519-M.jpg,Open Library API
1970,,,The Trumpet of the Swan,E. B. White,4.5,22.0,,,"Cisnes, Ficción juvenil, Fiction, Juvenile fiction, Swans, Trumpeter swan, Children's stories, Stories, Children's fiction, Swans, fiction",,1970,"chi, spa, fre, eng","HarperCollins Children's Books, Penguin Books, Limited, Bolinda audio, Tandem Library, HarperCollins Publishers",9781486286188,43,https://openlibrary.org/works/OL483387W,https://covers.openlibrary.org/b/id/50627-M.jpg,Open Library API
1970,,,Sweet Revenge,Anne Mather,3.7058823,17.0,,,"Fiction, Romance, Contemporary",,1970,eng,"Harlequin Enterprises ULC, Harlequin Books, Mills & Boon",0263514366,3,https://openlibrary.org/works/OL3771180W,https://covers.openlibrary.org/b/id/7321461-M.jpg,Open Library API
1970,,,Nine Princes in Amber,Roger Zelazny,3.9444444,36.0,,,"Parallel Worlds, Amber (Imaginary place), Fiction, Fantasy, Reading Level-Grade 11, Reading Level-Grade 10, Reading Level-Grade 12, Large type books, Amber (imaginary place), fiction, Fiction, science fiction, general",,1970,"eng, fre, heb","Faber and Faber Ltd, Doubleday, DENOEL, Sphere, Sunset Productions",9780722194393,22,https://openlibrary.org/works/OL13977W,https://covers.openlibrary.org/b/id/535139-M.jpg,Open Library API
1971,,,The Exorcist,William Peter Blatty,4.130435,23.0,,,"Fiction, Horror, horror fiction, demonic possession, Gothic Revival, priests, demons, bishops, heart arrhythmia, Jesuits",,1971,"ger, eng, spa, ita, por, dut, fre","Obscura Editorial, SL, Harpercollins, Corgi Adult, Ekdose, J'ai lu",9782221087725,77,https://openlibrary.org/works/OL927199W,https://covers.openlibrary.org/b/id/12715730-M.jpg,Open Library API
1971,,,The Tombs of Atuan,Ursula K. Le Guin,3.9107144,56.0,,,"Magic, Novela fantástica estadounidense, Magic in fiction, Fiction, Fantasy, Wizards, American Fantasy fiction, Children's stories, Wizards in fiction, Magic -- Fiction",,1971,"pol, ger, und, chi, spa, swe, eng","Minotauro, Pocket, Atheneum, Orion Publishing Group, Limited, MINOTAURO",0575033258,67,https://openlibrary.org/works/OL59801W,https://covers.openlibrary.org/b/id/6633403-M.jpg,Open Library API
1971,,,The Lathe of Heaven,Ursula K. Le Guin,4.0408163,49.0,,,"Dreams, Fiction, Fiction in English, Science fiction, Dystopian fiction, Nature, Psychotherapist and patient, Social change, Effect of human beings on, Dreams -- Fiction",,1971,"fre, pol, chi, heb, por, spa, tur, eng, ita","Keter, Minotauro, Metis, Orion Publishing Group, Limited, MINOTAURO",9789722331562,40,https://openlibrary.org/works/OL59858W,https://covers.openlibrary.org/b/id/26458-M.jpg,Open Library API
1971,,,"That was then, this is now",S. E. Hinton,4.647059,17.0,,,"Fiction, Social problems, Friendship, Juvenile fiction, Drug abuse, Young adult fiction, Teenagers, Children's fiction, Drugs, fiction, Social problems, fiction",,1971,"eng, und","Gollancz, Puffin Books, Demco Media, Speak, an imprint of Penguin Putnam, Collins",9780844663715,18,https://openlibrary.org/works/OL2718327W,https://covers.openlibrary.org/b/id/14419013-M.jpg,Open Library API
1971,,,Maurice,E. M. Forster,3.6923077,13.0,,,"Fiction, Gay men, Gay men in fiction, England in fiction, University of Cambridge, University of Cambridge in fiction, Fiction in English, Criticism and interpretation, Coming of age, Homosexuality",,1971,"heb, eng, spa, ita, dut, fre","Alianza Editorial Sa, Plume, Penguin BOOKS LTD, Audible Studios on Brilliance Audio, Christian Bourgois",8432204668,59,https://openlibrary.org/works/OL88877W,https://covers.openlibrary.org/b/id/1364882-M.jpg,Open Library API
1971,,,The Day of the Jackal,Frederick Forsyth,4.2105265,19.0,,,"Fiction, Literature, Assassination attempts, Assassins, Attempted assassination, France, fiction, Fiction, espionage, Fiction, historical, Fiction, thrillers, espionage, Fiction, historical, general",,1971,"eng, spa, ger, rus, jpn, ita","Bantam Books, Curley Pub., Blackstone Audio, Inc., Corgi, Books On Tape, INC.",1441711651,68,https://openlibrary.org/works/OL7923819W,https://covers.openlibrary.org/b/id/77394-M.jpg,Open Library API
1971,,,To your scattered bodies go,Philip José Farmer,3.5652175,23.0,,,"Hugo Award Winner, Fiction in English, award:hugo_award=novel, award:hugo_award=1972, Science fiction, Riverworld (imaginary place), fiction, Fiction, science fiction, general",,1971,"eng, spa","SFBC Science Fiction, Panther, Gregg Press, Science Fiction Book Club, SFBC",9780425050262,26,https://openlibrary.org/works/OL273080W,https://covers.openlibrary.org/b/id/382159-M.jpg,Open Library API
1971,,,Go Ask Alice,Beatrice Sparks,3.6862745,51.0,,,"homelessness, bad trips, psychiatric hospitals, child prostitution, probation, hitchhiking, child sexual abuse, heroin, rape, psychedelic experiences",,1971,"eng, spa, fre","Simon and Schuster Books for Young Readers, Martinez Roca S a Ediciones, Prentice Hall, Methuen, Vintage Books",1784873179,41,https://openlibrary.org/works/OL264729W,https://covers.openlibrary.org/b/id/8749018-M.jpg,Open Library API
1971,,,Grendel,John Gardner,4.1764708,17.0,,,"Fantasy fiction, Beowulf, Monsters, Adaptations, Fiction, Epic poetry, English (Old), Heroes, Dragons, Medieval Civilization, Civilization, Anglo-Saxon",,1971,"ger, eng","Milena Verlag, Recorded Books, Macmillan, Recorded Books, Inc. and Blackstone Publishing, Vintage",9780345250766,35,https://openlibrary.org/works/OL280307W,https://covers.openlibrary.org/b/id/419836-M.jpg,Open Library API
1971,,,Rooster who set out to see the world,Eric Carle,3.7777777,18.0,,,"Juvenile fiction, Animals, Counting, Animals in fiction, Set theory, Fiction, Numbers, Roosters, Children's fiction, Roosters, fiction",,1971,"ita, spa, fre, eng, ger, heb","Mavibulut Yayinlari, Gerstenberg, Scholastic, Perfection Learning Prebound, Franklin Watts",9781484402399,36,https://openlibrary.org/works/OL53026W,https://covers.openlibrary.org/b/id/1642391-M.jpg,Open Library API
1972,,,Watership Down,Richard Adams,4.1359224,103.0,,,"Rabbits, Adventure and adventurers, Open Library Staff Picks, Fiction, Children's stories, Survival, Juvenile fiction, Adventure stories, English Fantasy fiction, Nature",,1972,"ger, heb, eng, kor, vie, dan, rus, ita, dut, chi, fin","Amfora, Charnwood, Potter/Ten Speed/Harmony/Rodale, Highbridge Audio, Avon",6068811743,97,https://openlibrary.org/works/OL2096536W,https://covers.openlibrary.org/b/id/6450196-M.jpg,Open Library API
1972,,,I Have No Mouth and I Must Scream,Harlan Ellison,4.116279,43.0,,,"Fiction, science fiction, collections & anthologies",,1972,eng,"Audio Literature, Pyramid Books, Ace Books",9780441363957,5,https://openlibrary.org/works/OL1737320W,https://covers.openlibrary.org/b/id/5540875-M.jpg,Open Library API
1972,,,The Farthest Shore,Ursula K. Le Guin,3.8958333,48.0,,,"Magic, Magia, Fantasy fiction, Fiction in English, Fiction, Fantasy, Wizards, Children's stories, Ficción, Large type books",,1972,"ger, heb, eng, tur, spa, und, ita, cat, swe, chi, fre","Atheneum Books for Young Readers, Zemorah, Bitan, Minotauro, Turtleback Books Distributed by Demco Media, MINOTAURO",975342079X,65,https://openlibrary.org/works/OL59855W,https://covers.openlibrary.org/b/id/6498990-M.jpg,Open Library API
1972,,,Tales of a Fourth Grade Nothing,Judy Blume,4.185185,27.0,,,"turtles, Humorous stories, Brothers, Juvenile fiction, Family life, Fiction, Family, Brothers and sisters, Families, Humorous fiction",,1972,"fre, eng","Penguin Publishing Group, Chivers Press, Demco Media, A Yearling Publishing Book, Scholastic, Inc.",0784830460,56,https://openlibrary.org/works/OL1838382W,https://covers.openlibrary.org/b/id/9268263-M.jpg,Open Library API
1972,,,The Stepford Wives,Ira Levin,3.6666667,30.0,,,"horror tales, conspiracy, photographers, satire, thriller, horror fiction, Married women, Robots, Fiction, Science fiction",,1972,"slo, spa, eng, por, fre, ger","Fawcett, Klett, Sander, Vydavatel'sto Motyl, Trafalgar Square",8723901683,41,https://openlibrary.org/works/OL28319W,https://covers.openlibrary.org/b/id/8409254-M.jpg,Open Library API
1972,,,Charlie and the Great Glass Elevator,Roald Dahl,3.528302,53.0,,,"Charlie Bucket (Fictitious character), Juvenile fiction, Children's fiction, Outer space, fiction, Science fiction, Humorous stories, Outer space, Fiction, Eccentrics and eccentricities, Chocolate industry",,1972,"tur, fre, por, wel, eng, chi, spa, ger, und, rus, pol, jpn, ita","Sigong Junior  시공주니어, Bantam Books, Alfaguara, Santillana Educación, S.L., Folio Junior",9789707702516,113,https://openlibrary.org/works/OL45793W,https://covers.openlibrary.org/b/id/7893583-M.jpg,Open Library API
1972,,,Lady of Quality,Georgette Heyer,4.0454545,22.0,,,"Fiction, Romance, Historical, Regency, Love stories, History, Great Britain, fiction, English fiction, Heiresses, Female friendship, Guardian and ward, Runaway women, American Historical fiction",,1972,"tur, eng, ger","Bantam Books, Koridor, Penguin Random House, E P Dutton, Sourcebooks Casablanca",9781446456309,30,https://openlibrary.org/works/OL4092569W,https://covers.openlibrary.org/b/id/78593-M.jpg,Open Library API
1972,,,Bridge to Terabithia,Katherine Paterson,4.140351,57.0,,,"Amistad, Children's stories, Death, Ficción juvenil, Fiction, Friendship, Grief, History, Juvenile fiction, Muerte",,1972,"spa, eng, dut, fre, pol, chi, heb, rus, afr","Thorndike Press, Azbuka, Library Reproduction Services, Rageot, HarperChildrensAudio",0758700032,103,https://openlibrary.org/works/OL27079W,https://covers.openlibrary.org/b/id/12627341-M.jpg,Open Library API
1972,,,The Gods Themselves,Isaac Asimov,4.0444446,45.0,,,"Fiction in English, Hugo Award Winner, award:hugo_award=1973, award:hugo_award=novel, Science fiction, American Science fiction, Fiction, science fiction, general, award:nebula_award=novel, Technology and civilization, Fiction",,1972,"pol, spa, tur, ger, por, fre, chi, eng, ita","Tandem Library, Fawcett Crest, Grafton, Gollancz, Doubleday",0575129050,49,https://openlibrary.org/works/OL46395W,https://covers.openlibrary.org/b/id/15138118-M.jpg,Open Library API
1972,,,The dark is rising,Susan Cooper,4.0,20.0,,,"Fiction, Fantasy, Good and evil, Juvenile fiction, Will Stanton (Fictitious character), Magic, Fantasies, Children's fiction, Fantasy fiction, Magic, fiction",,1972,"swe, chi, und, fre, eng, spa, ger","Chatto & Windus, ISIS Large Print Books, Puffin Books, Atheneum, Hunan shao nian er tong chu ban she",9780689303173,58,https://openlibrary.org/works/OL894245W,https://covers.openlibrary.org/b/id/9363540-M.jpg,Open Library API
1973,,,The Princess Bride,William Goldman,4.244898,98.0,,,"Castles, Fiction, Princesses, Good and evil, Princes, Fiction, action & adventure, Fiction, fantasy, general, Fiction, romance, fantasy, Romance fiction, Fantasy",,1973,eng,"Tandem Library, Perfection Learning Prebound, Dove Entertainment Inc, Futura, Severn House Publishers Ltd",9780345916129,31,https://openlibrary.org/works/OL486967W,https://covers.openlibrary.org/b/id/9284881-M.jpg,Open Library API
1973,,,The ones who walk away from Omelas,Ursula K. Le Guin,4.275,40.0,,,"Fantasy, Conduct of life, Fiction, Children's fiction, Fantasy fiction, Fiction, science fiction, general",,1973,"eng, spa","Almagesto, Harper Perennial, Nordica, Publisher ... enter here, Creative Education",8418930470,8,https://openlibrary.org/works/OL15056584W,https://covers.openlibrary.org/b/id/3993167-M.jpg,Open Library API
1973,,,"Momo oder Die seltsame Geschichte von den Zeit-Dieben und von dem Kind, das den Menschen die gestohlene Zeit zurückbrachte",Michael Ende,4.529412,34.0,,,"Girls, Juvenile fiction, Time, Literatura infantil alemana, fiction, fantasy, interest, tortoises, future, lilies",,1973,"slo, tha, por, baq, ara, bul, kor, gre, slv, per, dut, ger, rus, pol, lit, ita, tur, fre, heb, jpn, cat, ast, eng, chi, spa, est, vie, dan, swe, glg","Gyldendal, Nhã Nam, PUNTO DE LECTURA, Tiritamm, Punto de Lectura",9781592394142,108,https://openlibrary.org/works/OL2271626W,https://covers.openlibrary.org/b/id/8574580-M.jpg,Open Library API
1973,,,The Book of Dragons,Edith Nesbit,3.7857144,14.0,,,"Juvenile fiction, Children's stories, English, Fiction, Fairy tales, Dragons, Short stories, Children: Grades 2-3, Children's fiction, Dragons, fiction, Children's stories",,1973,"spa, eng, fre","Wyatt North, Random House Children's Books, Cloud Cover Classics, Createspace Independent Publishing Platform, Read & Co. Children's",1792863683,706,https://openlibrary.org/works/OL99529W,https://covers.openlibrary.org/b/id/4342323-M.jpg,Open Library API
1973,,,Sula,Toni Morrison,3.804878,41.0,,,"Fiction, African American women, Female friendship, City and town life, Romans, nouvelles, Fiction in English, Amitié féminine, Vie urbaine, Noires américaines, Literature",,1973,"spa, eng, tur, fre, ger","Thorndike Press, Sel Yayincilik, Plume, Random House Audio, Columna CAT",9780553138450,55,https://openlibrary.org/works/OL50567W,https://covers.openlibrary.org/b/id/8384008-M.jpg,Open Library API
1973,,,Jaws,Peter Benchley,4.3913045,23.0,,,"blue sharks, dolphins, shark cage diving, bang sticks, harpoons, Mafia, selectmen, connivance, great white sharks, thrillers",,1973,"eng, ger, chi, fre, spa, rus","Huang guan chu ban she, Pan Publishing, Pearson Education, Limited, Audiogo, Pan Books",1602835837,58,https://openlibrary.org/works/OL3454854W,https://covers.openlibrary.org/b/id/8440296-M.jpg,Open Library API
1973,,,Breakfast of Champions,Kurt Vonnegut,3.8656716,67.0,,,"Authorship, Science fiction, Fiction, Classic Literature, Drama, American fiction (fictional works by one author), Humorous stories, Satire, Kilgore Trout (Fictitious character), Sexuality",,1973,"fre, eng, rus","Tandem Library, KRISTALL, Seuil, Delacorte Press/Seymour Lawrence, Caedmon Audio Cassette",0440131480,26,https://openlibrary.org/works/OL98488W,https://covers.openlibrary.org/b/id/280213-M.jpg,Open Library API
1973,,,Anak Semua Bangsa,Pramoedya Ananta Toer,4.5,12.0,,,"Fiction, general, History, Fiction, Indonesia, fiction, Anti-imperialist movements, Indonesian fiction",,1973,"chi, dut, eng, spa, ind","Hasta Mitra, Penguin (Non-Classics), Destino Ediciones, Unionsverlag, Beijing da xue chu ban she",0688127266,13,https://openlibrary.org/works/OL307178W,https://covers.openlibrary.org/b/id/6635926-M.jpg,Open Library API
1973,,,The House with a Clock in Its Walls,John Bellairs,4.2352943,17.0,,,"Magic, Fiction, Children's stories, Juvenile fiction, Magicians, Juvenile works, Juvenile audience, clocks, Halloween, tombs",,1973,"pol, fre, spa, eng","BWI Bound, Listening Library, Amber, Penguin Publishing Group, Turtleback Books Distributed by Demco Media",9780091328009,41,https://openlibrary.org/works/OL3338193W,https://covers.openlibrary.org/b/id/12667783-M.jpg,Open Library API
1973,,,Rubyfruit Jungle,Rita Mae Brown,3.9166667,12.0,,,"Lesbians, Fiction, Fiction in English, Sexuality, Fiction, lesbian, LGBTQ novels, Fiction, lgbtq+, lesbian",,1973,"ita, eng, heb, ger","Sifriyat poʻalim, Vintage Books, Transworld Publishers Limited, Smashwords, Quality Paperback Book Club",9780553111477,35,https://openlibrary.org/works/OL29528W,https://covers.openlibrary.org/b/id/1019736-M.jpg,Open Library API
1974,,,The Mote in God's Eye,"Larry Niven, Jerry Pournelle, L.J. Ganser",4.0425534,47.0,,,"American Science fiction, Science fiction, Fiction in English, Life on other planets, Fiction, Fiction, science fiction, general, American literature",,1974,"eng, spa, fre","Le Bélial, Simon and Schuster, Spectrum Literary Agency, Minotauro, Albin Michel",9780671491758,31,https://openlibrary.org/works/OL15331302W,https://covers.openlibrary.org/b/id/408133-M.jpg,Open Library API
1974,,,The Dispossessed,Ursula K. Le Guin,4.428571,35.0,,,"Anarchism, Anarquismo, Ciencia-ficción, Communal living, Ficción, Fiction, Fiction in English, Físicos, Hugo Award Winner, Life on other planets",,1974,"cat, tur, fre, heb, por, dut, eng, chi, spa, gre, ger, pol, ita","Keter, Harper Paperbacks, Gollancz, Avon Books, Tandem Library",9780060504007,75,https://openlibrary.org/works/OL59863W,https://covers.openlibrary.org/b/id/6979680-M.jpg,Open Library API
1974,,,Leopard in the Snow,Anne Mather,3.5,20.0,,,"Fiction, Romance, Contemporary, Prisoner, fiction, Car racing, fiction, Death, fiction, Grief, fiction, Loss, fiction, Robbing the cradle, fiction",,1974,eng,"Magna Large Print Books, Mills & Boon, Harlequin Books, Oxford University Press, Harlequin",9780263726398,9,https://openlibrary.org/works/OL3771279W,https://covers.openlibrary.org/b/id/6968334-M.jpg,Open Library API
1974,,,The Forever War,Joe Haldeman,4.101124,89.0,,,"Aging, Hugo Award Winner, Fiction in English, Aging in fiction, Space and time, Fiction, Space and time in fiction, Space warfare, Science fiction comic books, strips, award:hugo_award=1976",,1974,"por, fre, eng, spa, ger","J'AI LU, Dargaud, Thomas Dunne Books, J'ai lu, Gollancz",3453304675,44,https://openlibrary.org/works/OL271163W,https://covers.openlibrary.org/b/id/10693768-M.jpg,Open Library API
1974,,,Carrie,Stephen King,4.006024,166.0,,,"occult & supernatural fiction, horror fiction, psychological thrillers, Fiction, Horror, American Horror tales, thriller, Epistolary novel, telekinesis, Menarche",,1974,"ita, spa, fre, ger, eng, rus, por, chi","Bastei-Verlag Gustav H. Lübbe GmbH & Co., Editora Objetiva, Forward Press, Plaza & Janés Editores, DoubleDay",9780451139795,118,https://openlibrary.org/works/OL81626W,https://covers.openlibrary.org/b/id/9256043-M.jpg,Open Library API
1974,,,"Flow my tears, the policeman said",Philip K. Dick,3.8181818,22.0,,,"Fiction, Identity (Psychology), Science Fiction, Television personalities, Fiction, science fiction, general, Large type books, FICTION / Science Fiction / General, FICTION / Literary, General, Literary",,1974,"ger, heb, eng, pol, chi, fre","Mariner Books, Houghton Mifflin Harcourt Trade & Reference Publishers, FISCHER Taschenbuch, Alfa Yayinlari, Gollancz, an imprint of Orion Publishing, 2001",0879979690,35,https://openlibrary.org/works/OL2172518W,https://covers.openlibrary.org/b/id/9251771-M.jpg,Open Library API
1974,,,Post office,Charles Bukowski,3.7209303,43.0,,,"Fiction, Postal service, Employees, Classic Literature, United States Postal Service, Letter carriers, Alcoholics, Los angeles (calif.), fiction, Fiction, general, American fiction",,1974,"rus, ger, eng","Ecco, HarperCollins, Ecco Press, W.H. Allen, Black Sparrow Press",9780061492570,16,https://openlibrary.org/works/OL50457W,https://covers.openlibrary.org/b/id/670128-M.jpg,Open Library API
1974,,,"Not a Penny More, Not a Penny Less",Jeffrey Archer,3.857143,14.0,,,"Fiction in English, Fiction, general, Monte-carlo (monaco), fiction, Extortion, Fiction, Fiction, suspense, Crime, fiction, English fiction, Swindlers and swindling, Revenge",,1974,"eng, kor, pol, spa, ita, mar","Fawcett, JONATHAN CAPE / BOOK CLUB ASSOCIATES, Coronet, Harper Collins, Ballantine Books",9780261671270,70,https://openlibrary.org/works/OL1807075W,https://covers.openlibrary.org/b/id/14313723-M.jpg,Open Library API
1974,,,Kongres futurologiczny,Stanisław Lem,4.142857,21.0,,,"Polish fiction, Science fiction, future, Slavic philology, Fiction, science fiction, general, Polish Science fiction",,1974,"eng, fre, spa, pol, ger","Bruguera, Penguin Books, Limited, Harcourt Brace Jovanovich, Mandarin, J'ai lu",3518370340,25,https://openlibrary.org/works/OL2683552W,https://covers.openlibrary.org/b/id/4904082-M.jpg,Open Library API
1974,,,The Magic Of Living (Best of Betty Neels),Betty Neels,4.090909,11.0,,,"Fiction, Romance, Contemporary, Fiction in English",,1974,eng,"Harlequin Books (Mm), Ulverscroft Large Print, Mills & Boon, Linford, Harlequin",0263799107,12,https://openlibrary.org/works/OL3457793W,https://covers.openlibrary.org/b/id/218761-M.jpg,Open Library API
1975,,,The Impossible Boss,Jane Corrie,3.5555556,27.0,,,"Fiction in English, Romance fiction, Romance-language fiction, Secretaries, Fiction",,1975,eng,"Mills and Boon, Harlequin Books",9780263724073,3,https://openlibrary.org/works/OL4955616W,https://covers.openlibrary.org/b/id/6517245-M.jpg,Open Library API
1975,,,'Salem’s Lot,Stephen King,3.9895833,96.0,,,"Catholic Church, arson, Great Depression, hitmen, Horror fiction, City and town life, Cuentos de terror, Fiction, Vampires, Adapted for Television",,1975,"tur, fre, por, eng, spa, ger, rus, pol, ita","Plaza y Janés, BCA, Random House Proprietary, Alta, Knopf Doubleday Publishing Group",9780609810866,105,https://openlibrary.org/works/OL81632W,https://covers.openlibrary.org/b/id/14654118-M.jpg,Open Library API
1975,,,Tuck Everlasting,Natalie Babbitt,3.7674417,43.0,,,"Aging, Aging in fiction, Children's stories, Envejecimiento, Fantasy, Ficción juvenil, Fiction, Immortality, fairy tales, Immortality in fiction",,1975,"chi, spa, eng","Collins Educational, Farrar Straus Giroux, Bantam Books, Inc, Farrar, Straus, Giroux, Houghton Mifflin Harcourt (HMH)",9780395732670,23,https://openlibrary.org/works/OL2775698W,https://covers.openlibrary.org/b/id/1471164-M.jpg,Open Library API
1975,,,Iceberg,Clive Cussler,4.285714,14.0,,,"Adventure and adventurers, Fiction, Dirk Pitt (Fictitious character), Fiction, action & adventure, Pitt, dirk (fictitious character), fiction, Adventure and adventurers, fiction",,1975,"pol, eng, spa, ger, tur","Best bet digtal publishing, Goldmann, Dodd, Mead, Pocket, Sphere Books",0671786261,36,https://openlibrary.org/works/OL84922W,https://covers.openlibrary.org/b/id/12391288-M.jpg,Open Library API
1975,,,Curtain,Agatha Christie,4.3125,16.0,,,"Fiction, Hercule Poirot (Fictitious character), Private investigators, Detective and mystery stories, Murderers, Country homes, English Detective and mystery stories, English fiction, Mystery, Large type books",,1975,"vie, spa, eng, por, rus, pol, jpn, heb, chi, gre, fre, ger","NXB Công an nhân dân, Dodd, Mead and Company, מ. מזרחי, Yuan liu chu ban shi ye gu fen you xian gong si, Fontana",9789875800175,112,https://openlibrary.org/works/OL472470W,https://covers.openlibrary.org/b/id/12387503-M.jpg,Open Library API
1975,,,The Eagle has Landed,Henry Patterson,4.3846154,13.0,,,"Germany in fiction, Literature, Fiction in English, World War, 1939-1945 in fiction, Secret service, Fiction, World War, 1939-1945, Thriller, Language readers, Large type books",,1975,"ger, ita, eng, chi, fre, heb","Open Road Integrated Media, Inc., FISCHER Taschenbuch, Penguin Group UK, G. K. Hall, Turtleback",9780425177181,72,https://openlibrary.org/works/OL157343W,https://covers.openlibrary.org/b/id/271801-M.jpg,Open Library API
1975,,,Temporary Wife,Roberta Leigh,3.9130435,23.0,,,"Fiction, Romance, Contemporary",,1975,"und, eng","Harlequin Books, Harlequin, Mills & Boon, Mills & B.",9780373706099,4,https://openlibrary.org/works/OL4342716W,https://covers.openlibrary.org/b/id/8065142-M.jpg,Open Library API
1975,,,Where Are the Children?,Mary Higgins Clark,5.0,5.0,,,"Fiction, thrillers, general, Fiction, espionage, Death, Missing children, Open Library Staff Picks, Fiction, Missing persons, Mother and child, Children, FICTION / Thrillers / Suspense",,1975,"eng, fre, und, rus, ger, per, spa","Books On Tape, France loisirs, Simon & Schuster Audio and Blackstone Audio, Gardners Books, Pocket Books",9781508285700,43,https://openlibrary.org/works/OL12992W,https://covers.openlibrary.org/b/id/4796285-M.jpg,Open Library API
1975,,,"Danny, The Champion of the World",Roald Dahl,4.2222223,36.0,,,"Criminals, Adventure stories, Juvenile fiction, Poaching, Fathers and sons, Fiction, Parent and child, Humorous stories, Children's stories, Fathers",,1975,"ger, rum, eng, kor, pol, nor, spa, und, swe, wel, por, chi, fre","Viking Press, Santillana Educación, S.L., A.A. Knopf, Stock, Alfaguara",1855498642,96,https://openlibrary.org/works/OL45865W,https://covers.openlibrary.org/b/id/6794243-M.jpg,Open Library API
1975,,,Take What You Want,Anne Mather,3.7058823,17.0,,,"Fiction, Romance, Contemporary",,1975,eng,"Mills & Boon, harlequin books, Harlequin Enterprises ULC, Harlequin Books, Harlequin Mills & Boon, Limited",0373101260,8,https://openlibrary.org/works/OL3771297W,https://covers.openlibrary.org/b/id/6916537-M.jpg,Open Library API
